──────────────────────────────────────────────────
Bot started at 2026-03-07 19:38:18
──────────────────────────────────────────────────
DISCORD VERSION: 2.7.1
DISCORD FILE: /home/gavin/Discordbot/.venv/lib/python3.12/site-packages/discord/__init__.py
PYTHON: /home/gavin/Discordbot/.venv/bin/python
[module-registry] 9 module file(s) are not present yet; those modules will be skipped during startup.
Loaded extension: Modules.modules_cmd
Loaded extension: Modules.automod
Loaded extension: Modules.autorole
Loaded extension: Modules.fun
Loaded extension: Modules.leveling
Loaded extension: Modules.logging
Loaded extension: Modules.reactionrole
Loaded extension: Modules.setup_wizard
Loaded extension: Modules.test_module
Loaded extension: Modules.tickets
Loaded extension: Modules.translate
Loaded extension: Modules.welcome_leave
[module-registry] Loaded 11 extension(s).
[module-registry] Skipped 9 unavailable module extension(s): Modules.adaptive_slowmode, Modules.applications, Modules.calls, Modules.kofi, Modules.muterole, Modules.nickname, Modules.polls, Modules.support, Modules.verification
Ko-fi webhook server listening on :5000
🤖 Logged in as Coffecord#1804
✅ Persistent ticket views registered
Synced: 65
──────────────────────────────────────────────────
Bot started at 2026-03-07 19:56:07
──────────────────────────────────────────────────
DISCORD VERSION: 2.7.1
DISCORD FILE: /home/gavin/Discordbot/.venv/lib/python3.12/site-packages/discord/__init__.py
PYTHON: /home/gavin/Discordbot/.venv/bin/python
[module-registry] 9 module file(s) are not present yet; those modules will be skipped during startup.
Loaded extension: Modules.modules_cmd
Loaded extension: Modules.automod
Loaded extension: Modules.autorole
Loaded extension: Modules.fun
Loaded extension: Modules.leveling
Loaded extension: Modules.logging
Loaded extension: Modules.reactionrole
Loaded extension: Modules.setup_wizard
Loaded extension: Modules.test_module
Loaded extension: Modules.tickets
Loaded extension: Modules.translate
Loaded extension: Modules.welcome_leave
[module-registry] Loaded 11 extension(s).
[module-registry] Skipped 9 unavailable module extension(s): Modules.adaptive_slowmode, Modules.applications, Modules.calls, Modules.kofi, Modules.muterole, Modules.nickname, Modules.polls, Modules.support, Modules.verification
Ko-fi webhook server listening on :5000
🤖 Logged in as Coffecord#1804
✅ Persistent ticket views registered
Synced: 65
[CMD] /ticket_export | infamousgr_95424 (1168282467162136656) | Coffeecord Support Server#bot-help-infamousgr_95424
[CMD] /ticket_import | infamousgr_95424 (1168282467162136656) | Coffeecord Support Server#bot-help-infamousgr_95424
[CMD] /cat | infamousgr_95424 (1168282467162136656) | Coffeecord Support Server#bot-help-infamousgr_95424
[CMD] /level | infamousgr_95424 (1168282467162136656) | Coffeecord Support Server#bot-help-infamousgr_95424
[CMD] /dog | infamousgr_95424 (1168282467162136656) | Coffeecord Support Server#bot-help-infamousgr_95424
🤖 Logged in as Coffecord#1804
✅ Persistent ticket views registered
Synced: 65
──────────────────────────────────────────────────
Bot started at 2026-03-08 09:38:35
──────────────────────────────────────────────────
DISCORD VERSION: 2.7.1
DISCORD FILE: /home/gavin/Discordbot/.venv/lib/python3.12/site-packages/discord/__init__.py
PYTHON: /home/gavin/Discordbot/.venv/bin/python
[module-registry] 9 module file(s) are not present yet; those modules will be skipped during startup.
Loaded extension: Modules.modules_cmd
Loaded extension: Modules.automod
Loaded extension: Modules.autorole
Loaded extension: Modules.fun
Loaded extension: Modules.leveling
Loaded extension: Modules.logging
Loaded extension: Modules.reactionrole
Loaded extension: Modules.setup_wizard
Loaded extension: Modules.test_module
Loaded extension: Modules.tickets
Loaded extension: Modules.translate
Loaded extension: Modules.welcome_leave
[module-registry] Loaded 11 extension(s).
[module-registry] Skipped 9 unavailable module extension(s): Modules.adaptive_slowmode, Modules.applications, Modules.calls, Modules.kofi, Modules.muterole, Modules.nickname, Modules.polls, Modules.support, Modules.verification
Ko-fi webhook server listening on :5000
🤖 Logged in as Coffecord#1804
✅ Persistent ticket views registered
Synced: 65
🤖 Logged in as Coffecord#1804
✅ Persistent ticket views registered
Synced: 65
🤖 Logged in as Coffecord#1804
✅ Persistent ticket views registered
Synced: 65
🤖 Logged in as Coffecord#1804
✅ Persistent ticket views registered
Synced: 65
──────────────────────────────────────────────────
Bot started at 2026-03-08 15:13:22
──────────────────────────────────────────────────
DISCORD VERSION: 2.7.1
DISCORD FILE: /home/gavin/Discordbot/.venv/lib/python3.12/site-packages/discord/__init__.py
PYTHON: /home/gavin/Discordbot/.venv/bin/python
[module-registry] 9 module file(s) are not present yet; those modules will be skipped during startup.
Loaded extension: Modules.modules_cmd
Loaded extension: Modules.automod
Loaded extension: Modules.autorole
Loaded extension: Modules.fun
Loaded extension: Modules.leveling
Loaded extension: Modules.logging
Loaded extension: Modules.reactionrole
Loaded extension: Modules.setup_wizard
Loaded extension: Modules.test_module
Loaded extension: Modules.tickets
Loaded extension: Modules.translate
Loaded extension: Modules.welcome_leave
[module-registry] Loaded 11 extension(s).
[module-registry] Skipped 9 unavailable module extension(s): Modules.adaptive_slowmode, Modules.applications, Modules.calls, Modules.kofi, Modules.muterole, Modules.nickname, Modules.polls, Modules.support, Modules.verification
Ko-fi webhook server listening on :5000
🤖 Logged in as Coffecord#1804
✅ Persistent ticket views registered
Synced: 65
──────────────────────────────────────────────────
Bot started at 2026-03-08 17:02:20
──────────────────────────────────────────────────
DISCORD VERSION: 2.7.1
DISCORD FILE: /home/gavin/Discordbot/.venv/lib/python3.12/site-packages/discord/__init__.py
PYTHON: /home/gavin/Discordbot/.venv/bin/python
[module-registry] 9 module file(s) are not present yet; those modules will be skipped during startup.
Loaded extension: Modules.modules_cmd
Loaded extension: Modules.automod
Loaded extension: Modules.autorole
Loaded extension: Modules.fun
Loaded extension: Modules.leveling
Loaded extension: Modules.logging
Loaded extension: Modules.reactionrole
Loaded extension: Modules.setup_wizard
Loaded extension: Modules.test_module
Loaded extension: Modules.tickets
Loaded extension: Modules.translate
Loaded extension: Modules.welcome_leave
[module-registry] Loaded 11 extension(s).
[module-registry] Skipped 9 unavailable module extension(s): Modules.adaptive_slowmode, Modules.applications, Modules.calls, Modules.kofi, Modules.muterole, Modules.nickname, Modules.polls, Modules.support, Modules.verification
Ko-fi webhook server listening on :5000
🤖 Logged in as Coffecord#1804
✅ Persistent ticket views registered
Synced: 65
──────────────────────────────────────────────────
Bot started at 2026-03-08 18:50:17
──────────────────────────────────────────────────
DISCORD VERSION: 2.7.1
DISCORD FILE: /home/gavin/Discordbot/.venv/lib/python3.12/site-packages/discord/__init__.py
PYTHON: /home/gavin/Discordbot/.venv/bin/python
[module-registry] 9 module file(s) are not present yet; those modules will be skipped during startup.
Loaded extension: Modules.modules_cmd
Loaded extension: Modules.automod
Loaded extension: Modules.autorole
Loaded extension: Modules.fun
Loaded extension: Modules.leveling
Loaded extension: Modules.logging
Loaded extension: Modules.reactionrole
Loaded extension: Modules.setup_wizard
Loaded extension: Modules.test_module
Loaded extension: Modules.tickets
Loaded extension: Modules.translate
Loaded extension: Modules.welcome_leave
[module-registry] Loaded 11 extension(s).
[module-registry] Skipped 9 unavailable module extension(s): Modules.adaptive_slowmode, Modules.applications, Modules.calls, Modules.kofi, Modules.muterole, Modules.nickname, Modules.polls, Modules.support, Modules.verification
Ko-fi webhook server listening on :5000
🤖 Logged in as Coffecord#1804
✅ Persistent ticket views registered
Synced: 65
🤖 Logged in as Coffecord#1804
✅ Persistent ticket views registered
Synced: 65
──────────────────────────────────────────────────
Bot started at 2026-03-09 07:36:39
──────────────────────────────────────────────────
DISCORD VERSION: 2.7.1
DISCORD FILE: /home/gavin/Discordbot/.venv/lib/python3.12/site-packages/discord/__init__.py
PYTHON: /home/gavin/Discordbot/.venv/bin/python
[module-registry] 9 module file(s) are not present yet; those modules will be skipped during startup.
Loaded extension: Modules.modules_cmd
Loaded extension: Modules.automod
Loaded extension: Modules.autorole
Loaded extension: Modules.fun
Loaded extension: Modules.leveling
Loaded extension: Modules.logging
Loaded extension: Modules.reactionrole
Loaded extension: Modules.setup_wizard
Loaded extension: Modules.test_module
Loaded extension: Modules.tickets
Loaded extension: Modules.translate
Loaded extension: Modules.welcome_leave
[module-registry] Loaded 11 extension(s).
[module-registry] Skipped 9 unavailable module extension(s): Modules.adaptive_slowmode, Modules.applications, Modules.calls, Modules.kofi, Modules.muterole, Modules.nickname, Modules.polls, Modules.support, Modules.verification
Ko-fi webhook server listening on :5000
🤖 Logged in as Coffecord#1804
✅ Persistent ticket views registered
Synced: 65
──────────────────────────────────────────────────
Bot started at 2026-03-09 08:01:52
──────────────────────────────────────────────────
DISCORD VERSION: 2.7.1
DISCORD FILE: /home/gavin/Discordbot/.venv/lib/python3.12/site-packages/discord/__init__.py
PYTHON: /home/gavin/Discordbot/.venv/bin/python
[module-registry] 9 module file(s) are not present yet; those modules will be skipped during startup.
Loaded extension: Modules.modules_cmd
Loaded extension: Modules.automod
Loaded extension: Modules.autorole
Loaded extension: Modules.fun
Loaded extension: Modules.leveling
Loaded extension: Modules.logging
Loaded extension: Modules.reactionrole
Loaded extension: Modules.setup_wizard
Loaded extension: Modules.test_module
Loaded extension: Modules.tickets
Loaded extension: Modules.translate
Loaded extension: Modules.welcome_leave
[module-registry] Loaded 11 extension(s).
[module-registry] Skipped 9 unavailable module extension(s): Modules.adaptive_slowmode, Modules.applications, Modules.calls, Modules.kofi, Modules.muterole, Modules.nickname, Modules.polls, Modules.support, Modules.verification
Ko-fi webhook server listening on :5000
🤖 Logged in as Coffecord#1804
✅ Persistent ticket views registered
Synced: 65
──────────────────────────────────────────────────
Bot started at 2026-03-09 12:55:56
──────────────────────────────────────────────────
DISCORD VERSION: 2.7.1
DISCORD FILE: /home/gavin/Discordbot/.venv/lib/python3.12/site-packages/discord/__init__.py
PYTHON: /home/gavin/Discordbot/.venv/bin/python
[module-registry] 9 module file(s) are not present yet; those modules will be skipped during startup.
Loaded extension: Modules.modules_cmd
Loaded extension: Modules.automod
Loaded extension: Modules.autorole
Loaded extension: Modules.fun
Loaded extension: Modules.leveling
Loaded extension: Modules.logging
Loaded extension: Modules.reactionrole
Loaded extension: Modules.setup_wizard
Loaded extension: Modules.test_module
Loaded extension: Modules.tickets
Loaded extension: Modules.translate
Loaded extension: Modules.welcome_leave
[module-registry] Loaded 11 extension(s).
[module-registry] Skipped 9 unavailable module extension(s): Modules.adaptive_slowmode, Modules.applications, Modules.calls, Modules.kofi, Modules.muterole, Modules.nickname, Modules.polls, Modules.support, Modules.verification
Ko-fi webhook server listening on :5000
🤖 Logged in as Coffecord#1804
✅ Persistent ticket views registered
Synced: 65
🤖 Logged in as Coffecord#1804
✅ Persistent ticket views registered
Synced: 65
🤖 Logged in as Coffecord#1804
✅ Persistent ticket views registered
Synced: 65
──────────────────────────────────────────────────
Bot started at 2026-03-09 15:27:38
──────────────────────────────────────────────────
DISCORD VERSION: 2.7.1
DISCORD FILE: /home/gavin/Discordbot/.venv/lib/python3.12/site-packages/discord/__init__.py
PYTHON: /home/gavin/Discordbot/.venv/bin/python
[module-registry] 9 module file(s) are not present yet; those modules will be skipped during startup.
Loaded extension: Modules.modules_cmd
Loaded extension: Modules.automod
Loaded extension: Modules.autorole
Loaded extension: Modules.fun
Loaded extension: Modules.leveling
Loaded extension: Modules.logging
Loaded extension: Modules.reactionrole
Loaded extension: Modules.setup_wizard
Loaded extension: Modules.test_module
Loaded extension: Modules.tickets
Loaded extension: Modules.translate
Loaded extension: Modules.welcome_leave
[module-registry] Loaded 11 extension(s).
[module-registry] Skipped 9 unavailable module extension(s): Modules.adaptive_slowmode, Modules.applications, Modules.calls, Modules.kofi, Modules.muterole, Modules.nickname, Modules.polls, Modules.support, Modules.verification
Ko-fi webhook server listening on :5000
🤖 Logged in as Coffecord#1804
✅ Persistent ticket views registered
Synced: 65
🤖 Logged in as Coffecord#1804
✅ Persistent ticket views registered
Synced: 65
──────────────────────────────────────────────────
Bot started at 2026-03-09 21:33:13
──────────────────────────────────────────────────
DISCORD VERSION: 2.7.1
DISCORD FILE: /home/gavin/Discordbot/.venv/lib/python3.12/site-packages/discord/__init__.py
PYTHON: /home/gavin/Discordbot/.venv/bin/python
[module-registry] 9 module file(s) are not present yet; those modules will be skipped during startup.
Loaded extension: Modules.modules_cmd
Loaded extension: Modules.automod
Loaded extension: Modules.autorole
Loaded extension: Modules.fun
Loaded extension: Modules.leveling
Loaded extension: Modules.logging
Loaded extension: Modules.reactionrole
Loaded extension: Modules.setup_wizard
Loaded extension: Modules.test_module
Loaded extension: Modules.tickets
Loaded extension: Modules.translate
Loaded extension: Modules.welcome_leave
[module-registry] Loaded 11 extension(s).
[module-registry] Skipped 9 unavailable module extension(s): Modules.adaptive_slowmode, Modules.applications, Modules.calls, Modules.kofi, Modules.muterole, Modules.nickname, Modules.polls, Modules.support, Modules.verification
Ko-fi webhook server listening on :5000
🤖 Logged in as Coffecord#1804
✅ Persistent ticket views registered
Synced: 65
🤖 Logged in as Coffecord#1804
✅ Persistent ticket views registered
Synced: 65
🤖 Logged in as Coffecord#1804
✅ Persistent ticket views registered
Synced: 65
🤖 Logged in as Coffecord#1804
✅ Persistent ticket views registered
Synced: 65
──────────────────────────────────────────────────
Bot started at 2026-03-11 07:36:08
──────────────────────────────────────────────────
DISCORD VERSION: 2.7.1
DISCORD FILE: /home/gavin/Discordbot/.venv/lib/python3.12/site-packages/discord/__init__.py
PYTHON: /home/gavin/Discordbot/.venv/bin/python
[module-registry] 9 module file(s) are not present yet; those modules will be skipped during startup.
Loaded extension: Modules.modules_cmd
Loaded extension: Modules.automod
Loaded extension: Modules.autorole
Loaded extension: Modules.fun
Loaded extension: Modules.leveling
Loaded extension: Modules.logging
Loaded extension: Modules.reactionrole
Loaded extension: Modules.setup_wizard
Loaded extension: Modules.test_module
Loaded extension: Modules.tickets
Loaded extension: Modules.translate
Loaded extension: Modules.welcome_leave
[module-registry] Loaded 11 extension(s).
[module-registry] Skipped 9 unavailable module extension(s): Modules.adaptive_slowmode, Modules.applications, Modules.calls, Modules.kofi, Modules.muterole, Modules.nickname, Modules.polls, Modules.support, Modules.verification
Ko-fi webhook server listening on :5000
Traceback (most recent call last):
  File "/home/gavin/Discordbot/.venv/lib/python3.12/site-packages/aiohttp/connector.py", line 1562, in _create_direct_connection
    hosts = await self._resolve_host(host, port, traces=traces)
            ^^^^^^^^^^^^^^^^^^^^^^^^^^^^^^^^^^^^^^^^^^^^^^^^^^^
  File "/home/gavin/Discordbot/.venv/lib/python3.12/site-packages/aiohttp/connector.py", line 1178, in _resolve_host
    return await asyncio.shield(resolved_host_task)
           ^^^^^^^^^^^^^^^^^^^^^^^^^^^^^^^^^^^^^^^^
  File "/home/gavin/Discordbot/.venv/lib/python3.12/site-packages/aiohttp/connector.py", line 1209, in _resolve_host_with_throttle
    addrs = await self._resolver.resolve(host, port, family=self._family)
            ^^^^^^^^^^^^^^^^^^^^^^^^^^^^^^^^^^^^^^^^^^^^^^^^^^^^^^^^^^^^^
  File "/home/gavin/Discordbot/.venv/lib/python3.12/site-packages/aiohttp/resolver.py", line 40, in resolve
    infos = await self._loop.getaddrinfo(
            ^^^^^^^^^^^^^^^^^^^^^^^^^^^^^
  File "/usr/lib/python3.12/asyncio/base_events.py", line 901, in getaddrinfo
    return await self.run_in_executor(
           ^^^^^^^^^^^^^^^^^^^^^^^^^^^
  File "/usr/lib/python3.12/concurrent/futures/thread.py", line 58, in run
    result = self.fn(*self.args, **self.kwargs)
             ^^^^^^^^^^^^^^^^^^^^^^^^^^^^^^^^^^
  File "/usr/lib/python3.12/socket.py", line 963, in getaddrinfo
    for res in _socket.getaddrinfo(host, port, family, type, proto, flags):
               ^^^^^^^^^^^^^^^^^^^^^^^^^^^^^^^^^^^^^^^^^^^^^^^^^^^^^^^^^^^
socket.gaierror: [Errno -2] Name or service not known

The above exception was the direct cause of the following exception:

Traceback (most recent call last):
  File "/home/gavin/Discordbot/Src/Bot.py", line 4349, in <module>
    asyncio.run(_run_bot_with_kofi())
  File "/usr/lib/python3.12/asyncio/runners.py", line 194, in run
    return runner.run(main)
           ^^^^^^^^^^^^^^^^
  File "/usr/lib/python3.12/asyncio/runners.py", line 118, in run
    return self._loop.run_until_complete(task)
           ^^^^^^^^^^^^^^^^^^^^^^^^^^^^^^^^^^^
  File "/usr/lib/python3.12/asyncio/base_events.py", line 687, in run_until_complete
    return future.result()
           ^^^^^^^^^^^^^^^
  File "/home/gavin/Discordbot/Src/Bot.py", line 4339, in _run_bot_with_kofi
    await bot.start(token)
  File "/home/gavin/Discordbot/.venv/lib/python3.12/site-packages/discord/client.py", line 850, in start
    await self.login(token)
  File "/home/gavin/Discordbot/.venv/lib/python3.12/site-packages/discord/client.py", line 679, in login
    data = await self.http.static_login(token)
           ^^^^^^^^^^^^^^^^^^^^^^^^^^^^^^^^^^^
  File "/home/gavin/Discordbot/.venv/lib/python3.12/site-packages/discord/http.py", line 844, in static_login
    data = await self.request(Route('GET', '/users/@me'))
           ^^^^^^^^^^^^^^^^^^^^^^^^^^^^^^^^^^^^^^^^^^^^^^
  File "/home/gavin/Discordbot/.venv/lib/python3.12/site-packages/discord/http.py", line 659, in request
    async with self.__session.request(method, url, **kwargs) as response:
  File "/home/gavin/Discordbot/.venv/lib/python3.12/site-packages/aiohttp/client.py", line 1510, in __aenter__
    self._resp: _RetType = await self._coro
                           ^^^^^^^^^^^^^^^^
  File "/home/gavin/Discordbot/.venv/lib/python3.12/site-packages/aiohttp/client.py", line 779, in _request
    resp = await handler(req)
           ^^^^^^^^^^^^^^^^^^
  File "/home/gavin/Discordbot/.venv/lib/python3.12/site-packages/aiohttp/client.py", line 734, in _connect_and_send_request
    conn = await self._connector.connect(
           ^^^^^^^^^^^^^^^^^^^^^^^^^^^^^^
  File "/home/gavin/Discordbot/.venv/lib/python3.12/site-packages/aiohttp/connector.py", line 672, in connect
    proto = await self._create_connection(req, traces, timeout)
            ^^^^^^^^^^^^^^^^^^^^^^^^^^^^^^^^^^^^^^^^^^^^^^^^^^^
  File "/home/gavin/Discordbot/.venv/lib/python3.12/site-packages/aiohttp/connector.py", line 1239, in _create_connection
    _, proto = await self._create_direct_connection(req, traces, timeout)
               ^^^^^^^^^^^^^^^^^^^^^^^^^^^^^^^^^^^^^^^^^^^^^^^^^^^^^^^^^^
  File "/home/gavin/Discordbot/.venv/lib/python3.12/site-packages/aiohttp/connector.py", line 1568, in _create_direct_connection
    raise ClientConnectorDNSError(req.connection_key, exc) from exc
aiohttp.client_exceptions.ClientConnectorDNSError: Cannot connect to host discord.com:443 ssl:default [Name or service not known]
Unclosed client session
client_session: <aiohttp.client.ClientSession object at 0x76612ddb9430>
──────────────────────────────────────────────────
Bot started at 2026-03-11 07:37:28
──────────────────────────────────────────────────
DISCORD VERSION: 2.7.1
DISCORD FILE: /home/gavin/Discordbot/.venv/lib/python3.12/site-packages/discord/__init__.py
PYTHON: /home/gavin/Discordbot/.venv/bin/python
[module-registry] 9 module file(s) are not present yet; those modules will be skipped during startup.
Loaded extension: Modules.modules_cmd
Loaded extension: Modules.automod
Loaded extension: Modules.autorole
Loaded extension: Modules.fun
Loaded extension: Modules.leveling
Loaded extension: Modules.logging
Loaded extension: Modules.reactionrole
Loaded extension: Modules.setup_wizard
Loaded extension: Modules.test_module
Loaded extension: Modules.tickets
Loaded extension: Modules.translate
Loaded extension: Modules.welcome_leave
[module-registry] Loaded 11 extension(s).
[module-registry] Skipped 9 unavailable module extension(s): Modules.adaptive_slowmode, Modules.applications, Modules.calls, Modules.kofi, Modules.muterole, Modules.nickname, Modules.polls, Modules.support, Modules.verification
Ko-fi webhook server listening on :5000
🤖 Logged in as Coffecord#1804
✅ Persistent ticket views registered
Synced: 65
──────────────────────────────────────────────────
Bot started at 2026-03-11 07:42:55
──────────────────────────────────────────────────
DISCORD VERSION: 2.7.1
DISCORD FILE: /home/gavin/Discordbot/.venv/lib/python3.12/site-packages/discord/__init__.py
PYTHON: /home/gavin/Discordbot/.venv/bin/python
[module-registry] 9 module file(s) are not present yet; those modules will be skipped during startup.
Loaded extension: Modules.modules_cmd
Loaded extension: Modules.automod
Loaded extension: Modules.autorole
Loaded extension: Modules.fun
Loaded extension: Modules.leveling
Loaded extension: Modules.logging
Loaded extension: Modules.reactionrole
Loaded extension: Modules.setup_wizard
Loaded extension: Modules.test_module
Loaded extension: Modules.tickets
Loaded extension: Modules.translate
Loaded extension: Modules.welcome_leave
[module-registry] Loaded 11 extension(s).
[module-registry] Skipped 9 unavailable module extension(s): Modules.adaptive_slowmode, Modules.applications, Modules.calls, Modules.kofi, Modules.muterole, Modules.nickname, Modules.polls, Modules.support, Modules.verification
Ko-fi webhook server listening on :5000
🤖 Logged in as Coffecord#1804
✅ Persistent ticket views registered
Synced: 65
──────────────────────────────────────────────────
Bot started at 2026-03-11 07:48:07
──────────────────────────────────────────────────
DISCORD VERSION: 2.7.1
DISCORD FILE: /home/gavin/Discordbot/.venv/lib/python3.12/site-packages/discord/__init__.py
PYTHON: /home/gavin/Discordbot/.venv/bin/python
[module-registry] 9 module file(s) are not present yet; those modules will be skipped during startup.
Loaded extension: Modules.modules_cmd
Loaded extension: Modules.automod
Loaded extension: Modules.autorole
Loaded extension: Modules.fun
Loaded extension: Modules.leveling
Loaded extension: Modules.logging
Loaded extension: Modules.reactionrole
Loaded extension: Modules.setup_wizard
Loaded extension: Modules.test_module
Loaded extension: Modules.tickets
Loaded extension: Modules.translate
Loaded extension: Modules.welcome_leave
[module-registry] Loaded 11 extension(s).
[module-registry] Skipped 9 unavailable module extension(s): Modules.adaptive_slowmode, Modules.applications, Modules.calls, Modules.kofi, Modules.muterole, Modules.nickname, Modules.polls, Modules.support, Modules.verification
Ko-fi webhook server listening on :5000
🤖 Logged in as Coffecord#1804
✅ Persistent ticket views registered
Synced: 65
🤖 Logged in as Coffecord#1804
✅ Persistent ticket views registered
Synced: 65
──────────────────────────────────────────────────
Bot started at 2026-03-11 13:17:44
──────────────────────────────────────────────────
DISCORD VERSION: 2.7.1
DISCORD FILE: /home/gavin/Discordbot/.venv/lib/python3.12/site-packages/discord/__init__.py
PYTHON: /home/gavin/Discordbot/.venv/bin/python
[module-registry] 9 module file(s) are not present yet; those modules will be skipped during startup.
Loaded extension: Modules.modules_cmd
Loaded extension: Modules.automod
Loaded extension: Modules.autorole
Loaded extension: Modules.fun
Loaded extension: Modules.leveling
Loaded extension: Modules.logging
Loaded extension: Modules.reactionrole
Loaded extension: Modules.setup_wizard
Loaded extension: Modules.test_module
Loaded extension: Modules.tickets
Loaded extension: Modules.translate
Loaded extension: Modules.welcome_leave
[module-registry] Loaded 11 extension(s).
[module-registry] Skipped 9 unavailable module extension(s): Modules.adaptive_slowmode, Modules.applications, Modules.calls, Modules.kofi, Modules.muterole, Modules.nickname, Modules.polls, Modules.support, Modules.verification
Ko-fi webhook server listening on :5000
🤖 Logged in as Coffecord#1804
✅ Persistent ticket views registered
Synced: 65
──────────────────────────────────────────────────
Bot started at 2026-03-11 15:47:23
──────────────────────────────────────────────────
DISCORD VERSION: 2.7.1
DISCORD FILE: /home/gavin/Discordbot/.venv/lib/python3.12/site-packages/discord/__init__.py
PYTHON: /home/gavin/Discordbot/.venv/bin/python
[module-registry] 9 module file(s) are not present yet; those modules will be skipped during startup.
Loaded extension: Modules.modules_cmd
Loaded extension: Modules.automod
Loaded extension: Modules.autorole
Loaded extension: Modules.fun
Loaded extension: Modules.leveling
Loaded extension: Modules.logging
Loaded extension: Modules.reactionrole
Loaded extension: Modules.setup_wizard
Loaded extension: Modules.test_module
Loaded extension: Modules.tickets
Loaded extension: Modules.translate
Loaded extension: Modules.welcome_leave
[module-registry] Loaded 11 extension(s).
[module-registry] Skipped 9 unavailable module extension(s): Modules.adaptive_slowmode, Modules.applications, Modules.calls, Modules.kofi, Modules.muterole, Modules.nickname, Modules.polls, Modules.support, Modules.verification
Ko-fi webhook server listening on :5000
🤖 Logged in as Coffecord#1804
✅ Persistent ticket views registered
Synced: 65
🤖 Logged in as Coffecord#1804
✅ Persistent ticket views registered
Synced: 65
──────────────────────────────────────────────────
Bot started at 2026-03-11 17:21:43
──────────────────────────────────────────────────
DISCORD VERSION: 2.7.1
DISCORD FILE: /home/gavin/Discordbot/.venv/lib/python3.12/site-packages/discord/__init__.py
PYTHON: /home/gavin/Discordbot/.venv/bin/python
[module-registry] 9 module file(s) are not present yet; those modules will be skipped during startup.
Loaded extension: Modules.modules_cmd
Loaded extension: Modules.automod
Loaded extension: Modules.autorole
Loaded extension: Modules.fun
Loaded extension: Modules.leveling
Loaded extension: Modules.logging
Loaded extension: Modules.reactionrole
Loaded extension: Modules.setup_wizard
Loaded extension: Modules.test_module
Loaded extension: Modules.tickets
Loaded extension: Modules.translate
Loaded extension: Modules.welcome_leave
[module-registry] Loaded 11 extension(s).
[module-registry] Skipped 9 unavailable module extension(s): Modules.adaptive_slowmode, Modules.applications, Modules.calls, Modules.kofi, Modules.muterole, Modules.nickname, Modules.polls, Modules.support, Modules.verification
Ko-fi webhook server listening on :5000
🤖 Logged in as Coffecord#1804
✅ Persistent ticket views registered
Synced: 65
──────────────────────────────────────────────────
Bot started at 2026-03-11 20:09:20
──────────────────────────────────────────────────
DISCORD VERSION: 2.7.1
DISCORD FILE: /home/gavin/Discordbot/.venv/lib/python3.12/site-packages/discord/__init__.py
PYTHON: /home/gavin/Discordbot/.venv/bin/python
[module-registry] 9 module file(s) are not present yet; those modules will be skipped during startup.
Loaded extension: Modules.modules_cmd
Loaded extension: Modules.automod
Loaded extension: Modules.autorole
Loaded extension: Modules.fun
Loaded extension: Modules.leveling
Loaded extension: Modules.logging
Loaded extension: Modules.reactionrole
Loaded extension: Modules.setup_wizard
Loaded extension: Modules.test_module
Loaded extension: Modules.tickets
Loaded extension: Modules.translate
Loaded extension: Modules.welcome_leave
[module-registry] Loaded 11 extension(s).
[module-registry] Skipped 9 unavailable module extension(s): Modules.adaptive_slowmode, Modules.applications, Modules.calls, Modules.kofi, Modules.muterole, Modules.nickname, Modules.polls, Modules.support, Modules.verification
Ko-fi webhook server listening on :5000
🤖 Logged in as Coffecord#1804
✅ Persistent ticket views registered
Synced: 65
──────────────────────────────────────────────────
Bot started at 2026-03-12 07:10:10
──────────────────────────────────────────────────
DISCORD VERSION: 2.7.1
DISCORD FILE: /home/gavin/Discordbot/.venv/lib/python3.12/site-packages/discord/__init__.py
PYTHON: /home/gavin/Discordbot/.venv/bin/python
[module-registry] 9 module file(s) are not present yet; those modules will be skipped during startup.
Loaded extension: Modules.modules_cmd
Loaded extension: Modules.automod
Loaded extension: Modules.autorole
Loaded extension: Modules.fun
Loaded extension: Modules.leveling
Loaded extension: Modules.logging
Loaded extension: Modules.reactionrole
Loaded extension: Modules.setup_wizard
Loaded extension: Modules.test_module
Loaded extension: Modules.tickets
Loaded extension: Modules.translate
Loaded extension: Modules.welcome_leave
[module-registry] Loaded 11 extension(s).
[module-registry] Skipped 9 unavailable module extension(s): Modules.adaptive_slowmode, Modules.applications, Modules.calls, Modules.kofi, Modules.muterole, Modules.nickname, Modules.polls, Modules.support, Modules.verification
Ko-fi webhook server listening on :5000
🤖 Logged in as Coffecord#1804
✅ Persistent ticket views registered
Synced: 65
🤖 Logged in as Coffecord#1804
✅ Persistent ticket views registered
Synced: 65
──────────────────────────────────────────────────
Bot started at 2026-03-12 13:06:48
──────────────────────────────────────────────────
DISCORD VERSION: 2.7.1
DISCORD FILE: /home/gavin/Discordbot/.venv/lib/python3.12/site-packages/discord/__init__.py
PYTHON: /home/gavin/Discordbot/.venv/bin/python
[module-registry] 9 module file(s) are not present yet; those modules will be skipped during startup.
Loaded extension: Modules.modules_cmd
Loaded extension: Modules.automod
Loaded extension: Modules.autorole
Loaded extension: Modules.fun
Loaded extension: Modules.leveling
Loaded extension: Modules.logging
Loaded extension: Modules.reactionrole
Loaded extension: Modules.setup_wizard
Loaded extension: Modules.test_module
Loaded extension: Modules.tickets
Loaded extension: Modules.translate
Loaded extension: Modules.welcome_leave
[module-registry] Loaded 11 extension(s).
[module-registry] Skipped 9 unavailable module extension(s): Modules.adaptive_slowmode, Modules.applications, Modules.calls, Modules.kofi, Modules.muterole, Modules.nickname, Modules.polls, Modules.support, Modules.verification
Ko-fi webhook server listening on :5000
🤖 Logged in as Coffecord#1804
✅ Persistent ticket views registered
Synced: 65
🤖 Logged in as Coffecord#1804
✅ Persistent ticket views registered
Synced: 65
──────────────────────────────────────────────────
Bot started at 2026-03-12 16:08:32
──────────────────────────────────────────────────
DISCORD VERSION: 2.7.1
DISCORD FILE: /home/gavin/Discordbot/.venv/lib/python3.12/site-packages/discord/__init__.py
PYTHON: /home/gavin/Discordbot/.venv/bin/python
[module-registry] 9 module file(s) are not present yet; those modules will be skipped during startup.
Loaded extension: Modules.modules_cmd
Loaded extension: Modules.automod
Loaded extension: Modules.autorole
Loaded extension: Modules.fun
Loaded extension: Modules.leveling
Loaded extension: Modules.logging
Loaded extension: Modules.reactionrole
Loaded extension: Modules.setup_wizard
Loaded extension: Modules.test_module
Loaded extension: Modules.tickets
Loaded extension: Modules.translate
Loaded extension: Modules.welcome_leave
[module-registry] Loaded 11 extension(s).
[module-registry] Skipped 9 unavailable module extension(s): Modules.adaptive_slowmode, Modules.applications, Modules.calls, Modules.kofi, Modules.muterole, Modules.nickname, Modules.polls, Modules.support, Modules.verification
Ko-fi webhook server listening on :5000
🤖 Logged in as Coffecord#1804
✅ Persistent ticket views registered
Synced: 65
🤖 Logged in as Coffecord#1804
✅ Persistent ticket views registered
Synced: 65
[CMD] /petpet | infamousgr_95424 (1168282467162136656) | Coffeecord Support Server#staff-general
[CMD] /levelcard customize | infamousgr_95424 (1168282467162136656) | Coffeecord Support Server#staff-general
[CMD] /level | infamousgr_95424 (1168282467162136656) | Coffeecord Support Server#staff-general
[CMD] /level | infamousgr_95424 (1168282467162136656) | Coffeecord Support Server#staff-general
[CMD] /levelcard customize | infamousgr_95424 (1168282467162136656) | Coffeecord Support Server#staff-general
[CMD] /level | infamousgr_95424 (1168282467162136656) | Coffeecord Support Server#staff-general
🤖 Logged in as Coffecord#1804
✅ Persistent ticket views registered
Synced: 65
[CMD] /setup | infamousgr_95424 (1168282467162136656) | Coffeecord Support Server#general
──────────────────────────────────────────────────
Bot started at 2026-03-12 21:33:47
──────────────────────────────────────────────────
DISCORD VERSION: 2.7.1
DISCORD FILE: /home/gavin/Discordbot/.venv/lib/python3.12/site-packages/discord/__init__.py
PYTHON: /home/gavin/Discordbot/.venv/bin/python
[module-registry] 9 module file(s) are not present yet; those modules will be skipped during startup.
Loaded extension: Modules.modules_cmd
Loaded extension: Modules.automod
Loaded extension: Modules.autorole
Loaded extension: Modules.fun
Loaded extension: Modules.leveling
Loaded extension: Modules.logging
Loaded extension: Modules.reactionrole
Loaded extension: Modules.setup_wizard
Loaded extension: Modules.test_module
Loaded extension: Modules.tickets
Loaded extension: Modules.translate
Loaded extension: Modules.welcome_leave
[module-registry] Loaded 11 extension(s).
[module-registry] Skipped 9 unavailable module extension(s): Modules.adaptive_slowmode, Modules.applications, Modules.calls, Modules.kofi, Modules.muterole, Modules.nickname, Modules.polls, Modules.support, Modules.verification
Ko-fi webhook server listening on :5000
Traceback (most recent call last):
  File "/home/gavin/Discordbot/.venv/lib/python3.12/site-packages/aiohttp/connector.py", line 1562, in _create_direct_connection
    hosts = await self._resolve_host(host, port, traces=traces)
            ^^^^^^^^^^^^^^^^^^^^^^^^^^^^^^^^^^^^^^^^^^^^^^^^^^^
  File "/home/gavin/Discordbot/.venv/lib/python3.12/site-packages/aiohttp/connector.py", line 1178, in _resolve_host
    return await asyncio.shield(resolved_host_task)
           ^^^^^^^^^^^^^^^^^^^^^^^^^^^^^^^^^^^^^^^^
  File "/home/gavin/Discordbot/.venv/lib/python3.12/site-packages/aiohttp/connector.py", line 1209, in _resolve_host_with_throttle
    addrs = await self._resolver.resolve(host, port, family=self._family)
            ^^^^^^^^^^^^^^^^^^^^^^^^^^^^^^^^^^^^^^^^^^^^^^^^^^^^^^^^^^^^^
  File "/home/gavin/Discordbot/.venv/lib/python3.12/site-packages/aiohttp/resolver.py", line 40, in resolve
    infos = await self._loop.getaddrinfo(
            ^^^^^^^^^^^^^^^^^^^^^^^^^^^^^
  File "/usr/lib/python3.12/asyncio/base_events.py", line 901, in getaddrinfo
    return await self.run_in_executor(
           ^^^^^^^^^^^^^^^^^^^^^^^^^^^
  File "/usr/lib/python3.12/concurrent/futures/thread.py", line 58, in run
    result = self.fn(*self.args, **self.kwargs)
             ^^^^^^^^^^^^^^^^^^^^^^^^^^^^^^^^^^
  File "/usr/lib/python3.12/socket.py", line 963, in getaddrinfo
    for res in _socket.getaddrinfo(host, port, family, type, proto, flags):
               ^^^^^^^^^^^^^^^^^^^^^^^^^^^^^^^^^^^^^^^^^^^^^^^^^^^^^^^^^^^
socket.gaierror: [Errno -2] Name or service not known

The above exception was the direct cause of the following exception:

Traceback (most recent call last):
  File "/home/gavin/Discordbot/Src/Bot.py", line 4349, in <module>
    asyncio.run(_run_bot_with_kofi())
  File "/usr/lib/python3.12/asyncio/runners.py", line 194, in run
    return runner.run(main)
           ^^^^^^^^^^^^^^^^
  File "/usr/lib/python3.12/asyncio/runners.py", line 118, in run
    return self._loop.run_until_complete(task)
           ^^^^^^^^^^^^^^^^^^^^^^^^^^^^^^^^^^^
  File "/usr/lib/python3.12/asyncio/base_events.py", line 687, in run_until_complete
    return future.result()
           ^^^^^^^^^^^^^^^
  File "/home/gavin/Discordbot/Src/Bot.py", line 4339, in _run_bot_with_kofi
    await bot.start(token)
  File "/home/gavin/Discordbot/.venv/lib/python3.12/site-packages/discord/client.py", line 850, in start
    await self.login(token)
  File "/home/gavin/Discordbot/.venv/lib/python3.12/site-packages/discord/client.py", line 679, in login
    data = await self.http.static_login(token)
           ^^^^^^^^^^^^^^^^^^^^^^^^^^^^^^^^^^^
  File "/home/gavin/Discordbot/.venv/lib/python3.12/site-packages/discord/http.py", line 844, in static_login
    data = await self.request(Route('GET', '/users/@me'))
           ^^^^^^^^^^^^^^^^^^^^^^^^^^^^^^^^^^^^^^^^^^^^^^
  File "/home/gavin/Discordbot/.venv/lib/python3.12/site-packages/discord/http.py", line 659, in request
    async with self.__session.request(method, url, **kwargs) as response:
  File "/home/gavin/Discordbot/.venv/lib/python3.12/site-packages/aiohttp/client.py", line 1510, in __aenter__
    self._resp: _RetType = await self._coro
                           ^^^^^^^^^^^^^^^^
  File "/home/gavin/Discordbot/.venv/lib/python3.12/site-packages/aiohttp/client.py", line 779, in _request
    resp = await handler(req)
           ^^^^^^^^^^^^^^^^^^
  File "/home/gavin/Discordbot/.venv/lib/python3.12/site-packages/aiohttp/client.py", line 734, in _connect_and_send_request
    conn = await self._connector.connect(
           ^^^^^^^^^^^^^^^^^^^^^^^^^^^^^^
  File "/home/gavin/Discordbot/.venv/lib/python3.12/site-packages/aiohttp/connector.py", line 672, in connect
    proto = await self._create_connection(req, traces, timeout)
            ^^^^^^^^^^^^^^^^^^^^^^^^^^^^^^^^^^^^^^^^^^^^^^^^^^^
  File "/home/gavin/Discordbot/.venv/lib/python3.12/site-packages/aiohttp/connector.py", line 1239, in _create_connection
    _, proto = await self._create_direct_connection(req, traces, timeout)
               ^^^^^^^^^^^^^^^^^^^^^^^^^^^^^^^^^^^^^^^^^^^^^^^^^^^^^^^^^^
  File "/home/gavin/Discordbot/.venv/lib/python3.12/site-packages/aiohttp/connector.py", line 1568, in _create_direct_connection
    raise ClientConnectorDNSError(req.connection_key, exc) from exc
aiohttp.client_exceptions.ClientConnectorDNSError: Cannot connect to host discord.com:443 ssl:default [Name or service not known]
Unclosed client session
client_session: <aiohttp.client.ClientSession object at 0x74d604611ee0>
──────────────────────────────────────────────────
Bot started at 2026-03-12 21:35:05
──────────────────────────────────────────────────
DISCORD VERSION: 2.7.1
DISCORD FILE: /home/gavin/Discordbot/.venv/lib/python3.12/site-packages/discord/__init__.py
PYTHON: /home/gavin/Discordbot/.venv/bin/python
[module-registry] 9 module file(s) are not present yet; those modules will be skipped during startup.
Loaded extension: Modules.modules_cmd
Loaded extension: Modules.automod
Loaded extension: Modules.autorole
Loaded extension: Modules.fun
Loaded extension: Modules.leveling
Loaded extension: Modules.logging
Loaded extension: Modules.reactionrole
Loaded extension: Modules.setup_wizard
Loaded extension: Modules.test_module
Loaded extension: Modules.tickets
Loaded extension: Modules.translate
Loaded extension: Modules.welcome_leave
[module-registry] Loaded 11 extension(s).
[module-registry] Skipped 9 unavailable module extension(s): Modules.adaptive_slowmode, Modules.applications, Modules.calls, Modules.kofi, Modules.muterole, Modules.nickname, Modules.polls, Modules.support, Modules.verification
Ko-fi webhook server listening on :5000
🤖 Logged in as Coffecord#1804
✅ Persistent ticket views registered
Synced: 65
──────────────────────────────────────────────────
Bot started at 2026-03-13 09:35:15
──────────────────────────────────────────────────
DISCORD VERSION: 2.7.1
DISCORD FILE: /home/gavin/Discordbot/.venv/lib/python3.12/site-packages/discord/__init__.py
PYTHON: /home/gavin/Discordbot/.venv/bin/python
[module-registry] 9 module file(s) are not present yet; those modules will be skipped during startup.
Loaded extension: Modules.modules_cmd
Loaded extension: Modules.automod
Loaded extension: Modules.autorole
Loaded extension: Modules.fun
Loaded extension: Modules.leveling
Loaded extension: Modules.logging
Loaded extension: Modules.reactionrole
Loaded extension: Modules.setup_wizard
Loaded extension: Modules.test_module
Loaded extension: Modules.tickets
Loaded extension: Modules.translate
Loaded extension: Modules.welcome_leave
[module-registry] Loaded 11 extension(s).
[module-registry] Skipped 9 unavailable module extension(s): Modules.adaptive_slowmode, Modules.applications, Modules.calls, Modules.kofi, Modules.muterole, Modules.nickname, Modules.polls, Modules.support, Modules.verification
Ko-fi webhook server listening on :5000
🤖 Logged in as Coffecord#1804
✅ Persistent ticket views registered
Synced: 65
──────────────────────────────────────────────────
Bot started at 2026-03-13 12:02:17
──────────────────────────────────────────────────
DISCORD VERSION: 2.7.1
DISCORD FILE: /home/gavin/Discordbot/.venv/lib/python3.12/site-packages/discord/__init__.py
PYTHON: /home/gavin/Discordbot/.venv/bin/python
[module-registry] 9 module file(s) are not present yet; those modules will be skipped during startup.
Loaded extension: Modules.modules_cmd
Loaded extension: Modules.automod
Loaded extension: Modules.autorole
Loaded extension: Modules.fun
Loaded extension: Modules.leveling
Loaded extension: Modules.logging
Loaded extension: Modules.reactionrole
Loaded extension: Modules.setup_wizard
Loaded extension: Modules.test_module
Loaded extension: Modules.tickets
Loaded extension: Modules.translate
Loaded extension: Modules.welcome_leave
[module-registry] Loaded 11 extension(s).
[module-registry] Skipped 9 unavailable module extension(s): Modules.adaptive_slowmode, Modules.applications, Modules.calls, Modules.kofi, Modules.muterole, Modules.nickname, Modules.polls, Modules.support, Modules.verification
Ko-fi webhook server listening on :5000
🤖 Logged in as Coffecord#1804
✅ Persistent ticket views registered
Synced: 65
──────────────────────────────────────────────────
Bot started at 2026-03-13 12:03:45
──────────────────────────────────────────────────
DISCORD VERSION: 2.7.1
DISCORD FILE: /home/gavin/Discordbot/.venv/lib/python3.12/site-packages/discord/__init__.py
PYTHON: /home/gavin/Discordbot/.venv/bin/python
[module-registry] 9 module file(s) are not present yet; those modules will be skipped during startup.
Loaded extension: Modules.modules_cmd
Loaded extension: Modules.automod
Loaded extension: Modules.autorole
Loaded extension: Modules.fun
Loaded extension: Modules.leveling
Loaded extension: Modules.logging
Loaded extension: Modules.reactionrole
Loaded extension: Modules.setup_wizard
Loaded extension: Modules.test_module
Loaded extension: Modules.tickets
Loaded extension: Modules.translate
Loaded extension: Modules.welcome_leave
[module-registry] Loaded 11 extension(s).
[module-registry] Skipped 9 unavailable module extension(s): Modules.adaptive_slowmode, Modules.applications, Modules.calls, Modules.kofi, Modules.muterole, Modules.nickname, Modules.polls, Modules.support, Modules.verification
Ko-fi webhook server listening on :5000
🤖 Logged in as Coffecord#1804
✅ Persistent ticket views registered
Synced: 65
🤖 Logged in as Coffecord#1804
✅ Persistent ticket views registered
Synced: 65
──────────────────────────────────────────────────
Bot started at 2026-03-13 15:32:53
──────────────────────────────────────────────────
DISCORD VERSION: 2.7.1
DISCORD FILE: /home/gavin/Discordbot/.venv/lib/python3.12/site-packages/discord/__init__.py
PYTHON: /home/gavin/Discordbot/.venv/bin/python
[module-registry] 9 module file(s) are not present yet; those modules will be skipped during startup.
Loaded extension: Modules.modules_cmd
Loaded extension: Modules.automod
Loaded extension: Modules.autorole
Loaded extension: Modules.fun
Loaded extension: Modules.leveling
Loaded extension: Modules.logging
Loaded extension: Modules.reactionrole
Loaded extension: Modules.setup_wizard
Loaded extension: Modules.test_module
Loaded extension: Modules.tickets
Loaded extension: Modules.translate
Loaded extension: Modules.welcome_leave
[module-registry] Loaded 11 extension(s).
[module-registry] Skipped 9 unavailable module extension(s): Modules.adaptive_slowmode, Modules.applications, Modules.calls, Modules.kofi, Modules.muterole, Modules.nickname, Modules.polls, Modules.support, Modules.verification
Ko-fi webhook server listening on :5000
🤖 Logged in as Coffecord#1804
✅ Persistent ticket views registered
Synced: 65
🤖 Logged in as Coffecord#1804
✅ Persistent ticket views registered
Synced: 65
──────────────────────────────────────────────────
Bot started at 2026-03-14 08:14:31
──────────────────────────────────────────────────
DISCORD VERSION: 2.7.1
DISCORD FILE: /home/gavin/Discordbot/.venv/lib/python3.12/site-packages/discord/__init__.py
PYTHON: /home/gavin/Discordbot/.venv/bin/python
[module-registry] 9 module file(s) are not present yet; those modules will be skipped during startup.
Loaded extension: Modules.modules_cmd
Loaded extension: Modules.automod
Loaded extension: Modules.autorole
Loaded extension: Modules.fun
Loaded extension: Modules.leveling
Loaded extension: Modules.logging
Loaded extension: Modules.reactionrole
Loaded extension: Modules.setup_wizard
Loaded extension: Modules.test_module
Loaded extension: Modules.tickets
Loaded extension: Modules.translate
Loaded extension: Modules.welcome_leave
[module-registry] Loaded 11 extension(s).
[module-registry] Skipped 9 unavailable module extension(s): Modules.adaptive_slowmode, Modules.applications, Modules.calls, Modules.kofi, Modules.muterole, Modules.nickname, Modules.polls, Modules.support, Modules.verification
Ko-fi webhook server listening on :5000
🤖 Logged in as Coffecord#1804
✅ Persistent ticket views registered
Synced: 65
🤖 Logged in as Coffecord#1804
✅ Persistent ticket views registered
Synced: 65
──────────────────────────────────────────────────
Bot started at 2026-03-14 20:29:55
──────────────────────────────────────────────────
DISCORD VERSION: 2.7.1
DISCORD FILE: /home/gavin/Discordbot/.venv/lib/python3.12/site-packages/discord/__init__.py
PYTHON: /home/gavin/Discordbot/.venv/bin/python
[module-registry] 9 module file(s) are not present yet; those modules will be skipped during startup.
Loaded extension: Modules.modules_cmd
Loaded extension: Modules.automod
Loaded extension: Modules.autorole
Loaded extension: Modules.fun
Loaded extension: Modules.leveling
Loaded extension: Modules.logging
Loaded extension: Modules.reactionrole
Loaded extension: Modules.setup_wizard
Loaded extension: Modules.test_module
Loaded extension: Modules.tickets
Loaded extension: Modules.translate
Loaded extension: Modules.welcome_leave
[module-registry] Loaded 11 extension(s).
[module-registry] Skipped 9 unavailable module extension(s): Modules.adaptive_slowmode, Modules.applications, Modules.calls, Modules.kofi, Modules.muterole, Modules.nickname, Modules.polls, Modules.support, Modules.verification
Ko-fi webhook server listening on :5000
🤖 Logged in as Coffecord#1804
✅ Persistent ticket views registered
Synced: 65
──────────────────────────────────────────────────
Bot started at 2026-03-15 09:51:59
──────────────────────────────────────────────────
DISCORD VERSION: 2.7.1
DISCORD FILE: /home/gavin/Discordbot/.venv/lib/python3.12/site-packages/discord/__init__.py
PYTHON: /home/gavin/Discordbot/.venv/bin/python
[module-registry] 9 module file(s) are not present yet; those modules will be skipped during startup.
Loaded extension: Modules.modules_cmd
Loaded extension: Modules.automod
Loaded extension: Modules.autorole
Loaded extension: Modules.fun
Loaded extension: Modules.leveling
Loaded extension: Modules.logging
Loaded extension: Modules.reactionrole
Loaded extension: Modules.setup_wizard
Loaded extension: Modules.test_module
Loaded extension: Modules.tickets
Loaded extension: Modules.translate
Loaded extension: Modules.welcome_leave
[module-registry] Loaded 11 extension(s).
[module-registry] Skipped 9 unavailable module extension(s): Modules.adaptive_slowmode, Modules.applications, Modules.calls, Modules.kofi, Modules.muterole, Modules.nickname, Modules.polls, Modules.support, Modules.verification
Ko-fi webhook server listening on :5000
🤖 Logged in as Coffecord#1804
✅ Persistent ticket views registered
Synced: 65
[CMD] /cat | infamousgr_95424 (1168282467162136656) | Coffeecord Support Server#general
[CMD] /petpet | infamousgr_95424 (1168282467162136656) | Coffeecord Support Server#general
──────────────────────────────────────────────────
Bot started at 2026-03-15 12:12:37
──────────────────────────────────────────────────
DISCORD VERSION: 2.7.1
DISCORD FILE: /home/gavin/Discordbot/.venv/lib/python3.12/site-packages/discord/__init__.py
PYTHON: /home/gavin/Discordbot/.venv/bin/python
[module-registry] 9 module file(s) are not present yet; those modules will be skipped during startup.
Loaded extension: Modules.modules_cmd
Loaded extension: Modules.automod
Loaded extension: Modules.autorole
Loaded extension: Modules.fun
Failed to load extension Modules.json_cache: Extension 'Modules.json_cache' has no 'setup' function.
Loaded extension: Modules.leveling
Loaded extension: Modules.logging
Loaded extension: Modules.reactionrole
Loaded extension: Modules.setup_wizard
Loaded extension: Modules.test_module
Loaded extension: Modules.themes
Loaded extension: Modules.tickets
Loaded extension: Modules.translate
Loaded extension: Modules.welcome_leave
[module-registry] Loaded 12 extension(s).
[module-registry] Skipped 9 unavailable module extension(s): Modules.adaptive_slowmode, Modules.applications, Modules.calls, Modules.kofi, Modules.muterole, Modules.nickname, Modules.polls, Modules.support, Modules.verification
Ko-fi webhook server listening on :5000
🤖 Logged in as Coffecord#1804
✅ Persistent ticket views registered
Synced: 66
[CMD] /theme list | infamousgr_95424 (1168282467162136656) | Coffeecord Support Server#general
[CMD] /theme set | infamousgr_95424 (1168282467162136656) | Coffeecord Support Server#general
[CMD] /automod warn add | infamousgr_95424 (1168282467162136656) | Coffeecord Support Server#general
──────────────────────────────────────────────────
Bot started at 2026-03-15 12:23:19
──────────────────────────────────────────────────
DISCORD VERSION: 2.7.1
DISCORD FILE: /home/gavin/Discordbot/.venv/lib/python3.12/site-packages/discord/__init__.py
PYTHON: /home/gavin/Discordbot/.venv/bin/python
[module-registry] 9 module file(s) are not present yet; those modules will be skipped during startup.
Loaded extension: Modules.modules_cmd
Loaded extension: Modules.automod
Loaded extension: Modules.autorole
Loaded extension: Modules.fun
Loaded extension: Modules.leveling
Loaded extension: Modules.logging
Loaded extension: Modules.reactionrole
Loaded extension: Modules.setup_wizard
Loaded extension: Modules.test_module
Failed to load extension Modules.themes: Extension 'Modules.themes' raised an error: CommandAlreadyRegistered: Command 'responses' already registered.
Loaded extension: Modules.tickets
Loaded extension: Modules.translate
Loaded extension: Modules.welcome_leave
[module-registry] Loaded 11 extension(s).
[module-registry] Skipped 9 unavailable module extension(s): Modules.adaptive_slowmode, Modules.applications, Modules.calls, Modules.kofi, Modules.muterole, Modules.nickname, Modules.polls, Modules.support, Modules.verification
Ko-fi webhook server listening on :5000
🤖 Logged in as Coffecord#1804
✅ Persistent ticket views registered
Synced: 65
──────────────────────────────────────────────────
Bot started at 2026-03-15 12:26:49
──────────────────────────────────────────────────
DISCORD VERSION: 2.7.1
DISCORD FILE: /home/gavin/Discordbot/.venv/lib/python3.12/site-packages/discord/__init__.py
PYTHON: /home/gavin/Discordbot/.venv/bin/python
[module-registry] 9 module file(s) are not present yet; those modules will be skipped during startup.
Loaded extension: Modules.modules_cmd
Loaded extension: Modules.automod
Loaded extension: Modules.autorole
Loaded extension: Modules.fun
Loaded extension: Modules.leveling
Loaded extension: Modules.logging
Loaded extension: Modules.reactionrole
Loaded extension: Modules.setup_wizard
Loaded extension: Modules.test_module
Failed to load extension Modules.themes: Extension 'Modules.themes' raised an error: CommandAlreadyRegistered: Command 'responses' already registered.
Loaded extension: Modules.tickets
Loaded extension: Modules.translate
Loaded extension: Modules.welcome_leave
[module-registry] Loaded 11 extension(s).
[module-registry] Skipped 9 unavailable module extension(s): Modules.adaptive_slowmode, Modules.applications, Modules.calls, Modules.kofi, Modules.muterole, Modules.nickname, Modules.polls, Modules.support, Modules.verification
Ko-fi webhook server listening on :5000
🤖 Logged in as Coffecord#1804
✅ Persistent ticket views registered
Synced: 65
[NSFW-LEAVE] Left guild Top.gg Verification Center (333949691962195969) due to NSFW channels
[NSFW-LEAVE] Left guild Top.gg Verification Center (333949691962195969) due to NSFW channels
──────────────────────────────────────────────────
Bot started at 2026-03-15 13:58:42
──────────────────────────────────────────────────
DISCORD VERSION: 2.7.1
DISCORD FILE: /home/gavin/Discordbot/.venv/lib/python3.12/site-packages/discord/__init__.py
PYTHON: /home/gavin/Discordbot/.venv/bin/python
[module-registry] 9 module file(s) are not present yet; those modules will be skipped during startup.
Loaded extension: Modules.modules_cmd
Loaded extension: Modules.automod
Loaded extension: Modules.autorole
Loaded extension: Modules.fun
Loaded extension: Modules.leveling
Loaded extension: Modules.logging
Loaded extension: Modules.reactionrole
Loaded extension: Modules.setup_wizard
Loaded extension: Modules.test_module
Loaded extension: Modules.themes
Loaded extension: Modules.tickets
Loaded extension: Modules.translate
Loaded extension: Modules.welcome_leave
[module-registry] Loaded 12 extension(s).
[module-registry] Skipped 9 unavailable module extension(s): Modules.adaptive_slowmode, Modules.applications, Modules.calls, Modules.kofi, Modules.muterole, Modules.nickname, Modules.polls, Modules.support, Modules.verification
Ko-fi webhook server listening on :5000
🤖 Logged in as Coffecord#1804
✅ Persistent ticket views registered
Synced: 66
[CMD] /theme list | infamousgr_95424 (1168282467162136656) | Coffeecord Support Server#general
[CMD] /theme preview | infamousgr_95424 (1168282467162136656) | Coffeecord Support Server#general
──────────────────────────────────────────────────
Bot started at 2026-03-15 14:04:57
──────────────────────────────────────────────────
DISCORD VERSION: 2.7.1
DISCORD FILE: /home/gavin/Discordbot/.venv/lib/python3.12/site-packages/discord/__init__.py
PYTHON: /home/gavin/Discordbot/.venv/bin/python
[module-registry] 9 module file(s) are not present yet; those modules will be skipped during startup.
Loaded extension: Modules.modules_cmd
Loaded extension: Modules.automod
Loaded extension: Modules.autorole
Loaded extension: Modules.fun
Loaded extension: Modules.leveling
Loaded extension: Modules.logging
Loaded extension: Modules.reactionrole
Loaded extension: Modules.setup_wizard
Loaded extension: Modules.test_module
Loaded extension: Modules.themes
Loaded extension: Modules.tickets
Loaded extension: Modules.translate
Loaded extension: Modules.welcome_leave
[module-registry] Loaded 12 extension(s).
[module-registry] Skipped 9 unavailable module extension(s): Modules.adaptive_slowmode, Modules.applications, Modules.calls, Modules.kofi, Modules.muterole, Modules.nickname, Modules.polls, Modules.support, Modules.verification
Ko-fi webhook server listening on :5000
🤖 Logged in as Coffecord#1804
✅ Persistent ticket views registered
Synced: 66
──────────────────────────────────────────────────
Bot started at 2026-03-15 14:07:02
──────────────────────────────────────────────────
DISCORD VERSION: 2.7.1
DISCORD FILE: /home/gavin/Discordbot/.venv/lib/python3.12/site-packages/discord/__init__.py
PYTHON: /home/gavin/Discordbot/.venv/bin/python
[module-registry] 9 module file(s) are not present yet; those modules will be skipped during startup.
Loaded extension: Modules.modules_cmd
Loaded extension: Modules.automod
Loaded extension: Modules.autorole
Loaded extension: Modules.fun
Loaded extension: Modules.leveling
Loaded extension: Modules.logging
Loaded extension: Modules.reactionrole
Loaded extension: Modules.setup_wizard
Loaded extension: Modules.test_module
Loaded extension: Modules.themes
Loaded extension: Modules.tickets
Loaded extension: Modules.translate
Loaded extension: Modules.welcome_leave
[module-registry] Loaded 12 extension(s).
[module-registry] Skipped 9 unavailable module extension(s): Modules.adaptive_slowmode, Modules.applications, Modules.calls, Modules.kofi, Modules.muterole, Modules.nickname, Modules.polls, Modules.support, Modules.verification
Ko-fi webhook server listening on :5000
🤖 Logged in as Coffecord#1804
✅ Persistent ticket views registered
Synced: 66
[CMD] /theme list | infamousgr_95424 (1168282467162136656) | Coffeecord Support Server#general
[CMD] /theme set | infamousgr_95424 (1168282467162136656) | Coffeecord Support Server#general
[CMD] /automod warn add | infamousgr_95424 (1168282467162136656) | Coffeecord Support Server#general
[CMD] /theme info | infamousgr_95424 (1168282467162136656) | Coffeecord Support Server#general
[CMD] /theme set | infamousgr_95424 (1168282467162136656) | Coffeecord Support Server#general
──────────────────────────────────────────────────
Bot started at 2026-03-15 14:20:41
──────────────────────────────────────────────────
DISCORD VERSION: 2.7.1
DISCORD FILE: /home/gavin/Discordbot/.venv/lib/python3.12/site-packages/discord/__init__.py
PYTHON: /home/gavin/Discordbot/.venv/bin/python
[module-registry] 9 module file(s) are not present yet; those modules will be skipped during startup.
Loaded extension: Modules.modules_cmd
Loaded extension: Modules.automod
Loaded extension: Modules.autorole
Loaded extension: Modules.fun
Loaded extension: Modules.leveling
Loaded extension: Modules.logging
Loaded extension: Modules.reactionrole
Loaded extension: Modules.setup_wizard
Loaded extension: Modules.test_module
Loaded extension: Modules.themes
Loaded extension: Modules.tickets
Loaded extension: Modules.translate
Loaded extension: Modules.welcome_leave
[module-registry] Loaded 12 extension(s).
[module-registry] Skipped 9 unavailable module extension(s): Modules.adaptive_slowmode, Modules.applications, Modules.calls, Modules.kofi, Modules.muterole, Modules.nickname, Modules.polls, Modules.support, Modules.verification
Ko-fi webhook server listening on :5000
🤖 Logged in as Coffecord#1804
✅ Persistent ticket views registered
Synced: 66
[CMD] /theme list | infamousgr_95424 (1168282467162136656) | Coffeecord Support Server#general
[CMD] /theme list | infamousgr_95424 (1168282467162136656) | Coffeecord Support Server#general
[CMD] /theme set | infamousgr_95424 (1168282467162136656) | Coffeecord Support Server#general
──────────────────────────────────────────────────
Bot started at 2026-03-15 15:05:50
──────────────────────────────────────────────────
DISCORD VERSION: 2.7.1
DISCORD FILE: /home/gavin/Discordbot/.venv/lib/python3.12/site-packages/discord/__init__.py
PYTHON: /home/gavin/Discordbot/.venv/bin/python
[module-registry] 9 module file(s) are not present yet; those modules will be skipped during startup.
Loaded extension: Modules.modules_cmd
Loaded extension: Modules.automod
Loaded extension: Modules.autorole
Loaded extension: Modules.fun
Loaded extension: Modules.leveling
Loaded extension: Modules.logging
Loaded extension: Modules.reactionrole
Loaded extension: Modules.setup_wizard
Loaded extension: Modules.test_module
Loaded extension: Modules.themes
Loaded extension: Modules.tickets
Loaded extension: Modules.translate
Loaded extension: Modules.welcome_leave
[module-registry] Loaded 12 extension(s).
[module-registry] Skipped 9 unavailable module extension(s): Modules.adaptive_slowmode, Modules.applications, Modules.calls, Modules.kofi, Modules.muterole, Modules.nickname, Modules.polls, Modules.support, Modules.verification
Ko-fi webhook server listening on :5000
🤖 Logged in as Coffecord#1804
✅ Persistent ticket views registered
Synced: 66
[CMD] /theme list | infamousgr_95424 (1168282467162136656) | Coffeecord Support Server#general
[CMD] /theme set | infamousgr_95424 (1168282467162136656) | Coffeecord Support Server#general
──────────────────────────────────────────────────
Bot started at 2026-03-15 15:14:14
──────────────────────────────────────────────────
DISCORD VERSION: 2.7.1
DISCORD FILE: /home/gavin/Discordbot/.venv/lib/python3.12/site-packages/discord/__init__.py
PYTHON: /home/gavin/Discordbot/.venv/bin/python
[module-registry] 9 module file(s) are not present yet; those modules will be skipped during startup.
Loaded extension: Modules.modules_cmd
Loaded extension: Modules.automod
Loaded extension: Modules.autorole
Loaded extension: Modules.fun
Loaded extension: Modules.leveling
Loaded extension: Modules.logging
Loaded extension: Modules.reactionrole
Loaded extension: Modules.setup_wizard
Loaded extension: Modules.test_module
Loaded extension: Modules.themes
Loaded extension: Modules.tickets
Loaded extension: Modules.translate
Loaded extension: Modules.welcome_leave
[module-registry] Loaded 12 extension(s).
[module-registry] Skipped 9 unavailable module extension(s): Modules.adaptive_slowmode, Modules.applications, Modules.calls, Modules.kofi, Modules.muterole, Modules.nickname, Modules.polls, Modules.support, Modules.verification
Ko-fi webhook server listening on :5000
🤖 Logged in as Coffecord#1804
✅ Persistent ticket views registered
Synced: 66
[JOIN] Sent welcome message in Infamous Gr's server
──────────────────────────────────────────────────
Bot started at 2026-03-15 15:17:32
──────────────────────────────────────────────────
DISCORD VERSION: 2.7.1
DISCORD FILE: /home/gavin/Discordbot/.venv/lib/python3.12/site-packages/discord/__init__.py
PYTHON: /home/gavin/Discordbot/.venv/bin/python
[module-registry] 9 module file(s) are not present yet; those modules will be skipped during startup.
Loaded extension: Modules.modules_cmd
Loaded extension: Modules.automod
Loaded extension: Modules.autorole
Loaded extension: Modules.fun
Loaded extension: Modules.leveling
Loaded extension: Modules.logging
Loaded extension: Modules.reactionrole
Loaded extension: Modules.setup_wizard
Loaded extension: Modules.test_module
Loaded extension: Modules.themes
Loaded extension: Modules.tickets
Loaded extension: Modules.translate
Loaded extension: Modules.welcome_leave
[module-registry] Loaded 12 extension(s).
[module-registry] Skipped 9 unavailable module extension(s): Modules.adaptive_slowmode, Modules.applications, Modules.calls, Modules.kofi, Modules.muterole, Modules.nickname, Modules.polls, Modules.support, Modules.verification
Ko-fi webhook server listening on :5000
🤖 Logged in as Coffecord#1804
✅ Persistent ticket views registered
Synced: 66
[CMD] /theme set | infamousgr_95424 (1168282467162136656) | Coffeecord Support Server#general
[CMD] /automod warn add | infamousgr_95424 (1168282467162136656) | Coffeecord Support Server#general
[CMD] /theme info | infamousgr_95424 (1168282467162136656) | Coffeecord Support Server#general
──────────────────────────────────────────────────
Bot started at 2026-03-15 15:48:35
──────────────────────────────────────────────────
DISCORD VERSION: 2.7.1
DISCORD FILE: /home/gavin/Discordbot/.venv/lib/python3.12/site-packages/discord/__init__.py
PYTHON: /home/gavin/Discordbot/.venv/bin/python
[module-registry] 9 module file(s) are not present yet; those modules will be skipped during startup.
Loaded extension: Modules.modules_cmd
Loaded extension: Modules.automod
Loaded extension: Modules.autorole
Loaded extension: Modules.fun
Loaded extension: Modules.leveling
Loaded extension: Modules.logging
Loaded extension: Modules.reactionrole
Loaded extension: Modules.setup_wizard
Loaded extension: Modules.test_module
Loaded extension: Modules.themes
Loaded extension: Modules.tickets
Loaded extension: Modules.translate
Loaded extension: Modules.welcome_leave
[module-registry] Loaded 12 extension(s).
[module-registry] Skipped 9 unavailable module extension(s): Modules.adaptive_slowmode, Modules.applications, Modules.calls, Modules.kofi, Modules.muterole, Modules.nickname, Modules.polls, Modules.support, Modules.verification
Ko-fi webhook server listening on :5000
🤖 Logged in as Coffecord#1804
✅ Persistent ticket views registered
Synced: 66
[CMD] /theme set | infamousgr_95424 (1168282467162136656) | Coffeecord Support Server#general
[CMD] /automod warn add | infamousgr_95424 (1168282467162136656) | Coffeecord Support Server#general
[APP_COMMAND_ERROR] /automod warn add
Traceback (most recent call last):
  File "/home/gavin/Discordbot/.venv/lib/python3.12/site-packages/discord/app_commands/commands.py", line 859, in _do_call
    return await self._callback(interaction, **params)  # type: ignore
           ^^^^^^^^^^^^^^^^^^^^^^^^^^^^^^^^^^^^^^^^^^^
  File "/home/gavin/Discordbot/Modules/automod.py", line 1855, in automod_warn_add
    await notify_user_automod_action(
  File "/home/gavin/Discordbot/Modules/automod.py", line 419, in notify_user_automod_action
    await send_themed_moderation_dm(
  File "/home/gavin/Discordbot/Modules/themes.py", line 300, in send_themed_moderation_dm
    await member.send(embed=embed)
  File "/home/gavin/Discordbot/.venv/lib/python3.12/site-packages/discord/abc.py", line 1656, in send
    channel = await self._get_channel()
              ^^^^^^^^^^^^^^^^^^^^^^^^^
  File "/home/gavin/Discordbot/.venv/lib/python3.12/site-packages/discord/member.py", line 419, in _get_channel
    ch = await self.create_dm()
         ^^^^^^^^^^^^^^^^^^^^^^
  File "/home/gavin/Discordbot/.venv/lib/python3.12/site-packages/discord/member.py", line 196, in general
    return await getattr(self._user, x)(*args, **kwargs)
                 ^^^^^^^^^^^^^^^^^^^^^^
AttributeError: 'ClientUser' object has no attribute 'create_dm'. Did you mean: 'created_at'?
──────────────────────────────────────────────────
Bot started at 2026-03-15 16:22:39
──────────────────────────────────────────────────
DISCORD VERSION: 2.7.1
DISCORD FILE: /home/gavin/Discordbot/.venv/lib/python3.12/site-packages/discord/__init__.py
PYTHON: /home/gavin/Discordbot/.venv/bin/python
[module-registry] 9 module file(s) are not present yet; those modules will be skipped during startup.
Loaded extension: Modules.modules_cmd
Loaded extension: Modules.automod
Loaded extension: Modules.autorole
Loaded extension: Modules.fun
Loaded extension: Modules.leveling
Loaded extension: Modules.logging
Loaded extension: Modules.reactionrole
Loaded extension: Modules.setup_wizard
Loaded extension: Modules.test_module
Loaded extension: Modules.themes
Loaded extension: Modules.tickets
Loaded extension: Modules.translate
Loaded extension: Modules.welcome_leave
[module-registry] Loaded 12 extension(s).
[module-registry] Skipped 9 unavailable module extension(s): Modules.adaptive_slowmode, Modules.applications, Modules.calls, Modules.kofi, Modules.muterole, Modules.nickname, Modules.polls, Modules.support, Modules.verification
Ko-fi webhook server listening on :5000
🤖 Logged in as Coffecord#1804
✅ Persistent ticket views registered
Synced: 66
[CMD] /theme info | infamousgr_95424 (1168282467162136656) | Coffeecord Support Server#general
[CMD] /automod warn add | infamousgr_95424 (1168282467162136656) | Coffeecord Support Server#general
[CMD] /automod warn add | infamousgr_95424 (1168282467162136656) | Coffeecord Support Server#general
[CMD] /ban | infamousgr_95424 (1168282467162136656) | Coffeecord Support Server#logs
[CMD] /ban | infamousgr_95424 (1168282467162136656) | Coffeecord Support Server#logs
──────────────────────────────────────────────────
Bot started at 2026-03-15 16:36:55
──────────────────────────────────────────────────
DISCORD VERSION: 2.7.1
DISCORD FILE: /home/gavin/Discordbot/.venv/lib/python3.12/site-packages/discord/__init__.py
PYTHON: /home/gavin/Discordbot/.venv/bin/python
[module-registry] 9 module file(s) are not present yet; those modules will be skipped during startup.
Loaded extension: Modules.modules_cmd
Loaded extension: Modules.automod
Loaded extension: Modules.autorole
Loaded extension: Modules.fun
Loaded extension: Modules.leveling
Loaded extension: Modules.logging
Loaded extension: Modules.reactionrole
Loaded extension: Modules.setup_wizard
Loaded extension: Modules.test_module
Loaded extension: Modules.themes
Loaded extension: Modules.tickets
Loaded extension: Modules.translate
Loaded extension: Modules.welcome_leave
[module-registry] Loaded 12 extension(s).
[module-registry] Skipped 9 unavailable module extension(s): Modules.adaptive_slowmode, Modules.applications, Modules.calls, Modules.kofi, Modules.muterole, Modules.nickname, Modules.polls, Modules.support, Modules.verification
Ko-fi webhook server listening on :5000
🤖 Logged in as Coffecord#1804
✅ Persistent ticket views registered
Synced: 66
──────────────────────────────────────────────────
Bot started at 2026-03-15 16:42:24
──────────────────────────────────────────────────
DISCORD VERSION: 2.7.1
DISCORD FILE: /home/gavin/Discordbot/.venv/lib/python3.12/site-packages/discord/__init__.py
PYTHON: /home/gavin/Discordbot/.venv/bin/python
[module-registry] 9 module file(s) are not present yet; those modules will be skipped during startup.
Loaded extension: Modules.modules_cmd
Loaded extension: Modules.automod
Loaded extension: Modules.autorole
Loaded extension: Modules.fun
Loaded extension: Modules.leveling
Loaded extension: Modules.logging
Loaded extension: Modules.reactionrole
Loaded extension: Modules.setup_wizard
Loaded extension: Modules.test_module
Loaded extension: Modules.themes
Loaded extension: Modules.tickets
Loaded extension: Modules.translate
Loaded extension: Modules.welcome_leave
[module-registry] Loaded 12 extension(s).
[module-registry] Skipped 9 unavailable module extension(s): Modules.adaptive_slowmode, Modules.applications, Modules.calls, Modules.kofi, Modules.muterole, Modules.nickname, Modules.polls, Modules.support, Modules.verification
Ko-fi webhook server listening on :5000
Traceback (most recent call last):
  File "/home/gavin/Discordbot/.venv/lib/python3.12/site-packages/aiohttp/connector.py", line 1562, in _create_direct_connection
    hosts = await self._resolve_host(host, port, traces=traces)
            ^^^^^^^^^^^^^^^^^^^^^^^^^^^^^^^^^^^^^^^^^^^^^^^^^^^
  File "/home/gavin/Discordbot/.venv/lib/python3.12/site-packages/aiohttp/connector.py", line 1178, in _resolve_host
    return await asyncio.shield(resolved_host_task)
           ^^^^^^^^^^^^^^^^^^^^^^^^^^^^^^^^^^^^^^^^
  File "/home/gavin/Discordbot/.venv/lib/python3.12/site-packages/aiohttp/connector.py", line 1209, in _resolve_host_with_throttle
    addrs = await self._resolver.resolve(host, port, family=self._family)
            ^^^^^^^^^^^^^^^^^^^^^^^^^^^^^^^^^^^^^^^^^^^^^^^^^^^^^^^^^^^^^
  File "/home/gavin/Discordbot/.venv/lib/python3.12/site-packages/aiohttp/resolver.py", line 40, in resolve
    infos = await self._loop.getaddrinfo(
            ^^^^^^^^^^^^^^^^^^^^^^^^^^^^^
  File "/usr/lib/python3.12/asyncio/base_events.py", line 901, in getaddrinfo
    return await self.run_in_executor(
           ^^^^^^^^^^^^^^^^^^^^^^^^^^^
  File "/usr/lib/python3.12/concurrent/futures/thread.py", line 58, in run
    result = self.fn(*self.args, **self.kwargs)
             ^^^^^^^^^^^^^^^^^^^^^^^^^^^^^^^^^^
  File "/usr/lib/python3.12/socket.py", line 963, in getaddrinfo
    for res in _socket.getaddrinfo(host, port, family, type, proto, flags):
               ^^^^^^^^^^^^^^^^^^^^^^^^^^^^^^^^^^^^^^^^^^^^^^^^^^^^^^^^^^^
socket.gaierror: [Errno -2] Name or service not known

The above exception was the direct cause of the following exception:

Traceback (most recent call last):
  File "/home/gavin/Discordbot/Src/Bot.py", line 4402, in <module>
    asyncio.run(_run_bot_with_kofi())
  File "/usr/lib/python3.12/asyncio/runners.py", line 194, in run
    return runner.run(main)
           ^^^^^^^^^^^^^^^^
  File "/usr/lib/python3.12/asyncio/runners.py", line 118, in run
    return self._loop.run_until_complete(task)
           ^^^^^^^^^^^^^^^^^^^^^^^^^^^^^^^^^^^
  File "/usr/lib/python3.12/asyncio/base_events.py", line 687, in run_until_complete
    return future.result()
           ^^^^^^^^^^^^^^^
  File "/home/gavin/Discordbot/Src/Bot.py", line 4392, in _run_bot_with_kofi
    await bot.start(token)
  File "/home/gavin/Discordbot/.venv/lib/python3.12/site-packages/discord/client.py", line 850, in start
    await self.login(token)
  File "/home/gavin/Discordbot/.venv/lib/python3.12/site-packages/discord/client.py", line 679, in login
    data = await self.http.static_login(token)
           ^^^^^^^^^^^^^^^^^^^^^^^^^^^^^^^^^^^
  File "/home/gavin/Discordbot/.venv/lib/python3.12/site-packages/discord/http.py", line 844, in static_login
    data = await self.request(Route('GET', '/users/@me'))
           ^^^^^^^^^^^^^^^^^^^^^^^^^^^^^^^^^^^^^^^^^^^^^^
  File "/home/gavin/Discordbot/.venv/lib/python3.12/site-packages/discord/http.py", line 659, in request
    async with self.__session.request(method, url, **kwargs) as response:
  File "/home/gavin/Discordbot/.venv/lib/python3.12/site-packages/aiohttp/client.py", line 1510, in __aenter__
    self._resp: _RetType = await self._coro
                           ^^^^^^^^^^^^^^^^
  File "/home/gavin/Discordbot/.venv/lib/python3.12/site-packages/aiohttp/client.py", line 779, in _request
    resp = await handler(req)
           ^^^^^^^^^^^^^^^^^^
  File "/home/gavin/Discordbot/.venv/lib/python3.12/site-packages/aiohttp/client.py", line 734, in _connect_and_send_request
    conn = await self._connector.connect(
           ^^^^^^^^^^^^^^^^^^^^^^^^^^^^^^
  File "/home/gavin/Discordbot/.venv/lib/python3.12/site-packages/aiohttp/connector.py", line 672, in connect
    proto = await self._create_connection(req, traces, timeout)
            ^^^^^^^^^^^^^^^^^^^^^^^^^^^^^^^^^^^^^^^^^^^^^^^^^^^
  File "/home/gavin/Discordbot/.venv/lib/python3.12/site-packages/aiohttp/connector.py", line 1239, in _create_connection
    _, proto = await self._create_direct_connection(req, traces, timeout)
               ^^^^^^^^^^^^^^^^^^^^^^^^^^^^^^^^^^^^^^^^^^^^^^^^^^^^^^^^^^
  File "/home/gavin/Discordbot/.venv/lib/python3.12/site-packages/aiohttp/connector.py", line 1568, in _create_direct_connection
    raise ClientConnectorDNSError(req.connection_key, exc) from exc
aiohttp.client_exceptions.ClientConnectorDNSError: Cannot connect to host discord.com:443 ssl:default [Name or service not known]
Unclosed client session
client_session: <aiohttp.client.ClientSession object at 0x7fd21cd1bf80>
──────────────────────────────────────────────────
Bot started at 2026-03-15 16:42:46
──────────────────────────────────────────────────
DISCORD VERSION: 2.7.1
DISCORD FILE: /home/gavin/Discordbot/.venv/lib/python3.12/site-packages/discord/__init__.py
PYTHON: /home/gavin/Discordbot/.venv/bin/python
[module-registry] 9 module file(s) are not present yet; those modules will be skipped during startup.
Loaded extension: Modules.modules_cmd
Loaded extension: Modules.automod
Loaded extension: Modules.autorole
Loaded extension: Modules.fun
Loaded extension: Modules.leveling
Loaded extension: Modules.logging
Loaded extension: Modules.reactionrole
Loaded extension: Modules.setup_wizard
Loaded extension: Modules.test_module
Loaded extension: Modules.themes
Loaded extension: Modules.tickets
Loaded extension: Modules.translate
Loaded extension: Modules.welcome_leave
[module-registry] Loaded 12 extension(s).
[module-registry] Skipped 9 unavailable module extension(s): Modules.adaptive_slowmode, Modules.applications, Modules.calls, Modules.kofi, Modules.muterole, Modules.nickname, Modules.polls, Modules.support, Modules.verification
Ko-fi webhook server listening on :5000
🤖 Logged in as Coffecord#1804
✅ Persistent ticket views registered
Synced: 66
──────────────────────────────────────────────────
Bot started at 2026-03-15 16:43:30
──────────────────────────────────────────────────
DISCORD VERSION: 2.7.1
DISCORD FILE: /home/gavin/Discordbot/.venv/lib/python3.12/site-packages/discord/__init__.py
PYTHON: /home/gavin/Discordbot/.venv/bin/python
[module-registry] 9 module file(s) are not present yet; those modules will be skipped during startup.
Loaded extension: Modules.modules_cmd
Loaded extension: Modules.automod
Loaded extension: Modules.autorole
Loaded extension: Modules.fun
Loaded extension: Modules.leveling
Loaded extension: Modules.logging
Loaded extension: Modules.reactionrole
Loaded extension: Modules.setup_wizard
Loaded extension: Modules.test_module
Loaded extension: Modules.themes
Loaded extension: Modules.tickets
Loaded extension: Modules.translate
Loaded extension: Modules.welcome_leave
[module-registry] Loaded 12 extension(s).
[module-registry] Skipped 9 unavailable module extension(s): Modules.adaptive_slowmode, Modules.applications, Modules.calls, Modules.kofi, Modules.muterole, Modules.nickname, Modules.polls, Modules.support, Modules.verification
Ko-fi webhook server listening on :5000
🤖 Logged in as Coffecord#1804
✅ Persistent ticket views registered
Synced: 66
──────────────────────────────────────────────────
Bot started at 2026-03-15 16:47:07
──────────────────────────────────────────────────
DISCORD VERSION: 2.7.1
DISCORD FILE: /home/gavin/Discordbot/.venv/lib/python3.12/site-packages/discord/__init__.py
PYTHON: /home/gavin/Discordbot/.venv/bin/python
[module-registry] 9 module file(s) are not present yet; those modules will be skipped during startup.
Loaded extension: Modules.modules_cmd
Loaded extension: Modules.automod
Loaded extension: Modules.autorole
Loaded extension: Modules.fun
Loaded extension: Modules.leveling
Loaded extension: Modules.logging
Loaded extension: Modules.reactionrole
Loaded extension: Modules.setup_wizard
Loaded extension: Modules.test_module
Loaded extension: Modules.themes
Loaded extension: Modules.tickets
Loaded extension: Modules.translate
Loaded extension: Modules.welcome_leave
[module-registry] Loaded 12 extension(s).
[module-registry] Skipped 9 unavailable module extension(s): Modules.adaptive_slowmode, Modules.applications, Modules.calls, Modules.kofi, Modules.muterole, Modules.nickname, Modules.polls, Modules.support, Modules.verification
Ko-fi webhook server listening on :5000
🤖 Logged in as Coffecord#1804
✅ Persistent ticket views registered
Synced: 66
──────────────────────────────────────────────────
Bot started at 2026-03-15 16:55:51
──────────────────────────────────────────────────
DISCORD VERSION: 2.7.1
DISCORD FILE: /home/gavin/Discordbot/.venv/lib/python3.12/site-packages/discord/__init__.py
PYTHON: /home/gavin/Discordbot/.venv/bin/python
[module-registry] 9 module file(s) are not present yet; those modules will be skipped during startup.
Loaded extension: Modules.modules_cmd
Loaded extension: Modules.automod
Loaded extension: Modules.autorole
Loaded extension: Modules.fun
Loaded extension: Modules.leveling
Loaded extension: Modules.logging
Loaded extension: Modules.reactionrole
Loaded extension: Modules.setup_wizard
Loaded extension: Modules.test_module
Loaded extension: Modules.themes
Loaded extension: Modules.tickets
Loaded extension: Modules.translate
Loaded extension: Modules.welcome_leave
[module-registry] Loaded 12 extension(s).
[module-registry] Skipped 9 unavailable module extension(s): Modules.adaptive_slowmode, Modules.applications, Modules.calls, Modules.kofi, Modules.muterole, Modules.nickname, Modules.polls, Modules.support, Modules.verification
Ko-fi webhook server listening on :5000
🤖 Logged in as Coffecord#1804
✅ Persistent ticket views registered
Synced: 66
──────────────────────────────────────────────────
Bot started at 2026-03-15 16:56:44
──────────────────────────────────────────────────
DISCORD VERSION: 2.7.1
DISCORD FILE: /home/gavin/Discordbot/.venv/lib/python3.12/site-packages/discord/__init__.py
PYTHON: /home/gavin/Discordbot/.venv/bin/python
[module-registry] 9 module file(s) are not present yet; those modules will be skipped during startup.
Loaded extension: Modules.modules_cmd
Loaded extension: Modules.automod
Loaded extension: Modules.autorole
Loaded extension: Modules.fun
Loaded extension: Modules.leveling
Loaded extension: Modules.logging
Loaded extension: Modules.reactionrole
Loaded extension: Modules.setup_wizard
Loaded extension: Modules.test_module
Loaded extension: Modules.themes
Loaded extension: Modules.tickets
Loaded extension: Modules.translate
Loaded extension: Modules.welcome_leave
[module-registry] Loaded 12 extension(s).
[module-registry] Skipped 9 unavailable module extension(s): Modules.adaptive_slowmode, Modules.applications, Modules.calls, Modules.kofi, Modules.muterole, Modules.nickname, Modules.polls, Modules.support, Modules.verification
Ko-fi webhook server listening on :5000
🤖 Logged in as Coffecord#1804
✅ Persistent ticket views registered
Synced: 66
[CMD] /cat | infamousgr_95424 (1168282467162136656) | Coffeecord Support Server#logs
[CMD] /8ball | infamousgr_95424 (1168282467162136656) | Coffeecord Support Server#logs
[CMD] /bet | infamousgr_95424 (1168282467162136656) | Coffeecord Support Server#logs
[CMD] /theme upload | infamousgr_95424 (1168282467162136656) | Coffeecord Support Server#new-members
[CMD] /theme set | infamousgr_95424 (1168282467162136656) | Coffeecord Support Server#new-members
[CMD] /theme set | infamousgr_95424 (1168282467162136656) | Coffeecord Support Server#new-members
[CMD] /automod warn add | infamousgr_95424 (1168282467162136656) | Coffeecord Support Server#new-members
[CMD] /automod warn clear | infamousgr_95424 (1168282467162136656) | Coffeecord Support Server#verification
[CMD] /automod warn list | infamousgr_95424 (1168282467162136656) | Coffeecord Support Server#verification
[CMD] /theme preview | infamousgr_95424 (1168282467162136656) | Coffeecord Support Server#general
[CMD] /8ball | infamousgr_95424 (1168282467162136656) | Coffeecord Support Server#general
──────────────────────────────────────────────────
Bot started at 2026-03-15 17:57:21
──────────────────────────────────────────────────
DISCORD VERSION: 2.7.1
DISCORD FILE: /home/gavin/Discordbot/.venv/lib/python3.12/site-packages/discord/__init__.py
PYTHON: /home/gavin/Discordbot/.venv/bin/python
[module-registry] 9 module file(s) are not present yet; those modules will be skipped during startup.
Loaded extension: Modules.modules_cmd
Loaded extension: Modules.automod
Loaded extension: Modules.autorole
Loaded extension: Modules.fun
Loaded extension: Modules.leveling
Loaded extension: Modules.logging
Loaded extension: Modules.reactionrole
Loaded extension: Modules.setup_wizard
Loaded extension: Modules.test_module
Loaded extension: Modules.themes
Loaded extension: Modules.tickets
Loaded extension: Modules.translate
Loaded extension: Modules.welcome_leave
[module-registry] Loaded 12 extension(s).
[module-registry] Skipped 9 unavailable module extension(s): Modules.adaptive_slowmode, Modules.applications, Modules.calls, Modules.kofi, Modules.muterole, Modules.nickname, Modules.polls, Modules.support, Modules.verification
Ko-fi webhook server listening on :5000
🤖 Logged in as Coffecord#1804
✅ Persistent ticket views registered
Synced: 66
[CMD] /theme set | infamousgr_95424 (1168282467162136656) | Coffeecord Support Server#general
[CMD] /8ball | infamousgr_95424 (1168282467162136656) | Coffeecord Support Server#general
[CMD] /call create | infamousgr_95424 (1168282467162136656) | Coffeecord Support Server#general
──────────────────────────────────────────────────
Bot started at 2026-03-15 18:14:36
──────────────────────────────────────────────────
DISCORD VERSION: 2.7.1
DISCORD FILE: /home/gavin/Discordbot/.venv/lib/python3.12/site-packages/discord/__init__.py
PYTHON: /home/gavin/Discordbot/.venv/bin/python
[module-registry] 9 module file(s) are not present yet; those modules will be skipped during startup.
Loaded extension: Modules.modules_cmd
Loaded extension: Modules.automod
Loaded extension: Modules.autorole
Loaded extension: Modules.fun
Loaded extension: Modules.leveling
Loaded extension: Modules.logging
Loaded extension: Modules.reactionrole
Loaded extension: Modules.setup_wizard
Loaded extension: Modules.test_module
Loaded extension: Modules.themes
Loaded extension: Modules.tickets
Loaded extension: Modules.translate
Loaded extension: Modules.welcome_leave
[module-registry] Loaded 12 extension(s).
[module-registry] Skipped 9 unavailable module extension(s): Modules.adaptive_slowmode, Modules.applications, Modules.calls, Modules.kofi, Modules.muterole, Modules.nickname, Modules.polls, Modules.support, Modules.verification
Ko-fi webhook server listening on :5000
🤖 Logged in as Coffecord#1804
✅ Persistent ticket views registered
Synced: 66
[CMD] /theme list | infamousgr_95424 (1168282467162136656) | Coffeecord Support Server#general
[CMD] /theme set | infamousgr_95424 (1168282467162136656) | Coffeecord Support Server#general
[CMD] /cat | infamousgr_95424 (1168282467162136656) | Coffeecord Support Server#general
[CMD] /8ball | infamousgr_95424 (1168282467162136656) | Coffeecord Support Server#general
[CMD] /abracadaberamotherafu | infamousgr_95424 (1168282467162136656) | Coffeecord Support Server#general
[CMD] /lovecalc | infamousgr_95424 (1168282467162136656) | Coffeecord Support Server#general
[CMD] /dare | infamousgr_95424 (1168282467162136656) | Coffeecord Support Server#general
[CMD] /theme responses keys | infamousgr_95424 (1168282467162136656) | Coffeecord Support Server#general
[CMD] /theme responses set | infamousgr_95424 (1168282467162136656) | Coffeecord Support Server#general
[CMD] /dog | infamousgr_95424 (1168282467162136656) | Coffeecord Support Server#general
[CMD] /cat | infamousgr_95424 (1168282467162136656) | Coffeecord Support Server#general
──────────────────────────────────────────────────
Bot started at 2026-03-15 18:27:35
──────────────────────────────────────────────────
DISCORD VERSION: 2.7.1
DISCORD FILE: /home/gavin/Discordbot/.venv/lib/python3.12/site-packages/discord/__init__.py
PYTHON: /home/gavin/Discordbot/.venv/bin/python
[module-registry] 9 module file(s) are not present yet; those modules will be skipped during startup.
Loaded extension: Modules.modules_cmd
Loaded extension: Modules.automod
Loaded extension: Modules.autorole
Loaded extension: Modules.fun
Loaded extension: Modules.leveling
Loaded extension: Modules.logging
Loaded extension: Modules.reactionrole
Loaded extension: Modules.setup_wizard
Loaded extension: Modules.test_module
Loaded extension: Modules.themes
Loaded extension: Modules.tickets
Loaded extension: Modules.translate
Loaded extension: Modules.welcome_leave
[module-registry] Loaded 12 extension(s).
[module-registry] Skipped 9 unavailable module extension(s): Modules.adaptive_slowmode, Modules.applications, Modules.calls, Modules.kofi, Modules.muterole, Modules.nickname, Modules.polls, Modules.support, Modules.verification
Ko-fi webhook server listening on :5000
🤖 Logged in as Coffecord#1804
✅ Persistent ticket views registered
Synced: 66
──────────────────────────────────────────────────
Bot started at 2026-03-15 22:19:27
──────────────────────────────────────────────────
DISCORD VERSION: 2.7.1
DISCORD FILE: /home/gavin/Discordbot/.venv/lib/python3.12/site-packages/discord/__init__.py
PYTHON: /home/gavin/Discordbot/.venv/bin/python
[module-registry] 9 module file(s) are not present yet; those modules will be skipped during startup.
Loaded extension: Modules.modules_cmd
Loaded extension: Modules.automod
Loaded extension: Modules.autorole
Loaded extension: Modules.fun
Loaded extension: Modules.leveling
Loaded extension: Modules.logging
Loaded extension: Modules.reactionrole
Loaded extension: Modules.setup_wizard
Loaded extension: Modules.test_module
Loaded extension: Modules.themes
Loaded extension: Modules.tickets
Loaded extension: Modules.translate
Loaded extension: Modules.welcome_leave
[module-registry] Loaded 12 extension(s).
[module-registry] Skipped 9 unavailable module extension(s): Modules.adaptive_slowmode, Modules.applications, Modules.calls, Modules.kofi, Modules.muterole, Modules.nickname, Modules.polls, Modules.support, Modules.verification
Ko-fi webhook server listening on :5000
🤖 Logged in as Coffecord#1804
✅ Persistent ticket views registered
Synced: 66
──────────────────────────────────────────────────
Bot started at 2026-03-16 07:44:10
──────────────────────────────────────────────────
DISCORD VERSION: 2.7.1
DISCORD FILE: /home/gavin/Discordbot/.venv/lib/python3.12/site-packages/discord/__init__.py
PYTHON: /home/gavin/Discordbot/.venv/bin/python
[module-registry] 9 module file(s) are not present yet; those modules will be skipped during startup.
Loaded extension: Modules.modules_cmd
Loaded extension: Modules.automod
Loaded extension: Modules.autorole
Loaded extension: Modules.fun
Loaded extension: Modules.leveling
Loaded extension: Modules.logging
Loaded extension: Modules.reactionrole
Loaded extension: Modules.setup_wizard
Loaded extension: Modules.test_module
Loaded extension: Modules.themes
Loaded extension: Modules.tickets
Loaded extension: Modules.translate
Loaded extension: Modules.welcome_leave
[module-registry] Loaded 12 extension(s).
[module-registry] Skipped 9 unavailable module extension(s): Modules.adaptive_slowmode, Modules.applications, Modules.calls, Modules.kofi, Modules.muterole, Modules.nickname, Modules.polls, Modules.support, Modules.verification
Ko-fi webhook server listening on :5000
🤖 Logged in as Coffecord#1804
✅ Persistent ticket views registered
Synced: 66
──────────────────────────────────────────────────
Bot started at 2026-03-16 10:13:20
──────────────────────────────────────────────────
DISCORD VERSION: 2.7.1
DISCORD FILE: /home/gavin/Discordbot/.venv/lib/python3.12/site-packages/discord/__init__.py
PYTHON: /home/gavin/Discordbot/.venv/bin/python
[module-registry] 9 module file(s) are not present yet; those modules will be skipped during startup.
Loaded extension: Modules.modules_cmd
Loaded extension: Modules.automod
Loaded extension: Modules.autorole
Loaded extension: Modules.fun
Loaded extension: Modules.leveling
Loaded extension: Modules.logging
Loaded extension: Modules.reactionrole
Loaded extension: Modules.setup_wizard
Loaded extension: Modules.test_module
Loaded extension: Modules.themes
Loaded extension: Modules.tickets
Loaded extension: Modules.translate
Loaded extension: Modules.welcome_leave
[module-registry] Loaded 12 extension(s).
[module-registry] Skipped 9 unavailable module extension(s): Modules.adaptive_slowmode, Modules.applications, Modules.calls, Modules.kofi, Modules.muterole, Modules.nickname, Modules.polls, Modules.support, Modules.verification
Ko-fi webhook server listening on :5000
🤖 Logged in as Coffecord#1804
✅ Persistent ticket views registered
Synced: 66
──────────────────────────────────────────────────
Bot started at 2026-03-16 15:37:25
──────────────────────────────────────────────────
DISCORD VERSION: 2.7.1
DISCORD FILE: /home/gavin/Discordbot/.venv/lib/python3.12/site-packages/discord/__init__.py
PYTHON: /home/gavin/Discordbot/.venv/bin/python
[module-registry] 9 module file(s) are not present yet; those modules will be skipped during startup.
Loaded extension: Modules.modules_cmd
Loaded extension: Modules.automod
Loaded extension: Modules.autorole
Loaded extension: Modules.fun
Loaded extension: Modules.leveling
Loaded extension: Modules.logging
Loaded extension: Modules.reactionrole
Loaded extension: Modules.setup_wizard
Loaded extension: Modules.test_module
Loaded extension: Modules.themes
Loaded extension: Modules.tickets
Loaded extension: Modules.translate
Loaded extension: Modules.welcome_leave
[module-registry] Loaded 12 extension(s).
[module-registry] Skipped 9 unavailable module extension(s): Modules.adaptive_slowmode, Modules.applications, Modules.calls, Modules.kofi, Modules.muterole, Modules.nickname, Modules.polls, Modules.support, Modules.verification
Ko-fi webhook server listening on :5000
🤖 Logged in as Coffecord#1804
✅ Persistent ticket views registered
Synced: 66
[CMD] /cat | infamousgr_95424 (1168282467162136656) | Coffeecord Support Server#general
[JOIN] Sent welcome message in Top.gg Verification Center
[CMD] /xpset | gonoahwhere (372456601266683914) | Top.gg Verification Center#boat-test-7
[CMD] /xp config | gonoahwhere (372456601266683914) | Top.gg Verification Center#boat-test-7
[CMD] /welcome test | gonoahwhere (372456601266683914) | Top.gg Verification Center#boat-test-7
[CMD] /welcome config | gonoahwhere (372456601266683914) | Top.gg Verification Center#boat-test-7
[CMD] /welcome test | gonoahwhere (372456601266683914) | Top.gg Verification Center#boat-test-7
[CMD] /verifyconfig | gonoahwhere (372456601266683914) | Top.gg Verification Center#boat-test-7
[CMD] /uwuify | gonoahwhere (372456601266683914) | Top.gg Verification Center#boat-test-7
[APP_COMMAND_ERROR] /uwuify
Traceback (most recent call last):
  File "/home/gavin/Discordbot/.venv/lib/python3.12/site-packages/discord/app_commands/commands.py", line 858, in _do_call
    return await self._callback(self.binding, interaction, **params)  # type: ignore
           ^^^^^^^^^^^^^^^^^^^^^^^^^^^^^^^^^^^^^^^^^^^^^^^^^^^^^^^^^
  File "/home/gavin/Discordbot/Modules/fun.py", line 328, in uwuify_cmd
    from uwuify import uwu
          ^^^^^^^^^^^^^^^^
  File "/home/gavin/Discordbot/Modules/themes.py", line 323, in get_command_response_for_interaction
    return get_command_response(guild_id, command, key, default, **params)
           ^^^^^^^^^^^^^^^^^^^^^^^^^^^^^^^^^^^^^^^^^^^^^^^^^^^^^^^^^^^^^^^
  File "/home/gavin/Discordbot/Modules/themes.py", line 338, in get_command_response
    return _substitute(default, **params)
           ^^^^^^^^^^^^^^^^^^^^^^^^^^^^^^
TypeError: _substitute() got multiple values for argument 'text'
[CMD] /unmute | gonoahwhere (372456601266683914) | Top.gg Verification Center#boat-test-7
[CMD] /truth | gonoahwhere (372456601266683914) | Top.gg Verification Center#boat-test-7
[CMD] /translate text | gonoahwhere (372456601266683914) | Top.gg Verification Center#boat-test-7
[CMD] /translate settings | gonoahwhere (372456601266683914) | Top.gg Verification Center#boat-test-7
[CMD] /theme upload | gonoahwhere (372456601266683914) | Top.gg Verification Center#boat-test-7
[CMD] /theme list | gonoahwhere (372456601266683914) | Top.gg Verification Center#boat-test-7
[CMD] /theme preview | gonoahwhere (372456601266683914) | Top.gg Verification Center#boat-test-7
[CMD] /theme set | gonoahwhere (372456601266683914) | Top.gg Verification Center#boat-test-7
[CMD] /test | gonoahwhere (372456601266683914) | Top.gg Verification Center#boat-test-7
[CMD] /support us | gonoahwhere (372456601266683914) | Top.gg Verification Center#boat-test-7
[CMD] /starttimer | gonoahwhere (372456601266683914) | Top.gg Verification Center#boat-test-7
[CMD] /specific_purge | gonoahwhere (372456601266683914) | Top.gg Verification Center#boat-test-7
[CMD] /setup_resume | gonoahwhere (372456601266683914) | Top.gg Verification Center#boat-test-7
[CMD] /setup | gonoahwhere (372456601266683914) | Top.gg Verification Center#boat-test-7
[CMD] /say | gonoahwhere (372456601266683914) | Top.gg Verification Center#boat-test-7
──────────────────────────────────────────────────
Bot started at 2026-03-16 16:09:37
──────────────────────────────────────────────────
DISCORD VERSION: 2.7.1
DISCORD FILE: /home/gavin/Discordbot/.venv/lib/python3.12/site-packages/discord/__init__.py
PYTHON: /home/gavin/Discordbot/.venv/bin/python
[module-registry] 9 module file(s) are not present yet; those modules will be skipped during startup.
Loaded extension: Modules.modules_cmd
Loaded extension: Modules.automod
Loaded extension: Modules.autorole
Loaded extension: Modules.fun
Loaded extension: Modules.leveling
Loaded extension: Modules.logging
Loaded extension: Modules.reactionrole
Loaded extension: Modules.setup_wizard
Loaded extension: Modules.test_module
Loaded extension: Modules.themes
Loaded extension: Modules.tickets
Loaded extension: Modules.translate
Loaded extension: Modules.welcome_leave
[module-registry] Loaded 12 extension(s).
[module-registry] Skipped 9 unavailable module extension(s): Modules.adaptive_slowmode, Modules.applications, Modules.calls, Modules.kofi, Modules.muterole, Modules.nickname, Modules.polls, Modules.support, Modules.verification
Ko-fi webhook server listening on :5000
🤖 Logged in as Coffecord#1804
✅ Persistent ticket views registered
Synced: 66
[CMD] /roast | gonoahwhere (372456601266683914) | Top.gg Verification Center#boat-test-7
[CMD] /remindme | gonoahwhere (372456601266683914) | Top.gg Verification Center#boat-test-7
[CMD] /remindme | gonoahwhere (372456601266683914) | Top.gg Verification Center#boat-test-7
[CMD] /setautorole_legacy | gonoahwhere (372456601266683914) | Top.gg Verification Center#boat-test-7
[CMD] /removerole | gonoahwhere (372456601266683914) | Top.gg Verification Center#boat-test-7
[CMD] /reactionrole list | gonoahwhere (372456601266683914) | Top.gg Verification Center#boat-test-7
[CMD] /reactionrole create | gonoahwhere (372456601266683914) | Top.gg Verification Center#boat-test-7
[CMD] /reactionrole config | gonoahwhere (372456601266683914) | Top.gg Verification Center#boat-test-7
[CMD] /purge | gonoahwhere (372456601266683914) | Top.gg Verification Center#boat-test-7
[APP_COMMAND_ERROR] /purge
Traceback (most recent call last):
  File "/home/gavin/Discordbot/.venv/lib/python3.12/site-packages/discord/app_commands/commands.py", line 859, in _do_call
    return await self._callback(interaction, **params)  # type: ignore
           ^^^^^^^^^^^^^^^^^^^^^^^^^^^^^^^^^^^^^^^^^^^
  File "/home/gavin/Discordbot/Src/Bot.py", line 1028, in purge
    deleted = await channel.purge(limit=amount, check=check)
              ^^^^^^^^^^^^^^^^^^^^^^^^^^^^^^^^^^^^^^^^^^^^^^
  File "/home/gavin/Discordbot/.venv/lib/python3.12/site-packages/discord/channel.py", line 714, in purge
    return await discord.abc._purge_helper(
           ^^^^^^^^^^^^^^^^^^^^^^^^^^^^^^^^
  File "/home/gavin/Discordbot/.venv/lib/python3.12/site-packages/discord/abc.py", line 222, in _purge_helper
    await strategy(to_delete, reason=reason)
  File "/home/gavin/Discordbot/.venv/lib/python3.12/site-packages/discord/channel.py", line 639, in delete_messages
    await self._state.http.delete_messages(self.id, message_ids, reason=reason)
  File "/home/gavin/Discordbot/.venv/lib/python3.12/site-packages/discord/http.py", line 772, in request
    raise Forbidden(response, data)
discord.errors.Forbidden: 403 Forbidden (error code: 50013): Missing Permissions
[CMD] /poll | gonoahwhere (372456601266683914) | Top.gg Verification Center#boat-test-7
[CMD] /petpet | gonoahwhere (372456601266683914) | Top.gg Verification Center#boat-test-7
[CMD] /muterole create | gonoahwhere (372456601266683914) | Top.gg Verification Center#boat-test-7
[JOIN] Sent welcome message in ✞ 𝕹𝖔𝖆𝖍 ✞'s TGG VC
[CMD] /nuke | gonoahwhere (372456601266683914) | ✞ 𝕹𝖔𝖆𝖍 ✞'s TGG VC#general
[CMD] /modules toggle | gonoahwhere (372456601266683914) | Top.gg Verification Center#boat-test-7
[CMD] /modules status | gonoahwhere (372456601266683914) | Top.gg Verification Center#boat-test-7
[CMD] /modules info | gonoahwhere (372456601266683914) | Top.gg Verification Center#boat-test-7
[CMD] /modules enable | gonoahwhere (372456601266683914) | Top.gg Verification Center#boat-test-7
[CMD] /modules disable | gonoahwhere (372456601266683914) | Top.gg Verification Center#boat-test-7
Task exception was never retrieved
future: <Task finished name='CommandTree-invoker' coro=<CommandTree._from_interaction.<locals>.wrapper() done, defined at /home/gavin/Discordbot/.venv/lib/python3.12/site-packages/discord/app_commands/tree.py:1136> exception=AttributeError("'_EnumValue_AppCommandOptionType' object has no attribute '__name__'")>
Traceback (most recent call last):
  File "/home/gavin/Discordbot/.venv/lib/python3.12/site-packages/discord/app_commands/tree.py", line 1302, in _call
    await command._invoke_with_namespace(interaction, namespace)
  File "/home/gavin/Discordbot/.venv/lib/python3.12/site-packages/discord/app_commands/commands.py", line 883, in _invoke_with_namespace
    transformed_values = await self._transform_arguments(interaction, namespace)
                         ^^^^^^^^^^^^^^^^^^^^^^^^^^^^^^^^^^^^^^^^^^^^^^^^^^^^^^^
  File "/home/gavin/Discordbot/.venv/lib/python3.12/site-packages/discord/app_commands/commands.py", line 849, in _transform_arguments
    transformed_values[param.name] = await param.transform(interaction, value)
                                     ^^^^^^^^^^^^^^^^^^^^^^^^^^^^^^^^^^^^^^^^^
  File "/home/gavin/Discordbot/.venv/lib/python3.12/site-packages/discord/app_commands/transformers.py", line 184, in transform
    return await maybe_coroutine(self._annotation.transform, interaction, value)
           ^^^^^^^^^^^^^^^^^^^^^^^^^^^^^^^^^^^^^^^^^^^^^^^^^^^^^^^^^^^^^^^^^^^^^
  File "/home/gavin/Discordbot/.venv/lib/python3.12/site-packages/discord/utils.py", line 713, in maybe_coroutine
    return await value
           ^^^^^^^^^^^
  File "/home/gavin/Discordbot/.venv/lib/python3.12/site-packages/discord/app_commands/transformers.py", line 625, in transform
    raise TransformerError(value, self.type, self)
discord.app_commands.errors.TransformerError: Failed to convert Kanade#1780 to Member

During handling of the above exception, another exception occurred:

Traceback (most recent call last):
  File "/home/gavin/Discordbot/.venv/lib/python3.12/site-packages/discord/app_commands/tree.py", line 1138, in wrapper
    await self._call(interaction)
  File "/home/gavin/Discordbot/.venv/lib/python3.12/site-packages/discord/app_commands/tree.py", line 1306, in _call
    await self.on_error(interaction, e)
  File "/home/gavin/Discordbot/Src/Bot.py", line 3177, in on_app_command_error
    f"❌ Invalid value for `{error.value}` ({error.type.__name__}).",
                                             ^^^^^^^^^^^^^^^^^^^
AttributeError: '_EnumValue_AppCommandOptionType' object has no attribute '__name__'. Did you mean: '__ne__'?
[CMD] /lovecalc | gonoahwhere (372456601266683914) | Top.gg Verification Center#boat-test-7
[CMD] /lovecalc | gonoahwhere (372456601266683914) | Top.gg Verification Center#boat-test-7
[CMD] /logging toggle | gonoahwhere (372456601266683914) | Top.gg Verification Center#boat-test-7
[CMD] /logging status | gonoahwhere (372456601266683914) | Top.gg Verification Center#boat-test-7
[CMD] /logging setup | gonoahwhere (372456601266683914) | Top.gg Verification Center#boat-test-7
[CMD] /logging disable | gonoahwhere (372456601266683914) | Top.gg Verification Center#boat-test-7
[CMD] /levelreward remove | gonoahwhere (372456601266683914) | Top.gg Verification Center#boat-test-7
[CMD] /levelreward mode | gonoahwhere (372456601266683914) | Top.gg Verification Center#boat-test-7
[CMD] /levelreward mode | gonoahwhere (372456601266683914) | Top.gg Verification Center#boat-test-7
[CMD] /levelreward list | gonoahwhere (372456601266683914) | Top.gg Verification Center#boat-test-7
[CMD] /levelreward add | gonoahwhere (372456601266683914) | Top.gg Verification Center#boat-test-7
[CMD] /levelcard preset | gonoahwhere (372456601266683914) | Top.gg Verification Center#boat-test-7
[CMD] /levelcard customize | gonoahwhere (372456601266683914) | Top.gg Verification Center#boat-test-7
[CMD] /levelcard customize | gonoahwhere (372456601266683914) | Top.gg Verification Center#boat-test-7
[CMD] /level | gonoahwhere (372456601266683914) | Top.gg Verification Center#boat-test-7
[CMD] /leave test | gonoahwhere (372456601266683914) | Top.gg Verification Center#boat-test-7
[CMD] /leave config | gonoahwhere (372456601266683914) | Top.gg Verification Center#boat-test-7
[CMD] /leave test | gonoahwhere (372456601266683914) | Top.gg Verification Center#boat-test-7
[CMD] /kofi status | gonoahwhere (372456601266683914) | Top.gg Verification Center#boat-test-7
[CMD] /kofi remove | gonoahwhere (372456601266683914) | Top.gg Verification Center#boat-test-7
[CMD] /kofi add | gonoahwhere (372456601266683914) | Top.gg Verification Center#boat-test-7
[CMD] /kofi link | gonoahwhere (372456601266683914) | Top.gg Verification Center#boat-test-7
[CMD] /kofi claim | gonoahwhere (372456601266683914) | Top.gg Verification Center#boat-test-7
[CMD] /kofi link | gonoahwhere (372456601266683914) | Top.gg Verification Center#boat-test-7
[CMD] /kiss | gonoahwhere (372456601266683914) | Top.gg Verification Center#boat-test-7
[CMD] /hug | gonoahwhere (372456601266683914) | Top.gg Verification Center#boat-test-7
[CMD] /help | gonoahwhere (372456601266683914) | Top.gg Verification Center#boat-test-7
[CMD] /hardmute | gonoahwhere (372456601266683914) | Top.gg Verification Center#boat-test-7
[CMD] /giverole | gonoahwhere (372456601266683914) | Top.gg Verification Center#boat-test-7
[CMD] /flipcoin | gonoahwhere (372456601266683914) | Top.gg Verification Center#boat-test-7
[CMD] /dog | gonoahwhere (372456601266683914) | Top.gg Verification Center#boat-test-7
[CMD] /dm | gonoahwhere (372456601266683914) | Top.gg Verification Center#boat-test-7
[CMD] /help | gonoahwhere (372456601266683914) | Top.gg Verification Center#boat-test-7
[CMD] /debugcommands | gonoahwhere (372456601266683914) | Top.gg Verification Center#boat-test-7
[CMD] /dare | gonoahwhere (372456601266683914) | Top.gg Verification Center#boat-test-7
[CMD] /checktimers | gonoahwhere (372456601266683914) | Top.gg Verification Center#boat-test-7
[CMD] /cat | gonoahwhere (372456601266683914) | Top.gg Verification Center#boat-test-7
[CMD] /call create | gonoahwhere (372456601266683914) | Top.gg Verification Center#boat-test-7
[APP_COMMAND_ERROR] /call create
Traceback (most recent call last):
  File "/home/gavin/Discordbot/.venv/lib/python3.12/site-packages/discord/app_commands/commands.py", line 859, in _do_call
    return await self._callback(interaction, **params)  # type: ignore
           ^^^^^^^^^^^^^^^^^^^^^^^^^^^^^^^^^^^^^^^^^^^
  File "/home/gavin/Discordbot/Src/Bot.py", line 3295, in call
    channel = await guild.create_voice_channel(
              ^^^^^^^^^^^^^^^^^^^^^^^^^^^^^^^^^
  File "/home/gavin/Discordbot/.venv/lib/python3.12/site-packages/discord/guild.py", line 1637, in create_voice_channel
    data = await self._create_channel(
           ^^^^^^^^^^^^^^^^^^^^^^^^^^^
  File "/home/gavin/Discordbot/.venv/lib/python3.12/site-packages/discord/http.py", line 772, in request
    raise Forbidden(response, data)
discord.errors.Forbidden: 403 Forbidden (error code: 50013): Missing Permissions
[CMD] /bet | gonoahwhere (372456601266683914) | Top.gg Verification Center#boat-test-7
[CMD] /autorole_legacy | gonoahwhere (372456601266683914) | Top.gg Verification Center#boat-test-7
[CMD] /autorole toggle | gonoahwhere (372456601266683914) | Top.gg Verification Center#boat-test-7
[CMD] /autorole test | gonoahwhere (372456601266683914) | Top.gg Verification Center#boat-test-7
[CMD] /autorole status | gonoahwhere (372456601266683914) | Top.gg Verification Center#boat-test-7
[CMD] /autorole add | gonoahwhere (372456601266683914) | Top.gg Verification Center#boat-test-7
[CMD] /automod whitelist role | gonoahwhere (372456601266683914) | Top.gg Verification Center#boat-test-7
[CMD] /automod whitelist channel | gonoahwhere (372456601266683914) | Top.gg Verification Center#boat-test-7
[CMD] /automod whitelist channel | gonoahwhere (372456601266683914) | Top.gg Verification Center#boat-test-7
[CMD] /automod whitelist channel | gonoahwhere (372456601266683914) | Top.gg Verification Center#boat-test-7
[CMD] /automod warn add | gonoahwhere (372456601266683914) | Top.gg Verification Center#boat-test-7
[CMD] /automod warn list | gonoahwhere (372456601266683914) | Top.gg Verification Center#boat-test-7
[CMD] /automod warn clear | gonoahwhere (372456601266683914) | Top.gg Verification Center#boat-test-7
[CMD] /automod toggle rule | gonoahwhere (372456601266683914) | Top.gg Verification Center#boat-test-7
[CMD] /automod status | gonoahwhere (372456601266683914) | Top.gg Verification Center#boat-test-7
[CMD] /automod set violationwarns | gonoahwhere (372456601266683914) | Top.gg Verification Center#boat-test-7
[CMD] /automod set value | gonoahwhere (372456601266683914) | Top.gg Verification Center#boat-test-7
[CMD] /automod set log | gonoahwhere (372456601266683914) | Top.gg Verification Center#boat-test-7
[CMD] /automod set deletemessage | gonoahwhere (372456601266683914) | Top.gg Verification Center#boat-test-7
[CMD] /automod set action | gonoahwhere (372456601266683914) | Top.gg Verification Center#boat-test-7
[CMD] /automod reload | gonoahwhere (372456601266683914) | Top.gg Verification Center#boat-test-7
[CMD] /automod preset | gonoahwhere (372456601266683914) | Top.gg Verification Center#boat-test-7
[CMD] /automod on | gonoahwhere (372456601266683914) | Top.gg Verification Center#boat-test-7
[CMD] /automod off | gonoahwhere (372456601266683914) | Top.gg Verification Center#boat-test-7
[CMD] /automod exempt role | gonoahwhere (372456601266683914) | Top.gg Verification Center#boat-test-7
[CMD] /automod exempt list | gonoahwhere (372456601266683914) | Top.gg Verification Center#boat-test-7
[CMD] /automod escalation warn | gonoahwhere (372456601266683914) | Top.gg Verification Center#boat-test-7
[CMD] /automod channel overrideset | gonoahwhere (372456601266683914) | Top.gg Verification Center#boat-test-7
[CMD] /automod channel overrideclear | gonoahwhere (372456601266683914) | Top.gg Verification Center#boat-test-7
[CMD] /automod badword list | gonoahwhere (372456601266683914) | Top.gg Verification Center#boat-test-7
[CMD] /automod badword add | gonoahwhere (372456601266683914) | Top.gg Verification Center#boat-test-7
[CMD] /automod badword list | gonoahwhere (372456601266683914) | Top.gg Verification Center#boat-test-7
[CMD] /automod badword remove | gonoahwhere (372456601266683914) | Top.gg Verification Center#boat-test-7
[CMD] /automod badword list | gonoahwhere (372456601266683914) | Top.gg Verification Center#boat-test-7
[CMD] /application | gonoahwhere (372456601266683914) | Top.gg Verification Center#boat-test-7
[CMD] /ak47 | gonoahwhere (372456601266683914) | Top.gg Verification Center#boat-test-7
[CMD] /adaptive_slowmode | gonoahwhere (372456601266683914) | Top.gg Verification Center#boat-test-7
[CMD] /abracadaberamotherafu | gonoahwhere (372456601266683914) | Top.gg Verification Center#boat-test-7
[CMD] /about | gonoahwhere (372456601266683914) | Top.gg Verification Center#boat-test-7
[CMD] /8ball | gonoahwhere (372456601266683914) | Top.gg Verification Center#boat-test-7
[CMD] /dm | gonoahwhere (372456601266683914) | Top.gg Verification Center#boat-test-7
──────────────────────────────────────────────────
Bot started at 2026-03-16 16:38:10
──────────────────────────────────────────────────
DISCORD VERSION: 2.7.1
DISCORD FILE: /home/gavin/Discordbot/.venv/lib/python3.12/site-packages/discord/__init__.py
PYTHON: /home/gavin/Discordbot/.venv/bin/python
[module-registry] 9 module file(s) are not present yet; those modules will be skipped during startup.
Loaded extension: Modules.modules_cmd
Loaded extension: Modules.automod
Loaded extension: Modules.autorole
Loaded extension: Modules.fun
Loaded extension: Modules.leveling
Loaded extension: Modules.logging
Loaded extension: Modules.reactionrole
Loaded extension: Modules.setup_wizard
Loaded extension: Modules.test_module
Loaded extension: Modules.themes
Loaded extension: Modules.tickets
Loaded extension: Modules.translate
Loaded extension: Modules.welcome_leave
[module-registry] Loaded 12 extension(s).
[module-registry] Skipped 9 unavailable module extension(s): Modules.adaptive_slowmode, Modules.applications, Modules.calls, Modules.kofi, Modules.muterole, Modules.nickname, Modules.polls, Modules.support, Modules.verification
Ko-fi webhook server listening on :5000
🤖 Logged in as Coffecord#1804
✅ Persistent ticket views registered
Synced: 68
[CMD] /optout | stan425 (1212790116838412341) | Coffeecord Support Server#general
[CMD] /dm | infamousgr_95424 (1168282467162136656) | Coffeecord Support Server#general
──────────────────────────────────────────────────
Bot started at 2026-03-16 18:21:41
──────────────────────────────────────────────────
Traceback (most recent call last):
  File "/home/gavin/Discordbot/Src/Bot.py", line 2242, in <module>
    @app_commands.checks.has_permissions(manage_members=True)
     ^^^^^^^^^^^^^^^^^^^^^^^^^^^^^^^^^^^^^^^^^^^^^^^^^^^^^^^^
  File "/home/gavin/Discordbot/.venv/lib/python3.12/site-packages/discord/app_commands/checks.py", line 330, in has_permissions
    raise TypeError(f'Invalid permission(s): {", ".join(invalid)}')
TypeError: Invalid permission(s): manage_members
sys:1: RuntimeWarning: coroutine 'CommandTree.interaction_check' was never awaited
──────────────────────────────────────────────────
Bot started at 2026-03-16 18:43:24
──────────────────────────────────────────────────
Traceback (most recent call last):
  File "/home/gavin/Discordbot/Src/Bot.py", line 2242, in <module>
    @app_commands.checks.has_permissions(manage_members=True)
     ^^^^^^^^^^^^^^^^^^^^^^^^^^^^^^^^^^^^^^^^^^^^^^^^^^^^^^^^
  File "/home/gavin/Discordbot/.venv/lib/python3.12/site-packages/discord/app_commands/checks.py", line 330, in has_permissions
    raise TypeError(f'Invalid permission(s): {", ".join(invalid)}')
TypeError: Invalid permission(s): manage_members
sys:1: RuntimeWarning: coroutine 'CommandTree.interaction_check' was never awaited
──────────────────────────────────────────────────
Bot started at 2026-03-16 18:44:19
──────────────────────────────────────────────────
DISCORD VERSION: 2.7.1
DISCORD FILE: /home/gavin/Discordbot/.venv/lib/python3.12/site-packages/discord/__init__.py
PYTHON: /home/gavin/Discordbot/.venv/bin/python
[module-registry] 9 module file(s) are not present yet; those modules will be skipped during startup.
Loaded extension: Modules.modules_cmd
Loaded extension: Modules.automod
Loaded extension: Modules.autorole
Loaded extension: Modules.fun
Loaded extension: Modules.leveling
Loaded extension: Modules.logging
Loaded extension: Modules.reactionrole
Loaded extension: Modules.setup_wizard
Loaded extension: Modules.test_module
Loaded extension: Modules.themes
Loaded extension: Modules.tickets
Loaded extension: Modules.translate
Loaded extension: Modules.welcome_leave
[module-registry] Loaded 12 extension(s).
[module-registry] Skipped 9 unavailable module extension(s): Modules.adaptive_slowmode, Modules.applications, Modules.calls, Modules.kofi, Modules.muterole, Modules.nickname, Modules.polls, Modules.support, Modules.verification
Ko-fi webhook server listening on :5000
🤖 Logged in as Coffecord#1804
✅ Persistent ticket views registered
Synced: 68
──────────────────────────────────────────────────
Bot started at 2026-03-16 21:43:20
──────────────────────────────────────────────────
DISCORD VERSION: 2.7.1
DISCORD FILE: /home/gavin/Discordbot/.venv/lib/python3.12/site-packages/discord/__init__.py
PYTHON: /home/gavin/Discordbot/.venv/bin/python
[module-registry] 9 module file(s) are not present yet; those modules will be skipped during startup.
Loaded extension: Modules.modules_cmd
Loaded extension: Modules.automod
Loaded extension: Modules.autorole
Loaded extension: Modules.fun
Loaded extension: Modules.leveling
Loaded extension: Modules.logging
Loaded extension: Modules.reactionrole
Loaded extension: Modules.setup_wizard
Loaded extension: Modules.test_module
Loaded extension: Modules.themes
Loaded extension: Modules.tickets
Loaded extension: Modules.translate
Loaded extension: Modules.welcome_leave
[module-registry] Loaded 12 extension(s).
[module-registry] Skipped 9 unavailable module extension(s): Modules.adaptive_slowmode, Modules.applications, Modules.calls, Modules.kofi, Modules.muterole, Modules.nickname, Modules.polls, Modules.support, Modules.verification
Ko-fi webhook server listening on :5000
🤖 Logged in as Coffecord#1804
✅ Persistent ticket views registered
Synced: 68
[JOIN] Sent welcome message in Top.gg Verification Center
[CMD] /help | demondev_ (555652788592443392) | Top.gg Verification Center#boat-test-10
[CMD] /dm | demondev_ (555652788592443392) | Top.gg Verification Center#boat-test-10
[CMD] /dm | demondev_ (555652788592443392) | Top.gg Verification Center#boat-test-10
[CMD] /dm | demondev_ (555652788592443392) | Top.gg Verification Center#boat-test-10
[CMD] /dm | demondev_ (555652788592443392) | Top.gg Verification Center#boat-test-10
[CMD] /dm | demondev_ (555652788592443392) | Top.gg Verification Center#boat-test-10
[CMD] /optout | demondev_ (555652788592443392) | DM#Direct Message with Coffecord#1804
[CMD] /dm | demondev_ (555652788592443392) | Top.gg Verification Center#boat-test-10
[CMD] /help | demondev_ (555652788592443392) | Top.gg Verification Center#boat-test-10
[CMD] /say | demondev_ (555652788592443392) | Top.gg Verification Center#boat-test-10
[CMD] /poll | demondev_ (555652788592443392) | Top.gg Verification Center#boat-test-10
[CMD] /say | demondev_ (555652788592443392) | Top.gg Verification Center#boat-test-10
[CMD] /say | demondev_ (555652788592443392) | Top.gg Verification Center#boat-test-10
[CMD] /kofi link | demondev_ (555652788592443392) | Top.gg Verification Center#boat-test-10
[CMD] /kofi status | demondev_ (555652788592443392) | Top.gg Verification Center#boat-test-10
[CMD] /kofi claim | demondev_ (555652788592443392) | Top.gg Verification Center#boat-test-10
[CMD] /kofi add | demondev_ (555652788592443392) | Top.gg Verification Center#boat-test-10
/home/gavin/Discordbot/Src/Bot.py:197: DeprecationWarning: datetime.datetime.utcnow() is deprecated and scheduled for removal in a future version. Use timezone-aware objects to represent datetimes in UTC: datetime.datetime.now(datetime.UTC).
  return datetime.utcnow().replace(microsecond=0).isoformat()
[CMD] /kofi add | demondev_ (555652788592443392) | Top.gg Verification Center#boat-test-10
[CMD] /kofi status | demondevx (839014570680909845) | Top.gg Verification Center#boat-test-10
[CMD] /kofi remove | demondev_ (555652788592443392) | Top.gg Verification Center#boat-test-10
[CMD] /kofi remove | demondev_ (555652788592443392) | Top.gg Verification Center#boat-test-10
[CMD] /help | demondev_ (555652788592443392) | Top.gg Verification Center#boat-test-10
[CMD] /support us | demondev_ (555652788592443392) | Top.gg Verification Center#boat-test-10
[CMD] /logging status | demondev_ (555652788592443392) | Top.gg Verification Center#boat-test-10
[CMD] /logging setup | demondev_ (555652788592443392) | Top.gg Verification Center#boat-test-10
[CMD] /logging status | demondev_ (555652788592443392) | Top.gg Verification Center#boat-test-10
[CMD] /logging toggle | demondev_ (555652788592443392) | Top.gg Verification Center#boat-test-10
[CMD] /logging disable | demondev_ (555652788592443392) | Top.gg Verification Center#boat-test-10
[CMD] /ban | demondev_ (555652788592443392) | Top.gg Verification Center#boat-test-10
[CMD] /unban | demondev_ (555652788592443392) | Top.gg Verification Center#boat-test-10
[CMD] /mute | demondev_ (555652788592443392) | Top.gg Verification Center#boat-test-10
[CMD] /unmute | demondev_ (555652788592443392) | Top.gg Verification Center#boat-test-10
[CMD] /hardmute | demondev_ (555652788592443392) | Top.gg Verification Center#boat-test-10
[CMD] /mute | demondev_ (555652788592443392) | Top.gg Verification Center#boat-test-10
[CMD] /unmute | demondev_ (555652788592443392) | Top.gg Verification Center#boat-test-10
[CMD] /hardmute | demondev_ (555652788592443392) | Top.gg Verification Center#boat-test-10
[CMD] /muterole create | demondev_ (555652788592443392) | Top.gg Verification Center#boat-test-10
[CMD] /muterole update | demondev_ (555652788592443392) | Top.gg Verification Center#boat-test-10
[CMD] /giverole | demondev_ (555652788592443392) | Top.gg Verification Center#boat-test-10
[CMD] /removerole | demondev_ (555652788592443392) | Top.gg Verification Center#boat-test-10
[CMD] /purge | demondev_ (555652788592443392) | Top.gg Verification Center#boat-test-10
[CMD] /specific_purge | demondev_ (555652788592443392) | Top.gg Verification Center#boat-test-10
[CMD] /help | demondev_ (555652788592443392) | Top.gg Verification Center#boat-test-10
[CMD] /automod overview | demondev_ (555652788592443392) | Top.gg Verification Center#boat-test-10
[CMD] /automod on | demondev_ (555652788592443392) | Top.gg Verification Center#boat-test-10
[CMD] /automod set log | demondev_ (555652788592443392) | Top.gg Verification Center#boat-test-10
[CMD] /automod toggle rule | demondev_ (555652788592443392) | Top.gg Verification Center#boat-test-10
[CMD] /automod overview | demondev_ (555652788592443392) | Top.gg Verification Center#boat-test-10
[CMD] /automod badword add | demondev_ (555652788592443392) | Top.gg Verification Center#boat-test-10
[CMD] /automod off | demondev_ (555652788592443392) | Top.gg Verification Center#boat-test-10
[CMD] /help | demondev_ (555652788592443392) | Top.gg Verification Center#boat-test-10
[CMD] /8ball | demondev_ (555652788592443392) | Top.gg Verification Center#boat-test-10
[CMD] /bet | demondev_ (555652788592443392) | Top.gg Verification Center#boat-test-10
[CMD] /flipcoin | demondev_ (555652788592443392) | Top.gg Verification Center#boat-test-10
[CMD] /hug | demondev_ (555652788592443392) | Top.gg Verification Center#boat-test-10
[CMD] /kiss | demondev_ (555652788592443392) | Top.gg Verification Center#boat-test-10
[CMD] /lovecalc | demondev_ (555652788592443392) | Top.gg Verification Center#boat-test-10
[CMD] /truth | demondev_ (555652788592443392) | Top.gg Verification Center#boat-test-10
[CMD] /dare | demondev_ (555652788592443392) | Top.gg Verification Center#boat-test-10
[CMD] /nuke | demondev_ (555652788592443392) | Top.gg Verification Center#boat-test-10
[CMD] /roast | demondev_ (555652788592443392) | Top.gg Verification Center#boat-test-10
[CMD] /ak47 | demondev_ (555652788592443392) | Top.gg Verification Center#boat-test-10
[CMD] /petpet | demondev_ (555652788592443392) | Top.gg Verification Center#boat-test-10
[CMD] /dog | demondev_ (555652788592443392) | Top.gg Verification Center#boat-test-10
[CMD] /cat | demondev_ (555652788592443392) | Top.gg Verification Center#boat-test-10
[CMD] /abracadaberamotherafu | demondev_ (555652788592443392) | Top.gg Verification Center#boat-test-10
[CMD] /help | demondev_ (555652788592443392) | Top.gg Verification Center#boat-test-10
[CMD] /remindme | demondev_ (555652788592443392) | Top.gg Verification Center#boat-test-10
[CMD] /remindme | demondev_ (555652788592443392) | Top.gg Verification Center#boat-test-10
[CMD] /remindme | demondev_ (555652788592443392) | Top.gg Verification Center#boat-test-10
[CMD] /starttimer | demondev_ (555652788592443392) | Top.gg Verification Center#boat-test-10
[CMD] /checktimers | demondev_ (555652788592443392) | Top.gg Verification Center#boat-test-10
[CMD] /endtimer | demondev_ (555652788592443392) | Top.gg Verification Center#boat-test-10
[CMD] /level | demondev_ (555652788592443392) | Top.gg Verification Center#boat-test-10
[CMD] /levelcard customize | demondev_ (555652788592443392) | Top.gg Verification Center#boat-test-10
[CMD] /level | demondev_ (555652788592443392) | Top.gg Verification Center#boat-test-10
[CMD] /xpset | demondev_ (555652788592443392) | Top.gg Verification Center#boat-test-10
[CMD] /level | demondev_ (555652788592443392) | Top.gg Verification Center#boat-test-10
[CMD] /help | demondev_ (555652788592443392) | Top.gg Verification Center#boat-test-10
[CMD] /call create | demondev_ (555652788592443392) | Top.gg Verification Center#boat-test-10
[APP_COMMAND_ERROR] /call create
Traceback (most recent call last):
  File "/home/gavin/Discordbot/.venv/lib/python3.12/site-packages/discord/app_commands/commands.py", line 859, in _do_call
    return await self._callback(interaction, **params)  # type: ignore
           ^^^^^^^^^^^^^^^^^^^^^^^^^^^^^^^^^^^^^^^^^^^
  File "/home/gavin/Discordbot/Src/Bot.py", line 3386, in call
    channel = await guild.create_voice_channel(
              ^^^^^^^^^^^^^^^^^^^^^^^^^^^^^^^^^
  File "/home/gavin/Discordbot/.venv/lib/python3.12/site-packages/discord/guild.py", line 1637, in create_voice_channel
    data = await self._create_channel(
           ^^^^^^^^^^^^^^^^^^^^^^^^^^^
  File "/home/gavin/Discordbot/.venv/lib/python3.12/site-packages/discord/http.py", line 772, in request
    raise Forbidden(response, data)
discord.errors.Forbidden: 403 Forbidden (error code: 50013): Missing Permissions
[CMD] /call create | demondev_ (555652788592443392) | Top.gg Verification Center#boat-test-10
[APP_COMMAND_ERROR] /call create
Traceback (most recent call last):
  File "/home/gavin/Discordbot/.venv/lib/python3.12/site-packages/discord/app_commands/commands.py", line 859, in _do_call
    return await self._callback(interaction, **params)  # type: ignore
           ^^^^^^^^^^^^^^^^^^^^^^^^^^^^^^^^^^^^^^^^^^^
  File "/home/gavin/Discordbot/Src/Bot.py", line 3386, in call
    channel = await guild.create_voice_channel(
              ^^^^^^^^^^^^^^^^^^^^^^^^^^^^^^^^^
  File "/home/gavin/Discordbot/.venv/lib/python3.12/site-packages/discord/guild.py", line 1637, in create_voice_channel
    data = await self._create_channel(
           ^^^^^^^^^^^^^^^^^^^^^^^^^^^
  File "/home/gavin/Discordbot/.venv/lib/python3.12/site-packages/discord/http.py", line 772, in request
    raise Forbidden(response, data)
discord.errors.Forbidden: 403 Forbidden (error code: 50013): Missing Permissions
[CMD] /call join | demondev_ (555652788592443392) | Top.gg Verification Center#boat-test-10
[CMD] /call add | demondev_ (555652788592443392) | Top.gg Verification Center#boat-test-10
[CMD] /ticket setup | demondev_ (555652788592443392) | Top.gg Verification Center#boat-test-10
[CMD] /ticket setup | demondev_ (555652788592443392) | Top.gg Verification Center#boat-test-10
[CMD] /translate text | demondev_ (555652788592443392) | Top.gg Verification Center#boat-test-10
[CMD] /translate usage | demondev_ (555652788592443392) | Top.gg Verification Center#boat-test-10
[CMD] /reactionrole config | demondev_ (555652788592443392) | Top.gg Verification Center#boat-test-10
[CMD] /reactionrole create | demondev_ (555652788592443392) | Top.gg Verification Center#boat-test-10
[CMD] /reactionrole list | demondev_ (555652788592443392) | Top.gg Verification Center#boat-test-10
[CMD] /reactionrole delete | demondev_ (555652788592443392) | Top.gg Verification Center#boat-test-10
[CMD] /reactionrole list | demondev_ (555652788592443392) | Top.gg Verification Center#boat-test-10
[CMD] /help | demondev_ (555652788592443392) | Top.gg Verification Center#boat-test-10
[CMD] /welcome config | demondev_ (555652788592443392) | Top.gg Verification Center#boat-test-10
[CMD] /welcome test | demondev_ (555652788592443392) | Top.gg Verification Center#boat-test-10
[CMD] /leave config | demondev_ (555652788592443392) | Top.gg Verification Center#boat-test-10
[CMD] /leave test | demondev_ (555652788592443392) | Top.gg Verification Center#boat-test-10
[CMD] /setup | demondev_ (555652788592443392) | Top.gg Verification Center#boat-test-10
[CMD] /theme list | demondev_ (555652788592443392) | Top.gg Verification Center#boat-test-10
[CMD] /theme set | demondev_ (555652788592443392) | Top.gg Verification Center#boat-test-10
[CMD] /theme list | demondev_ (555652788592443392) | Top.gg Verification Center#boat-test-10
[CMD] /theme set | demondev_ (555652788592443392) | Top.gg Verification Center#boat-test-10
[CMD] /verifyconfig | demondev_ (555652788592443392) | Top.gg Verification Center#boat-test-10
[CMD] /application | demondev_ (555652788592443392) | Top.gg Verification Center#boat-test-10
[CMD] /modules status | demondev_ (555652788592443392) | Top.gg Verification Center#boat-test-10
[CMD] /test | demondev_ (555652788592443392) | Top.gg Verification Center#boat-test-10
[CMD] /debugcommands | demondev_ (555652788592443392) | Top.gg Verification Center#boat-test-10
[CMD] /help | demondev_ (555652788592443392) | Top.gg Verification Center#boat-test-10
[CMD] /ban | demondev_ (555652788592443392) | Top.gg Verification Center#boat-test-10
[CMD] /ban | demondev_ (555652788592443392) | Top.gg Verification Center#boat-test-10
[CMD] /ban | demondev_ (555652788592443392) | Top.gg Verification Center#boat-test-10
[CMD] /unban | demondev_ (555652788592443392) | Top.gg Verification Center#boat-test-10
──────────────────────────────────────────────────
Bot started at 2026-03-17 07:40:19
──────────────────────────────────────────────────
DISCORD VERSION: 2.7.1
DISCORD FILE: /home/gavin/Discordbot/.venv/lib/python3.12/site-packages/discord/__init__.py
PYTHON: /home/gavin/Discordbot/.venv/bin/python
[module-registry] 9 module file(s) are not present yet; those modules will be skipped during startup.
Loaded extension: Modules.modules_cmd
Loaded extension: Modules.automod
Loaded extension: Modules.autorole
Loaded extension: Modules.fun
Loaded extension: Modules.leveling
Loaded extension: Modules.logging
Loaded extension: Modules.reactionrole
Loaded extension: Modules.setup_wizard
Loaded extension: Modules.test_module
Loaded extension: Modules.themes
Loaded extension: Modules.tickets
Loaded extension: Modules.translate
Loaded extension: Modules.welcome_leave
[module-registry] Loaded 12 extension(s).
[module-registry] Skipped 9 unavailable module extension(s): Modules.adaptive_slowmode, Modules.applications, Modules.calls, Modules.kofi, Modules.muterole, Modules.nickname, Modules.polls, Modules.support, Modules.verification
Ko-fi webhook server listening on :5000
🤖 Logged in as Coffecord#1804
✅ Persistent ticket views registered
Synced: 68
──────────────────────────────────────────────────
Bot started at 2026-03-17 08:19:25
──────────────────────────────────────────────────
DISCORD VERSION: 2.7.1
DISCORD FILE: /home/gavin/Discordbot/.venv/lib/python3.12/site-packages/discord/__init__.py
PYTHON: /home/gavin/Discordbot/.venv/bin/python
[module-registry] 9 module file(s) are not present yet; those modules will be skipped during startup.
Loaded extension: Modules.modules_cmd
Loaded extension: Modules.automod
Loaded extension: Modules.autorole
Loaded extension: Modules.fun
Loaded extension: Modules.leveling
Loaded extension: Modules.logging
Loaded extension: Modules.reactionrole
Loaded extension: Modules.setup_wizard
Loaded extension: Modules.test_module
Loaded extension: Modules.themes
Loaded extension: Modules.tickets
Loaded extension: Modules.translate
Loaded extension: Modules.welcome_leave
[module-registry] Loaded 12 extension(s).
[module-registry] Skipped 9 unavailable module extension(s): Modules.adaptive_slowmode, Modules.applications, Modules.calls, Modules.kofi, Modules.muterole, Modules.nickname, Modules.polls, Modules.support, Modules.verification
Ko-fi webhook server listening on :5000
🤖 Logged in as Coffecord#1804
✅ Persistent ticket views registered
Synced: 68
──────────────────────────────────────────────────
Bot started at 2026-03-17 11:58:27
──────────────────────────────────────────────────
DISCORD VERSION: 2.7.1
DISCORD FILE: /home/gavin/Discordbot/.venv/lib/python3.12/site-packages/discord/__init__.py
PYTHON: /home/gavin/Discordbot/.venv/bin/python
[module-registry] 9 module file(s) are not present yet; those modules will be skipped during startup.
Loaded extension: Modules.modules_cmd
Loaded extension: Modules.automod
Loaded extension: Modules.autorole
Loaded extension: Modules.fun
Loaded extension: Modules.leveling
Loaded extension: Modules.logging
Loaded extension: Modules.reactionrole
Loaded extension: Modules.setup_wizard
Loaded extension: Modules.test_module
Loaded extension: Modules.themes
Loaded extension: Modules.tickets
Loaded extension: Modules.translate
Loaded extension: Modules.welcome_leave
[module-registry] Loaded 12 extension(s).
[module-registry] Skipped 9 unavailable module extension(s): Modules.adaptive_slowmode, Modules.applications, Modules.calls, Modules.kofi, Modules.muterole, Modules.nickname, Modules.polls, Modules.support, Modules.verification
Ko-fi webhook server listening on :5000
🤖 Logged in as Coffecord#1804
✅ Persistent ticket views registered
Synced: 68
──────────────────────────────────────────────────
Bot started at 2026-03-17 15:39:16
──────────────────────────────────────────────────
DISCORD VERSION: 2.7.1
DISCORD FILE: /home/gavin/Discordbot/.venv/lib/python3.12/site-packages/discord/__init__.py
PYTHON: /home/gavin/Discordbot/.venv/bin/python
[module-registry] 9 module file(s) are not present yet; those modules will be skipped during startup.
Loaded extension: Modules.modules_cmd
Loaded extension: Modules.automod
Loaded extension: Modules.autorole
Loaded extension: Modules.fun
Loaded extension: Modules.leveling
Loaded extension: Modules.logging
Loaded extension: Modules.reactionrole
Loaded extension: Modules.setup_wizard
Loaded extension: Modules.test_module
Loaded extension: Modules.themes
Loaded extension: Modules.tickets
Loaded extension: Modules.translate
Loaded extension: Modules.welcome_leave
[module-registry] Loaded 12 extension(s).
[module-registry] Skipped 9 unavailable module extension(s): Modules.adaptive_slowmode, Modules.applications, Modules.calls, Modules.kofi, Modules.muterole, Modules.nickname, Modules.polls, Modules.support, Modules.verification
Ko-fi webhook server listening on :5000
🤖 Logged in as Coffecord#1804
✅ Persistent ticket views registered
Synced: 68
🤖 Logged in as Coffecord#1804
✅ Persistent ticket views registered
Synced: 68
──────────────────────────────────────────────────
Bot started at 2026-03-17 16:54:48
──────────────────────────────────────────────────
DISCORD VERSION: 2.7.1
DISCORD FILE: /home/gavin/Discordbot/.venv/lib/python3.12/site-packages/discord/__init__.py
PYTHON: /home/gavin/Discordbot/.venv/bin/python
[module-registry] 9 module file(s) are not present yet; those modules will be skipped during startup.
Loaded extension: Modules.modules_cmd
Loaded extension: Modules.automod
Loaded extension: Modules.autorole
Loaded extension: Modules.fun
Loaded extension: Modules.leveling
Loaded extension: Modules.logging
Loaded extension: Modules.reactionrole
Loaded extension: Modules.setup_wizard
Loaded extension: Modules.test_module
Loaded extension: Modules.themes
Loaded extension: Modules.tickets
Loaded extension: Modules.translate
Loaded extension: Modules.welcome_leave
[module-registry] Loaded 12 extension(s).
[module-registry] Skipped 9 unavailable module extension(s): Modules.adaptive_slowmode, Modules.applications, Modules.calls, Modules.kofi, Modules.muterole, Modules.nickname, Modules.polls, Modules.support, Modules.verification
Ko-fi webhook server listening on :5000
🤖 Logged in as Coffecord#1804
✅ Persistent ticket views registered
Synced: 68
──────────────────────────────────────────────────
Bot started at 2026-03-17 16:55:03
──────────────────────────────────────────────────
DISCORD VERSION: 2.7.1
DISCORD FILE: /home/gavin/Discordbot/.venv/lib/python3.12/site-packages/discord/__init__.py
PYTHON: /home/gavin/Discordbot/.venv/bin/python
[module-registry] 9 module file(s) are not present yet; those modules will be skipped during startup.
Loaded extension: Modules.modules_cmd
Loaded extension: Modules.automod
Loaded extension: Modules.autorole
Loaded extension: Modules.fun
Loaded extension: Modules.leveling
Loaded extension: Modules.logging
Loaded extension: Modules.reactionrole
Loaded extension: Modules.setup_wizard
Loaded extension: Modules.test_module
Loaded extension: Modules.themes
Loaded extension: Modules.tickets
Loaded extension: Modules.translate
Loaded extension: Modules.welcome_leave
[module-registry] Loaded 12 extension(s).
[module-registry] Skipped 9 unavailable module extension(s): Modules.adaptive_slowmode, Modules.applications, Modules.calls, Modules.kofi, Modules.muterole, Modules.nickname, Modules.polls, Modules.support, Modules.verification
Ko-fi webhook server listening on :5000
🤖 Logged in as Coffecord#1804
✅ Persistent ticket views registered
[CMD] /about | infamousgr_95424 (1168282467162136656) | Coffeecord Support Server#general
──────────────────────────────────────────────────
Bot started at 2026-03-17 16:55:45
──────────────────────────────────────────────────
DISCORD VERSION: 2.7.1
DISCORD FILE: /home/gavin/Discordbot/.venv/lib/python3.12/site-packages/discord/__init__.py
PYTHON: /home/gavin/Discordbot/.venv/bin/python
[module-registry] 9 module file(s) are not present yet; those modules will be skipped during startup.
Loaded extension: Modules.modules_cmd
Loaded extension: Modules.automod
Loaded extension: Modules.autorole
Loaded extension: Modules.fun
Loaded extension: Modules.leveling
Loaded extension: Modules.logging
Loaded extension: Modules.reactionrole
Loaded extension: Modules.setup_wizard
Loaded extension: Modules.test_module
Loaded extension: Modules.themes
Loaded extension: Modules.tickets
Loaded extension: Modules.translate
Loaded extension: Modules.welcome_leave
[module-registry] Loaded 12 extension(s).
[module-registry] Skipped 9 unavailable module extension(s): Modules.adaptive_slowmode, Modules.applications, Modules.calls, Modules.kofi, Modules.muterole, Modules.nickname, Modules.polls, Modules.support, Modules.verification
Ko-fi webhook server listening on :5000
🤖 Logged in as Coffecord#1804
✅ Persistent ticket views registered
Synced: 68
[CMD] /about | infamousgr_95424 (1168282467162136656) | Coffeecord Support Server#general
[CMD] /about | infamousgr_95424 (1168282467162136656) | Coffeecord Support Server#general
──────────────────────────────────────────────────
Bot started at 2026-03-17 17:12:31
──────────────────────────────────────────────────
DISCORD VERSION: 2.7.1
DISCORD FILE: /home/gavin/Discordbot/.venv/lib/python3.12/site-packages/discord/__init__.py
PYTHON: /home/gavin/Discordbot/.venv/bin/python
[module-registry] 9 module file(s) are not present yet; those modules will be skipped during startup.
Loaded extension: Modules.modules_cmd
Loaded extension: Modules.automod
Loaded extension: Modules.autorole
Loaded extension: Modules.fun
Loaded extension: Modules.leveling
Loaded extension: Modules.logging
Loaded extension: Modules.reactionrole
Loaded extension: Modules.setup_wizard
Loaded extension: Modules.test_module
Loaded extension: Modules.themes
Loaded extension: Modules.tickets
Loaded extension: Modules.translate
Loaded extension: Modules.welcome_leave
[module-registry] Loaded 12 extension(s).
[module-registry] Skipped 9 unavailable module extension(s): Modules.adaptive_slowmode, Modules.applications, Modules.calls, Modules.kofi, Modules.muterole, Modules.nickname, Modules.polls, Modules.support, Modules.verification
Ko-fi webhook server listening on :5000
🤖 Logged in as Coffecord#1804
✅ Persistent ticket views registered
Synced: 68
[CMD] /about | infamousgr_95424 (1168282467162136656) | Coffeecord Support Server#general
──────────────────────────────────────────────────
Bot started at 2026-03-17 17:15:30
──────────────────────────────────────────────────
DISCORD VERSION: 2.7.1
DISCORD FILE: /home/gavin/Discordbot/.venv/lib/python3.12/site-packages/discord/__init__.py
PYTHON: /home/gavin/Discordbot/.venv/bin/python
[module-registry] 9 module file(s) are not present yet; those modules will be skipped during startup.
Loaded extension: Modules.modules_cmd
Loaded extension: Modules.automod
Loaded extension: Modules.autorole
Loaded extension: Modules.fun
Loaded extension: Modules.leveling
Loaded extension: Modules.logging
Loaded extension: Modules.reactionrole
Loaded extension: Modules.setup_wizard
Loaded extension: Modules.test_module
Loaded extension: Modules.themes
Loaded extension: Modules.tickets
Loaded extension: Modules.translate
Loaded extension: Modules.welcome_leave
[module-registry] Loaded 12 extension(s).
[module-registry] Skipped 9 unavailable module extension(s): Modules.adaptive_slowmode, Modules.applications, Modules.calls, Modules.kofi, Modules.muterole, Modules.nickname, Modules.polls, Modules.support, Modules.verification
Ko-fi webhook server listening on :5000
🤖 Logged in as Coffecord#1804
✅ Persistent ticket views registered
Synced: 68
──────────────────────────────────────────────────
Bot started at 2026-03-17 17:16:12
──────────────────────────────────────────────────
DISCORD VERSION: 2.7.1
DISCORD FILE: /home/gavin/Discordbot/.venv/lib/python3.12/site-packages/discord/__init__.py
PYTHON: /home/gavin/Discordbot/.venv/bin/python
[module-registry] 9 module file(s) are not present yet; those modules will be skipped during startup.
Loaded extension: Modules.modules_cmd
Loaded extension: Modules.automod
Loaded extension: Modules.autorole
Loaded extension: Modules.fun
Loaded extension: Modules.leveling
Loaded extension: Modules.logging
Loaded extension: Modules.reactionrole
Loaded extension: Modules.setup_wizard
Loaded extension: Modules.test_module
Loaded extension: Modules.themes
Loaded extension: Modules.tickets
Loaded extension: Modules.translate
Loaded extension: Modules.welcome_leave
[module-registry] Loaded 12 extension(s).
[module-registry] Skipped 9 unavailable module extension(s): Modules.adaptive_slowmode, Modules.applications, Modules.calls, Modules.kofi, Modules.muterole, Modules.nickname, Modules.polls, Modules.support, Modules.verification
Ko-fi webhook server listening on :5000
🤖 Logged in as Coffecord#1804
✅ Persistent ticket views registered
Synced: 68
[CMD] /about | infamousgr_95424 (1168282467162136656) | Coffeecord Support Server#general
──────────────────────────────────────────────────
Bot started at 2026-03-17 17:19:19
──────────────────────────────────────────────────
DISCORD VERSION: 2.7.1
DISCORD FILE: /home/gavin/Discordbot/.venv/lib/python3.12/site-packages/discord/__init__.py
PYTHON: /home/gavin/Discordbot/.venv/bin/python
[module-registry] 9 module file(s) are not present yet; those modules will be skipped during startup.
Loaded extension: Modules.modules_cmd
Loaded extension: Modules.automod
Loaded extension: Modules.autorole
Loaded extension: Modules.fun
Loaded extension: Modules.leveling
Loaded extension: Modules.logging
Loaded extension: Modules.reactionrole
Loaded extension: Modules.setup_wizard
Loaded extension: Modules.test_module
Loaded extension: Modules.themes
Loaded extension: Modules.tickets
Loaded extension: Modules.translate
Loaded extension: Modules.welcome_leave
[module-registry] Loaded 12 extension(s).
[module-registry] Skipped 9 unavailable module extension(s): Modules.adaptive_slowmode, Modules.applications, Modules.calls, Modules.kofi, Modules.muterole, Modules.nickname, Modules.polls, Modules.support, Modules.verification
Ko-fi webhook server listening on :5000
🤖 Logged in as Coffecord#1804
✅ Persistent ticket views registered
Synced: 68
[CMD] /about | infamousgr_95424 (1168282467162136656) | Coffeecord Support Server#general
──────────────────────────────────────────────────
Bot started at 2026-03-17 17:22:39
──────────────────────────────────────────────────
DISCORD VERSION: 2.7.1
DISCORD FILE: /home/gavin/Discordbot/.venv/lib/python3.12/site-packages/discord/__init__.py
PYTHON: /home/gavin/Discordbot/.venv/bin/python
[module-registry] 9 module file(s) are not present yet; those modules will be skipped during startup.
Loaded extension: Modules.modules_cmd
Loaded extension: Modules.automod
Loaded extension: Modules.autorole
Loaded extension: Modules.fun
Loaded extension: Modules.leveling
Loaded extension: Modules.logging
Loaded extension: Modules.reactionrole
Loaded extension: Modules.setup_wizard
Loaded extension: Modules.test_module
Loaded extension: Modules.themes
Loaded extension: Modules.tickets
Loaded extension: Modules.translate
Loaded extension: Modules.welcome_leave
[module-registry] Loaded 12 extension(s).
[module-registry] Skipped 9 unavailable module extension(s): Modules.adaptive_slowmode, Modules.applications, Modules.calls, Modules.kofi, Modules.muterole, Modules.nickname, Modules.polls, Modules.support, Modules.verification
Ko-fi webhook server listening on :5000
🤖 Logged in as Coffecord#1804
✅ Persistent ticket views registered
Synced: 68
🤖 Logged in as Coffecord#1804
✅ Persistent ticket views registered
Synced: 68
🤖 Logged in as Coffecord#1804
✅ Persistent ticket views registered
Synced: 68
[CMD] /cat | infamousgr_95424 (1168282467162136656) | Coffeecord Support Server#new-members
[CMD] /cat | infamousgr_95424 (1168282467162136656) | Coffeecord Support Server#new-members
[CMD] /theme set | infamousgr_95424 (1168282467162136656) | Coffeecord Support Server#new-members
[CMD] /theme set | infamousgr_95424 (1168282467162136656) | Coffeecord Support Server#new-members
[CMD] /cat | infamousgr_95424 (1168282467162136656) | Coffeecord Support Server#new-members
🤖 Logged in as Coffecord#1804
✅ Persistent ticket views registered
Synced: 68
──────────────────────────────────────────────────
Bot started at 2026-03-17 22:43:52
──────────────────────────────────────────────────
DISCORD VERSION: 2.7.1
DISCORD FILE: /home/gavin/Discordbot/.venv/lib/python3.12/site-packages/discord/__init__.py
PYTHON: /home/gavin/Discordbot/.venv/bin/python
[module-registry] 9 module file(s) are not present yet; those modules will be skipped during startup.
Loaded extension: Modules.modules_cmd
Loaded extension: Modules.automod
Loaded extension: Modules.autorole
Loaded extension: Modules.fun
Loaded extension: Modules.leveling
Loaded extension: Modules.logging
Loaded extension: Modules.reactionrole
Loaded extension: Modules.setup_wizard
Loaded extension: Modules.test_module
Loaded extension: Modules.themes
Loaded extension: Modules.tickets
Loaded extension: Modules.translate
Loaded extension: Modules.welcome_leave
[module-registry] Loaded 12 extension(s).
[module-registry] Skipped 9 unavailable module extension(s): Modules.adaptive_slowmode, Modules.applications, Modules.calls, Modules.kofi, Modules.muterole, Modules.nickname, Modules.polls, Modules.support, Modules.verification
Ko-fi webhook server listening on :5000
🤖 Logged in as Coffecord#1804
✅ Persistent ticket views registered
Synced: 68
──────────────────────────────────────────────────
Bot started at 2026-03-18 02:05:51
──────────────────────────────────────────────────
DISCORD VERSION: 2.7.1
DISCORD FILE: /home/gavin/Discordbot/.venv/lib/python3.12/site-packages/discord/__init__.py
PYTHON: /home/gavin/Discordbot/.venv/bin/python
[module-registry] 9 module file(s) are not present yet; those modules will be skipped during startup.
Loaded extension: Modules.modules_cmd
Loaded extension: Modules.automod
Loaded extension: Modules.autorole
Loaded extension: Modules.fun
Loaded extension: Modules.leveling
Loaded extension: Modules.logging
Loaded extension: Modules.reactionrole
Loaded extension: Modules.setup_wizard
Loaded extension: Modules.test_module
Loaded extension: Modules.themes
Loaded extension: Modules.tickets
Loaded extension: Modules.translate
Loaded extension: Modules.welcome_leave
[module-registry] Loaded 12 extension(s).
[module-registry] Skipped 9 unavailable module extension(s): Modules.adaptive_slowmode, Modules.applications, Modules.calls, Modules.kofi, Modules.muterole, Modules.nickname, Modules.polls, Modules.support, Modules.verification
Ko-fi webhook server listening on :5000
🤖 Logged in as Coffecord#1804
✅ Persistent ticket views registered
Synced: 68
[JOIN] Sent welcome message in Top.gg Verification Center
[CMD] /help | demondev_ (555652788592443392) | Top.gg Verification Center#boat-test-10
[CMD] /mute | demondev_ (555652788592443392) | Top.gg Verification Center#boat-test-10
[CMD] /muterole create | demondev_ (555652788592443392) | Top.gg Verification Center#boat-test-10
[APP_COMMAND_ERROR] /muterole create
Traceback (most recent call last):
  File "/home/gavin/Discordbot/.venv/lib/python3.12/site-packages/discord/app_commands/commands.py", line 859, in _do_call
    return await self._callback(interaction, **params)  # type: ignore
           ^^^^^^^^^^^^^^^^^^^^^^^^^^^^^^^^^^^^^^^^^^^
  File "/home/gavin/Discordbot/Src/Bot.py", line 1859, in muterole_create
    role = await guild.create_role(name="Muted", reason="Mute role creation")
           ^^^^^^^^^^^^^^^^^^^^^^^^^^^^^^^^^^^^^^^^^^^^^^^^^^^^^^^^^^^^^^^^^^
  File "/home/gavin/Discordbot/.venv/lib/python3.12/site-packages/discord/guild.py", line 3799, in create_role
    data = await self._state.http.create_role(self.id, reason=reason, **fields)
           ^^^^^^^^^^^^^^^^^^^^^^^^^^^^^^^^^^^^^^^^^^^^^^^^^^^^^^^^^^^^^^^^^^^^
  File "/home/gavin/Discordbot/.venv/lib/python3.12/site-packages/discord/http.py", line 772, in request
    raise Forbidden(response, data)
discord.errors.Forbidden: 403 Forbidden (error code: 50013): Missing Permissions
[CMD] /muterole create | demondev_ (555652788592443392) | Top.gg Verification Center#boat-test-10
[CMD] /mute | demondev_ (555652788592443392) | Top.gg Verification Center#boat-test-10
[APP_COMMAND_ERROR] /mute
Traceback (most recent call last):
  File "/home/gavin/Discordbot/.venv/lib/python3.12/site-packages/discord/app_commands/commands.py", line 859, in _do_call
    return await self._callback(interaction, **params)  # type: ignore
           ^^^^^^^^^^^^^^^^^^^^^^^^^^^^^^^^^^^^^^^^^^^
  File "/home/gavin/Discordbot/Src/Bot.py", line 1773, in mute
    await member.add_roles(mute_role, reason=reason)
  File "/home/gavin/Discordbot/.venv/lib/python3.12/site-packages/discord/member.py", line 1148, in add_roles
    await req(guild_id, user_id, role.id, reason=reason)
  File "/home/gavin/Discordbot/.venv/lib/python3.12/site-packages/discord/http.py", line 772, in request
    raise Forbidden(response, data)
discord.errors.Forbidden: 403 Forbidden (error code: 50001): Missing Access
[CMD] /mute | demondev_ (555652788592443392) | Top.gg Verification Center#boat-test-10
[APP_COMMAND_ERROR] /mute
Traceback (most recent call last):
  File "/home/gavin/Discordbot/.venv/lib/python3.12/site-packages/discord/app_commands/commands.py", line 859, in _do_call
    return await self._callback(interaction, **params)  # type: ignore
           ^^^^^^^^^^^^^^^^^^^^^^^^^^^^^^^^^^^^^^^^^^^
  File "/home/gavin/Discordbot/Src/Bot.py", line 1773, in mute
    await member.add_roles(mute_role, reason=reason)
  File "/home/gavin/Discordbot/.venv/lib/python3.12/site-packages/discord/member.py", line 1148, in add_roles
    await req(guild_id, user_id, role.id, reason=reason)
  File "/home/gavin/Discordbot/.venv/lib/python3.12/site-packages/discord/http.py", line 772, in request
    raise Forbidden(response, data)
discord.errors.Forbidden: 403 Forbidden (error code: 50001): Missing Access
[CMD] /mute | demondev_ (555652788592443392) | Top.gg Verification Center#boat-test-10
[APP_COMMAND_ERROR] /mute
Traceback (most recent call last):
  File "/home/gavin/Discordbot/.venv/lib/python3.12/site-packages/discord/app_commands/commands.py", line 859, in _do_call
    return await self._callback(interaction, **params)  # type: ignore
           ^^^^^^^^^^^^^^^^^^^^^^^^^^^^^^^^^^^^^^^^^^^
  File "/home/gavin/Discordbot/Src/Bot.py", line 1773, in mute
    await member.add_roles(mute_role, reason=reason)
  File "/home/gavin/Discordbot/.venv/lib/python3.12/site-packages/discord/member.py", line 1148, in add_roles
    await req(guild_id, user_id, role.id, reason=reason)
  File "/home/gavin/Discordbot/.venv/lib/python3.12/site-packages/discord/http.py", line 772, in request
    raise Forbidden(response, data)
discord.errors.Forbidden: 403 Forbidden (error code: 50001): Missing Access
[CMD] /mute | demondev_ (555652788592443392) | Top.gg Verification Center#boat-test-10
[CMD] /unmute | demondev_ (555652788592443392) | Top.gg Verification Center#boat-test-10
[CMD] /help | demondev_ (555652788592443392) | Top.gg Verification Center#boat-test-10
[CMD] /hardmute | demondev_ (555652788592443392) | Top.gg Verification Center#boat-test-10
[CMD] /unmute | demondev_ (555652788592443392) | Top.gg Verification Center#boat-test-10
[CMD] /muterole update | demondev_ (555652788592443392) | Top.gg Verification Center#boat-test-10
[CMD] /giverole | demondev_ (555652788592443392) | Top.gg Verification Center#boat-test-10
[CMD] /removerole | demondev_ (555652788592443392) | Top.gg Verification Center#boat-test-10
[CMD] /purge | demondev_ (555652788592443392) | Top.gg Verification Center#boat-test-10
[CMD] /call create | demondev_ (555652788592443392) | Top.gg Verification Center#boat-test-10
[APP_COMMAND_ERROR] /call create
Traceback (most recent call last):
  File "/home/gavin/Discordbot/.venv/lib/python3.12/site-packages/discord/app_commands/commands.py", line 859, in _do_call
    return await self._callback(interaction, **params)  # type: ignore
           ^^^^^^^^^^^^^^^^^^^^^^^^^^^^^^^^^^^^^^^^^^^
  File "/home/gavin/Discordbot/Src/Bot.py", line 3498, in call
    channel = await guild.create_voice_channel(
              ^^^^^^^^^^^^^^^^^^^^^^^^^^^^^^^^^
  File "/home/gavin/Discordbot/.venv/lib/python3.12/site-packages/discord/guild.py", line 1637, in create_voice_channel
    data = await self._create_channel(
           ^^^^^^^^^^^^^^^^^^^^^^^^^^^
  File "/home/gavin/Discordbot/.venv/lib/python3.12/site-packages/discord/http.py", line 772, in request
    raise Forbidden(response, data)
discord.errors.Forbidden: 403 Forbidden (error code: 50013): Missing Permissions
[CMD] /call create | demondev_ (555652788592443392) | Top.gg Verification Center#vc-test-0
[APP_COMMAND_ERROR] /call create
Traceback (most recent call last):
  File "/home/gavin/Discordbot/.venv/lib/python3.12/site-packages/discord/app_commands/commands.py", line 859, in _do_call
    return await self._callback(interaction, **params)  # type: ignore
           ^^^^^^^^^^^^^^^^^^^^^^^^^^^^^^^^^^^^^^^^^^^
  File "/home/gavin/Discordbot/Src/Bot.py", line 3498, in call
    channel = await guild.create_voice_channel(
              ^^^^^^^^^^^^^^^^^^^^^^^^^^^^^^^^^
  File "/home/gavin/Discordbot/.venv/lib/python3.12/site-packages/discord/guild.py", line 1637, in create_voice_channel
    data = await self._create_channel(
           ^^^^^^^^^^^^^^^^^^^^^^^^^^^
  File "/home/gavin/Discordbot/.venv/lib/python3.12/site-packages/discord/http.py", line 772, in request
    raise Forbidden(response, data)
discord.errors.Forbidden: 403 Forbidden (error code: 50013): Missing Permissions
──────────────────────────────────────────────────
Bot started at 2026-03-18 04:37:01
──────────────────────────────────────────────────
DISCORD VERSION: 2.7.1
DISCORD FILE: /home/gavin/Discordbot/.venv/lib/python3.12/site-packages/discord/__init__.py
PYTHON: /home/gavin/Discordbot/.venv/bin/python
[module-registry] 9 module file(s) are not present yet; those modules will be skipped during startup.
Loaded extension: Modules.modules_cmd
Loaded extension: Modules.automod
Loaded extension: Modules.autorole
Loaded extension: Modules.fun
Loaded extension: Modules.leveling
Loaded extension: Modules.logging
Loaded extension: Modules.reactionrole
Loaded extension: Modules.setup_wizard
Loaded extension: Modules.test_module
Loaded extension: Modules.themes
Loaded extension: Modules.tickets
Loaded extension: Modules.translate
Loaded extension: Modules.welcome_leave
[module-registry] Loaded 12 extension(s).
[module-registry] Skipped 9 unavailable module extension(s): Modules.adaptive_slowmode, Modules.applications, Modules.calls, Modules.kofi, Modules.muterole, Modules.nickname, Modules.polls, Modules.support, Modules.verification
Ko-fi webhook server listening on :5000
🤖 Logged in as Coffecord#1804
✅ Persistent ticket views registered
Synced: 69
[CMD] /call create | infamousgr_95424 (1168282467162136656) | Coffeecord Support Server#new-members
[CMD] /command_perms | stan425 (1212790116838412341) | Coffeecord Support Server#general
[CMD] /call end | stan425 (1212790116838412341) | Coffeecord Support Server#general
[APP_COMMAND_ERROR] /call end
Traceback (most recent call last):
  File "/home/gavin/Discordbot/.venv/lib/python3.12/site-packages/discord/app_commands/commands.py", line 859, in _do_call
    return await self._callback(interaction, **params)  # type: ignore
           ^^^^^^^^^^^^^^^^^^^^^^^^^^^^^^^^^^^^^^^^^^^
  File "/home/gavin/Discordbot/Src/Bot.py", line 3783, in call_end
    call_id, info = get_host_call(calls, guild_id, str(interaction.user.id))
                    ^^^^^^^^^^^^^^^^^^^^^^^^^^^^^^^^^^^^^^^^^^^^^^^^^^^^^^^^
TypeError: get_host_call() takes 2 positional arguments but 3 were given
[CMD] /dm | infamousgr_95424 (1168282467162136656) | Coffeecord Support Server#general
[CMD] /optin | stan425 (1212790116838412341) | Coffeecord Support Server#general
[CMD] /dm | infamousgr_95424 (1168282467162136656) | Coffeecord Support Server#verification
[CMD] /say | stan425 (1212790116838412341) | Coffeecord Support Server#general
[CMD] /say | infamousgr_95424 (1168282467162136656) | Coffeecord Support Server#general
──────────────────────────────────────────────────
Bot started at 2026-03-18 04:44:55
──────────────────────────────────────────────────
DISCORD VERSION: 2.7.1
DISCORD FILE: /home/gavin/Discordbot/.venv/lib/python3.12/site-packages/discord/__init__.py
PYTHON: /home/gavin/Discordbot/.venv/bin/python
[module-registry] 9 module file(s) are not present yet; those modules will be skipped during startup.
Loaded extension: Modules.modules_cmd
Loaded extension: Modules.automod
Loaded extension: Modules.autorole
Loaded extension: Modules.fun
Loaded extension: Modules.leveling
Loaded extension: Modules.logging
Loaded extension: Modules.reactionrole
Loaded extension: Modules.setup_wizard
Loaded extension: Modules.test_module
Loaded extension: Modules.themes
Loaded extension: Modules.tickets
Loaded extension: Modules.translate
Loaded extension: Modules.welcome_leave
[module-registry] Loaded 12 extension(s).
[module-registry] Skipped 9 unavailable module extension(s): Modules.adaptive_slowmode, Modules.applications, Modules.calls, Modules.kofi, Modules.muterole, Modules.nickname, Modules.polls, Modules.support, Modules.verification
Ko-fi webhook server listening on :5000
🤖 Logged in as Coffecord#1804
✅ Persistent ticket views registered
Synced: 69
──────────────────────────────────────────────────
Bot started at 2026-03-18 04:45:18
──────────────────────────────────────────────────
DISCORD VERSION: 2.7.1
DISCORD FILE: /home/gavin/Discordbot/.venv/lib/python3.12/site-packages/discord/__init__.py
PYTHON: /home/gavin/Discordbot/.venv/bin/python
[module-registry] 9 module file(s) are not present yet; those modules will be skipped during startup.
Loaded extension: Modules.modules_cmd
Loaded extension: Modules.automod
Loaded extension: Modules.autorole
Loaded extension: Modules.fun
Loaded extension: Modules.leveling
Loaded extension: Modules.logging
Loaded extension: Modules.reactionrole
Loaded extension: Modules.setup_wizard
Loaded extension: Modules.test_module
Loaded extension: Modules.themes
Loaded extension: Modules.tickets
Loaded extension: Modules.translate
Loaded extension: Modules.welcome_leave
[module-registry] Loaded 12 extension(s).
[module-registry] Skipped 9 unavailable module extension(s): Modules.adaptive_slowmode, Modules.applications, Modules.calls, Modules.kofi, Modules.muterole, Modules.nickname, Modules.polls, Modules.support, Modules.verification
Ko-fi webhook server listening on :5000
🤖 Logged in as Coffecord#1804
✅ Persistent ticket views registered
Synced: 69
[CMD] /call create | infamousgr_95424 (1168282467162136656) | Coffeecord Support Server#general
[CMD] /call join | stan425 (1212790116838412341) | Coffeecord Support Server#general
[JOIN] Sent welcome message in Top.gg Verification Centre
[CMD] /call create | demondev_ (555652788592443392) | Top.gg Verification Centre#general
[APP_COMMAND_ERROR] /call create
Traceback (most recent call last):
  File "/home/gavin/Discordbot/.venv/lib/python3.12/site-packages/discord/app_commands/commands.py", line 859, in _do_call
    return await self._callback(interaction, **params)  # type: ignore
           ^^^^^^^^^^^^^^^^^^^^^^^^^^^^^^^^^^^^^^^^^^^
  File "/home/gavin/Discordbot/Src/Bot.py", line 3585, in call
    channel = await guild.create_voice_channel(
              ^^^^^^^^^^^^^^^^^^^^^^^^^^^^^^^^^
  File "/home/gavin/Discordbot/.venv/lib/python3.12/site-packages/discord/guild.py", line 1637, in create_voice_channel
    data = await self._create_channel(
           ^^^^^^^^^^^^^^^^^^^^^^^^^^^
  File "/home/gavin/Discordbot/.venv/lib/python3.12/site-packages/discord/http.py", line 772, in request
    raise Forbidden(response, data)
discord.errors.Forbidden: 403 Forbidden (error code: 50013): Missing Permissions
[CMD] /call create | demondev_ (555652788592443392) | Top.gg Verification Centre#general
[APP_COMMAND_ERROR] /call create
Traceback (most recent call last):
  File "/home/gavin/Discordbot/.venv/lib/python3.12/site-packages/discord/app_commands/commands.py", line 859, in _do_call
    return await self._callback(interaction, **params)  # type: ignore
           ^^^^^^^^^^^^^^^^^^^^^^^^^^^^^^^^^^^^^^^^^^^
  File "/home/gavin/Discordbot/Src/Bot.py", line 3585, in call
    channel = await guild.create_voice_channel(
              ^^^^^^^^^^^^^^^^^^^^^^^^^^^^^^^^^
  File "/home/gavin/Discordbot/.venv/lib/python3.12/site-packages/discord/guild.py", line 1637, in create_voice_channel
    data = await self._create_channel(
           ^^^^^^^^^^^^^^^^^^^^^^^^^^^
  File "/home/gavin/Discordbot/.venv/lib/python3.12/site-packages/discord/http.py", line 772, in request
    raise Forbidden(response, data)
discord.errors.Forbidden: 403 Forbidden (error code: 50013): Missing Permissions
──────────────────────────────────────────────────
Bot started at 2026-03-18 05:04:25
──────────────────────────────────────────────────
DISCORD VERSION: 2.7.1
DISCORD FILE: /home/gavin/Discordbot/.venv/lib/python3.12/site-packages/discord/__init__.py
PYTHON: /home/gavin/Discordbot/.venv/bin/python
[module-registry] 9 module file(s) are not present yet; those modules will be skipped during startup.
Loaded extension: Modules.modules_cmd
Loaded extension: Modules.automod
Loaded extension: Modules.autorole
Loaded extension: Modules.fun
Loaded extension: Modules.leveling
Loaded extension: Modules.logging
Loaded extension: Modules.reactionrole
Loaded extension: Modules.setup_wizard
Loaded extension: Modules.test_module
Loaded extension: Modules.themes
Loaded extension: Modules.tickets
Loaded extension: Modules.translate
Loaded extension: Modules.welcome_leave
[module-registry] Loaded 12 extension(s).
[module-registry] Skipped 9 unavailable module extension(s): Modules.adaptive_slowmode, Modules.applications, Modules.calls, Modules.kofi, Modules.muterole, Modules.nickname, Modules.polls, Modules.support, Modules.verification
Ko-fi webhook server listening on :5000
🤖 Logged in as Coffecord#1804
✅ Persistent ticket views registered
Synced: 69
[CMD] /call create | demondev_ (555652788592443392) | Top.gg Verification Centre#general
[CMD] /call remove | demondev_ (555652788592443392) | Top.gg Verification Centre#general
[APP_COMMAND_ERROR] /call remove
Traceback (most recent call last):
  File "/home/gavin/Discordbot/.venv/lib/python3.12/site-packages/discord/app_commands/commands.py", line 859, in _do_call
    return await self._callback(interaction, **params)  # type: ignore
           ^^^^^^^^^^^^^^^^^^^^^^^^^^^^^^^^^^^^^^^^^^^
  File "/home/gavin/Discordbot/Src/Bot.py", line 3797, in call_remove
    await channel.set_permissions(user, overwrite=None)
  File "/home/gavin/Discordbot/.venv/lib/python3.12/site-packages/discord/abc.py", line 1027, in set_permissions
    await http.delete_channel_permissions(self.id, target.id, reason=reason)
  File "/home/gavin/Discordbot/.venv/lib/python3.12/site-packages/discord/http.py", line 772, in request
    raise Forbidden(response, data)
discord.errors.Forbidden: 403 Forbidden (error code: 50001): Missing Access
[CMD] /call create | demondev_ (555652788592443392) | Top.gg Verification Centre#general
[CMD] /call join | demondevx (839014570680909845) | Top.gg Verification Centre#general
[APP_COMMAND_ERROR] /call join
Traceback (most recent call last):
  File "/home/gavin/Discordbot/.venv/lib/python3.12/site-packages/discord/app_commands/commands.py", line 859, in _do_call
    return await self._callback(interaction, **params)  # type: ignore
           ^^^^^^^^^^^^^^^^^^^^^^^^^^^^^^^^^^^^^^^^^^^
  File "/home/gavin/Discordbot/Src/Bot.py", line 3665, in call_join
    await channel.set_permissions(user, view_channel=True, connect=True)
  File "/home/gavin/Discordbot/.venv/lib/python3.12/site-packages/discord/abc.py", line 1030, in set_permissions
    await http.edit_channel_permissions(
  File "/home/gavin/Discordbot/.venv/lib/python3.12/site-packages/discord/http.py", line 772, in request
    raise Forbidden(response, data)
discord.errors.Forbidden: 403 Forbidden (error code: 50001): Missing Access
[CMD] /command_perms | demondev_ (555652788592443392) | Top.gg Verification Centre#general
──────────────────────────────────────────────────
Bot started at 2026-03-18 05:09:32
──────────────────────────────────────────────────
DISCORD VERSION: 2.7.1
DISCORD FILE: /home/gavin/Discordbot/.venv/lib/python3.12/site-packages/discord/__init__.py
PYTHON: /home/gavin/Discordbot/.venv/bin/python
[module-registry] 9 module file(s) are not present yet; those modules will be skipped during startup.
Loaded extension: Modules.modules_cmd
Loaded extension: Modules.automod
Loaded extension: Modules.autorole
Loaded extension: Modules.fun
Loaded extension: Modules.leveling
Loaded extension: Modules.logging
Loaded extension: Modules.reactionrole
Loaded extension: Modules.setup_wizard
Loaded extension: Modules.test_module
Loaded extension: Modules.themes
Loaded extension: Modules.tickets
Loaded extension: Modules.translate
Loaded extension: Modules.welcome_leave
[module-registry] Loaded 12 extension(s).
[module-registry] Skipped 9 unavailable module extension(s): Modules.adaptive_slowmode, Modules.applications, Modules.calls, Modules.kofi, Modules.muterole, Modules.nickname, Modules.polls, Modules.support, Modules.verification
Ko-fi webhook server listening on :5000
🤖 Logged in as Coffecord#1804
✅ Persistent ticket views registered
Synced: 69
──────────────────────────────────────────────────
Bot started at 2026-03-18 05:10:16
──────────────────────────────────────────────────
DISCORD VERSION: 2.7.1
DISCORD FILE: /home/gavin/Discordbot/.venv/lib/python3.12/site-packages/discord/__init__.py
PYTHON: /home/gavin/Discordbot/.venv/bin/python
[module-registry] 9 module file(s) are not present yet; those modules will be skipped during startup.
Loaded extension: Modules.modules_cmd
Loaded extension: Modules.automod
Loaded extension: Modules.autorole
Loaded extension: Modules.fun
Loaded extension: Modules.leveling
Loaded extension: Modules.logging
Loaded extension: Modules.reactionrole
Loaded extension: Modules.setup_wizard
Loaded extension: Modules.test_module
Loaded extension: Modules.themes
Loaded extension: Modules.tickets
Loaded extension: Modules.translate
Loaded extension: Modules.welcome_leave
[module-registry] Loaded 12 extension(s).
[module-registry] Skipped 9 unavailable module extension(s): Modules.adaptive_slowmode, Modules.applications, Modules.calls, Modules.kofi, Modules.muterole, Modules.nickname, Modules.polls, Modules.support, Modules.verification
Ko-fi webhook server listening on :5000
🤖 Logged in as Coffecord#1804
✅ Persistent ticket views registered
Synced: 69
[CMD] /call join | demondevx (839014570680909845) | Top.gg Verification Centre#general
[CMD] /call join | demondevx (839014570680909845) | Top.gg Verification Centre#general
[CMD] /call add | demondev_ (555652788592443392) | Top.gg Verification Centre#general
[CMD] /call remove | demondev_ (555652788592443392) | Top.gg Verification Centre#general
[APP_COMMAND_ERROR] /call remove
Traceback (most recent call last):
  File "/home/gavin/Discordbot/.venv/lib/python3.12/site-packages/discord/app_commands/commands.py", line 859, in _do_call
    return await self._callback(interaction, **params)  # type: ignore
           ^^^^^^^^^^^^^^^^^^^^^^^^^^^^^^^^^^^^^^^^^^^
  File "/home/gavin/Discordbot/Src/Bot.py", line 3814, in call_remove
    # ---------------------------------------------------
        ^^^^^^^^^^^^^^^^^^^^^^^^^^^^^^^^^^^^^^^^^^^^^^^^^^
  File "/home/gavin/Discordbot/.venv/lib/python3.12/site-packages/discord/abc.py", line 1027, in set_permissions
    await http.delete_channel_permissions(self.id, target.id, reason=reason)
  File "/home/gavin/Discordbot/.venv/lib/python3.12/site-packages/discord/http.py", line 772, in request
    raise Forbidden(response, data)
discord.errors.Forbidden: 403 Forbidden (error code: 50001): Missing Access
[CMD] /call end | demondev_ (555652788592443392) | Top.gg Verification Centre#general
[APP_COMMAND_ERROR] /call end
Traceback (most recent call last):
  File "/home/gavin/Discordbot/.venv/lib/python3.12/site-packages/discord/app_commands/commands.py", line 859, in _do_call
    return await self._callback(interaction, **params)  # type: ignore
           ^^^^^^^^^^^^^^^^^^^^^^^^^^^^^^^^^^^^^^^^^^^
  File "/home/gavin/Discordbot/Src/Bot.py", line 3869, in call_end
    pass
  File "/home/gavin/Discordbot/.venv/lib/python3.12/site-packages/discord/abc.py", line 902, in delete
    await self._state.http.delete_channel(self.id, reason=reason)
  File "/home/gavin/Discordbot/.venv/lib/python3.12/site-packages/discord/http.py", line 772, in request
    raise Forbidden(response, data)
discord.errors.Forbidden: 403 Forbidden (error code: 50001): Missing Access
[CMD] /call end | demondev_ (555652788592443392) | Top.gg Verification Centre#general
[APP_COMMAND_ERROR] /call end
Traceback (most recent call last):
  File "/home/gavin/Discordbot/.venv/lib/python3.12/site-packages/discord/app_commands/commands.py", line 859, in _do_call
    return await self._callback(interaction, **params)  # type: ignore
           ^^^^^^^^^^^^^^^^^^^^^^^^^^^^^^^^^^^^^^^^^^^
  File "/home/gavin/Discordbot/Src/Bot.py", line 3869, in call_end
    pass
  File "/home/gavin/Discordbot/.venv/lib/python3.12/site-packages/discord/abc.py", line 902, in delete
    await self._state.http.delete_channel(self.id, reason=reason)
  File "/home/gavin/Discordbot/.venv/lib/python3.12/site-packages/discord/http.py", line 772, in request
    raise Forbidden(response, data)
discord.errors.Forbidden: 403 Forbidden (error code: 50001): Missing Access
──────────────────────────────────────────────────
Bot started at 2026-03-18 05:14:41
──────────────────────────────────────────────────
DISCORD VERSION: 2.7.1
DISCORD FILE: /home/gavin/Discordbot/.venv/lib/python3.12/site-packages/discord/__init__.py
PYTHON: /home/gavin/Discordbot/.venv/bin/python
[module-registry] 9 module file(s) are not present yet; those modules will be skipped during startup.
Loaded extension: Modules.modules_cmd
Loaded extension: Modules.automod
Loaded extension: Modules.autorole
Loaded extension: Modules.fun
Loaded extension: Modules.leveling
Loaded extension: Modules.logging
Loaded extension: Modules.reactionrole
Loaded extension: Modules.setup_wizard
Loaded extension: Modules.test_module
Loaded extension: Modules.themes
Loaded extension: Modules.tickets
Loaded extension: Modules.translate
Loaded extension: Modules.welcome_leave
[module-registry] Loaded 12 extension(s).
[module-registry] Skipped 9 unavailable module extension(s): Modules.adaptive_slowmode, Modules.applications, Modules.calls, Modules.kofi, Modules.muterole, Modules.nickname, Modules.polls, Modules.support, Modules.verification
Ko-fi webhook server listening on :5000
🤖 Logged in as Coffecord#1804
✅ Persistent ticket views registered
Synced: 69
[CMD] /help | demondev_ (555652788592443392) | Top.gg Verification Center#boat-test-10
──────────────────────────────────────────────────
Bot started at 2026-03-18 05:57:16
──────────────────────────────────────────────────
DISCORD VERSION: 2.7.1
DISCORD FILE: /home/gavin/Discordbot/.venv/lib/python3.12/site-packages/discord/__init__.py
PYTHON: /home/gavin/Discordbot/.venv/bin/python
[module-registry] 9 module file(s) are not present yet; those modules will be skipped during startup.
Loaded extension: Modules.modules_cmd
Loaded extension: Modules.automod
Loaded extension: Modules.autorole
Loaded extension: Modules.fun
Loaded extension: Modules.leveling
Loaded extension: Modules.logging
Loaded extension: Modules.reactionrole
Loaded extension: Modules.setup_wizard
Loaded extension: Modules.test_module
Loaded extension: Modules.themes
Loaded extension: Modules.tickets
Loaded extension: Modules.translate
Loaded extension: Modules.welcome_leave
[module-registry] Loaded 12 extension(s).
[module-registry] Skipped 9 unavailable module extension(s): Modules.adaptive_slowmode, Modules.applications, Modules.calls, Modules.kofi, Modules.muterole, Modules.nickname, Modules.polls, Modules.support, Modules.verification
Ko-fi webhook server listening on :5000
🤖 Logged in as Coffecord#1804
✅ Persistent ticket views registered
Synced: 69
[CMD] /mute | stan425 (1212790116838412341) | Coffeecord Support Server#general
[CMD] /mute | stan425 (1212790116838412341) | Coffeecord Support Server#general
[APP_COMMAND_ERROR] /mute
Traceback (most recent call last):
  File "/home/gavin/Discordbot/.venv/lib/python3.12/site-packages/discord/app_commands/commands.py", line 859, in _do_call
    return await self._callback(interaction, **params)  # type: ignore
           ^^^^^^^^^^^^^^^^^^^^^^^^^^^^^^^^^^^^^^^^^^^
  File "/home/gavin/Discordbot/Src/Bot.py", line 1805, in mute
    await _notify_user_moderation_dm(
  File "/home/gavin/Discordbot/Src/Bot.py", line 1433, in _notify_user_moderation_dm
    await member.send(embed=embed)
  File "/home/gavin/Discordbot/.venv/lib/python3.12/site-packages/discord/abc.py", line 1656, in send
    channel = await self._get_channel()
              ^^^^^^^^^^^^^^^^^^^^^^^^^
  File "/home/gavin/Discordbot/.venv/lib/python3.12/site-packages/discord/member.py", line 419, in _get_channel
    ch = await self.create_dm()
         ^^^^^^^^^^^^^^^^^^^^^^
  File "/home/gavin/Discordbot/.venv/lib/python3.12/site-packages/discord/member.py", line 196, in general
    return await getattr(self._user, x)(*args, **kwargs)
                 ^^^^^^^^^^^^^^^^^^^^^^
AttributeError: 'ClientUser' object has no attribute 'create_dm'. Did you mean: 'created_at'?
──────────────────────────────────────────────────
Bot started at 2026-03-18 06:05:52
──────────────────────────────────────────────────
DISCORD VERSION: 2.7.1
DISCORD FILE: /home/gavin/Discordbot/.venv/lib/python3.12/site-packages/discord/__init__.py
PYTHON: /home/gavin/Discordbot/.venv/bin/python
[module-registry] 9 module file(s) are not present yet; those modules will be skipped during startup.
Loaded extension: Modules.modules_cmd
Loaded extension: Modules.automod
Loaded extension: Modules.autorole
Loaded extension: Modules.fun
Loaded extension: Modules.leveling
Loaded extension: Modules.logging
Loaded extension: Modules.reactionrole
Loaded extension: Modules.setup_wizard
Loaded extension: Modules.test_module
Loaded extension: Modules.themes
Loaded extension: Modules.tickets
Loaded extension: Modules.translate
Loaded extension: Modules.welcome_leave
[module-registry] Loaded 12 extension(s).
[module-registry] Skipped 9 unavailable module extension(s): Modules.adaptive_slowmode, Modules.applications, Modules.calls, Modules.kofi, Modules.muterole, Modules.nickname, Modules.polls, Modules.support, Modules.verification
Ko-fi webhook server listening on :5000
🤖 Logged in as Coffecord#1804
✅ Persistent ticket views registered
Synced: 69
[CMD] /mute | stan425 (1212790116838412341) | Coffeecord Support Server#general
[CMD] /mute | stan425 (1212790116838412341) | Coffeecord Support Server#general
[CMD] /mute | stan425 (1212790116838412341) | Coffeecord Support Server#general
──────────────────────────────────────────────────
Bot started at 2026-03-18 06:14:45
──────────────────────────────────────────────────
DISCORD VERSION: 2.7.1
DISCORD FILE: /home/gavin/Discordbot/.venv/lib/python3.12/site-packages/discord/__init__.py
PYTHON: /home/gavin/Discordbot/.venv/bin/python
[module-registry] 9 module file(s) are not present yet; those modules will be skipped during startup.
Loaded extension: Modules.modules_cmd
Loaded extension: Modules.automod
Loaded extension: Modules.autorole
Loaded extension: Modules.fun
Loaded extension: Modules.leveling
Loaded extension: Modules.logging
Loaded extension: Modules.reactionrole
Loaded extension: Modules.setup_wizard
Loaded extension: Modules.test_module
Loaded extension: Modules.themes
Loaded extension: Modules.tickets
Loaded extension: Modules.translate
Loaded extension: Modules.welcome_leave
[module-registry] Loaded 12 extension(s).
[module-registry] Skipped 9 unavailable module extension(s): Modules.adaptive_slowmode, Modules.applications, Modules.calls, Modules.kofi, Modules.muterole, Modules.nickname, Modules.polls, Modules.support, Modules.verification
Ko-fi webhook server listening on :5000
🤖 Logged in as Coffecord#1804
✅ Persistent ticket views registered
Synced: 69
[CMD] /mute | stan425 (1212790116838412341) | Coffeecord Support Server#general
Task exception was never retrieved
future: <Task finished name='CommandTree-invoker' coro=<CommandTree._from_interaction.<locals>.wrapper() done, defined at /home/gavin/Discordbot/.venv/lib/python3.12/site-packages/discord/app_commands/tree.py:1136> exception=AttributeError("'NoneType' object has no attribute 'is_finished'")>
Traceback (most recent call last):
  File "/home/gavin/Discordbot/.venv/lib/python3.12/site-packages/discord/app_commands/tree.py", line 1302, in _call
    await command._invoke_with_namespace(interaction, namespace)
  File "/home/gavin/Discordbot/.venv/lib/python3.12/site-packages/discord/app_commands/commands.py", line 880, in _invoke_with_namespace
    if not await self._check_can_run(interaction):
           ^^^^^^^^^^^^^^^^^^^^^^^^^^^^^^^^^^^^^^
  File "/home/gavin/Discordbot/.venv/lib/python3.12/site-packages/discord/app_commands/commands.py", line 1018, in _check_can_run
    return await async_all(f(interaction) for f in predicates)  # type: ignore
           ^^^^^^^^^^^^^^^^^^^^^^^^^^^^^^^^^^^^^^^^^^^^^^^^^^^
  File "/home/gavin/Discordbot/.venv/lib/python3.12/site-packages/discord/utils.py", line 725, in async_all
    elem = await elem
           ^^^^^^^^^^
  File "/home/gavin/Discordbot/Modules/checks.py", line 25, in can_manage_roles_or_moderate
    raise MissingRoleOrModeratePermission()
Modules.checks.MissingRoleOrModeratePermission

During handling of the above exception, another exception occurred:

Traceback (most recent call last):
  File "/home/gavin/Discordbot/.venv/lib/python3.12/site-packages/discord/app_commands/tree.py", line 1138, in wrapper
    await self._call(interaction)
  File "/home/gavin/Discordbot/.venv/lib/python3.12/site-packages/discord/app_commands/tree.py", line 1306, in _call
    await self.on_error(interaction, e)
  File "/home/gavin/Discordbot/Src/Bot.py", line 3616, in on_app_command_error
    return await _send_app_error(
           ^^^^^^^^^^^^^^^^^^^^^^
  File "/home/gavin/Discordbot/Src/Bot.py", line 3587, in _send_app_error
    await interaction.response.send_message(message, ephemeral=True, view=view)
  File "/home/gavin/Discordbot/.venv/lib/python3.12/site-packages/discord/interactions.py", line 1101, in send_message
    if view is not MISSING and not view.is_finished():
                                   ^^^^^^^^^^^^^^^^
AttributeError: 'NoneType' object has no attribute 'is_finished'
🤖 Logged in as Coffecord#1804
✅ Persistent ticket views registered
Synced: 69
[CMD] /cat | stan425 (1212790116838412341) | Coffeecord Support Server#general
🤖 Logged in as Coffecord#1804
✅ Persistent ticket views registered
Synced: 69
──────────────────────────────────────────────────
Bot started at 2026-03-18 15:41:55
──────────────────────────────────────────────────
DISCORD VERSION: 2.7.1
DISCORD FILE: /home/gavin/Discordbot/.venv/lib/python3.12/site-packages/discord/__init__.py
PYTHON: /home/gavin/Discordbot/.venv/bin/python
[module-registry] 9 module file(s) are not present yet; those modules will be skipped during startup.
Loaded extension: Modules.modules_cmd
Loaded extension: Modules.automod
Loaded extension: Modules.autorole
Loaded extension: Modules.fun
Loaded extension: Modules.leveling
Loaded extension: Modules.logging
Loaded extension: Modules.reactionrole
Loaded extension: Modules.setup_wizard
Loaded extension: Modules.test_module
Loaded extension: Modules.themes
Loaded extension: Modules.tickets
Loaded extension: Modules.translate
Loaded extension: Modules.welcome_leave
[module-registry] Loaded 12 extension(s).
[module-registry] Skipped 9 unavailable module extension(s): Modules.adaptive_slowmode, Modules.applications, Modules.calls, Modules.kofi, Modules.muterole, Modules.nickname, Modules.polls, Modules.support, Modules.verification
Ko-fi webhook server listening on :5000
🤖 Logged in as Coffecord#1804
✅ Persistent ticket views registered
Synced: 69
──────────────────────────────────────────────────
Bot started at 2026-03-18 17:04:47
──────────────────────────────────────────────────
DISCORD VERSION: 2.7.1
DISCORD FILE: /home/gavin/Discordbot/.venv/lib/python3.12/site-packages/discord/__init__.py
PYTHON: /home/gavin/Discordbot/.venv/bin/python
[module-registry] 9 module file(s) are not present yet; those modules will be skipped during startup.
Loaded extension: Modules.modules_cmd
Loaded extension: Modules.automod
Loaded extension: Modules.autorole
Loaded extension: Modules.fun
Loaded extension: Modules.leveling
Loaded extension: Modules.logging
Loaded extension: Modules.reactionrole
Loaded extension: Modules.setup_wizard
Loaded extension: Modules.test_module
Loaded extension: Modules.themes
Loaded extension: Modules.tickets
Loaded extension: Modules.translate
Loaded extension: Modules.welcome_leave
[module-registry] Loaded 12 extension(s).
[module-registry] Skipped 9 unavailable module extension(s): Modules.adaptive_slowmode, Modules.applications, Modules.calls, Modules.kofi, Modules.muterole, Modules.nickname, Modules.polls, Modules.support, Modules.verification
Ko-fi webhook server listening on :5000
🤖 Logged in as Coffecord#1804
✅ Persistent ticket views registered
Synced: 69
──────────────────────────────────────────────────
Bot started at 2026-03-18 19:13:40
──────────────────────────────────────────────────
DISCORD VERSION: 2.7.1
DISCORD FILE: /home/gavin/Discordbot/.venv/lib/python3.12/site-packages/discord/__init__.py
PYTHON: /home/gavin/Discordbot/.venv/bin/python
[module-registry] 9 module file(s) are not present yet; those modules will be skipped during startup.
Loaded extension: Modules.modules_cmd
Loaded extension: Modules.automod
Loaded extension: Modules.autorole
Loaded extension: Modules.fun
Loaded extension: Modules.leveling
Loaded extension: Modules.logging
Loaded extension: Modules.reactionrole
Loaded extension: Modules.setup_wizard
Loaded extension: Modules.test_module
Loaded extension: Modules.themes
Loaded extension: Modules.tickets
Loaded extension: Modules.translate
Loaded extension: Modules.welcome_leave
[module-registry] Loaded 12 extension(s).
[module-registry] Skipped 9 unavailable module extension(s): Modules.adaptive_slowmode, Modules.applications, Modules.calls, Modules.kofi, Modules.muterole, Modules.nickname, Modules.polls, Modules.support, Modules.verification
Ko-fi webhook server listening on :5000
🤖 Logged in as Coffecord#1804
✅ Persistent ticket views registered
Synced: 69
[CMD] /ban | stan425 (1212790116838412341) | Coffeecord Support Server#general
🤖 Logged in as Coffecord#1804
✅ Persistent ticket views registered
Synced: 69
──────────────────────────────────────────────────
Bot started at 2026-03-18 20:17:06
──────────────────────────────────────────────────
DISCORD VERSION: 2.7.1
DISCORD FILE: /home/gavin/Discordbot/.venv/lib/python3.12/site-packages/discord/__init__.py
PYTHON: /home/gavin/Discordbot/.venv/bin/python
[module-registry] 9 module file(s) are not present yet; those modules will be skipped during startup.
Loaded extension: Modules.modules_cmd
Loaded extension: Modules.automod
Loaded extension: Modules.autorole
Loaded extension: Modules.fun
Loaded extension: Modules.leveling
Loaded extension: Modules.logging
Loaded extension: Modules.reactionrole
Loaded extension: Modules.setup_wizard
Loaded extension: Modules.test_module
Loaded extension: Modules.themes
Loaded extension: Modules.tickets
Loaded extension: Modules.translate
Loaded extension: Modules.welcome_leave
[module-registry] Loaded 12 extension(s).
[module-registry] Skipped 9 unavailable module extension(s): Modules.adaptive_slowmode, Modules.applications, Modules.calls, Modules.kofi, Modules.muterole, Modules.nickname, Modules.polls, Modules.support, Modules.verification
Ko-fi webhook server listening on :5000
🤖 Logged in as Coffecord#1804
✅ Persistent ticket views registered
Synced: 69
──────────────────────────────────────────────────
Bot started at 2026-03-19 07:37:39
──────────────────────────────────────────────────
DISCORD VERSION: 2.7.1
DISCORD FILE: /home/gavin/Discordbot/.venv/lib/python3.12/site-packages/discord/__init__.py
PYTHON: /home/gavin/Discordbot/.venv/bin/python
[module-registry] 9 module file(s) are not present yet; those modules will be skipped during startup.
Loaded extension: Modules.modules_cmd
Loaded extension: Modules.automod
Loaded extension: Modules.autorole
Loaded extension: Modules.fun
Loaded extension: Modules.leveling
Loaded extension: Modules.logging
Loaded extension: Modules.reactionrole
Loaded extension: Modules.setup_wizard
Loaded extension: Modules.test_module
Loaded extension: Modules.themes
Loaded extension: Modules.tickets
Loaded extension: Modules.translate
Loaded extension: Modules.welcome_leave
[module-registry] Loaded 12 extension(s).
[module-registry] Skipped 9 unavailable module extension(s): Modules.adaptive_slowmode, Modules.applications, Modules.calls, Modules.kofi, Modules.muterole, Modules.nickname, Modules.polls, Modules.support, Modules.verification
Ko-fi webhook server listening on :5000
🤖 Logged in as Coffecord#1804
✅ Persistent ticket views registered
Synced: 69
──────────────────────────────────────────────────
Bot started at 2026-03-19 07:39:53
──────────────────────────────────────────────────
DISCORD VERSION: 2.7.1
DISCORD FILE: /home/gavin/Discordbot/.venv/lib/python3.12/site-packages/discord/__init__.py
PYTHON: /home/gavin/Discordbot/.venv/bin/python
[module-registry] 9 module file(s) are not present yet; those modules will be skipped during startup.
Loaded extension: Modules.modules_cmd
Loaded extension: Modules.automod
Loaded extension: Modules.autorole
Loaded extension: Modules.fun
Loaded extension: Modules.leveling
Loaded extension: Modules.logging
Loaded extension: Modules.reactionrole
Loaded extension: Modules.setup_wizard
Loaded extension: Modules.test_module
Loaded extension: Modules.themes
Loaded extension: Modules.tickets
Loaded extension: Modules.translate
Loaded extension: Modules.welcome_leave
[module-registry] Loaded 12 extension(s).
[module-registry] Skipped 9 unavailable module extension(s): Modules.adaptive_slowmode, Modules.applications, Modules.calls, Modules.kofi, Modules.muterole, Modules.nickname, Modules.polls, Modules.support, Modules.verification
Ko-fi webhook server listening on :5000
🤖 Logged in as Coffecord#1804
✅ Persistent ticket views registered
Synced: 69
🤖 Logged in as Coffecord#1804
✅ Persistent ticket views registered
Synced: 69
🤖 Logged in as Coffecord#1804
✅ Persistent ticket views registered
Synced: 69
──────────────────────────────────────────────────
Bot started at 2026-03-19 15:58:52
──────────────────────────────────────────────────
DISCORD VERSION: 2.7.1
DISCORD FILE: /home/gavin/Discordbot/.venv/lib/python3.12/site-packages/discord/__init__.py
PYTHON: /home/gavin/Discordbot/.venv/bin/python
[module-registry] 9 module file(s) are not present yet; those modules will be skipped during startup.
Loaded extension: Modules.modules_cmd
Loaded extension: Modules.automod
Loaded extension: Modules.autorole
Loaded extension: Modules.fun
Loaded extension: Modules.leveling
Loaded extension: Modules.logging
Loaded extension: Modules.reactionrole
Loaded extension: Modules.setup_wizard
Loaded extension: Modules.test_module
Loaded extension: Modules.themes
Loaded extension: Modules.tickets
Loaded extension: Modules.translate
Loaded extension: Modules.welcome_leave
[module-registry] Loaded 12 extension(s).
[module-registry] Skipped 9 unavailable module extension(s): Modules.adaptive_slowmode, Modules.applications, Modules.calls, Modules.kofi, Modules.muterole, Modules.nickname, Modules.polls, Modules.support, Modules.verification
Ko-fi webhook server listening on :5000
🤖 Logged in as Coffecord#1804
✅ Persistent ticket views registered
Synced: 69
──────────────────────────────────────────────────
Bot started at 2026-03-19 16:48:55
──────────────────────────────────────────────────
DISCORD VERSION: 2.7.1
DISCORD FILE: /home/gavin/Discordbot/.venv/lib/python3.12/site-packages/discord/__init__.py
PYTHON: /home/gavin/Discordbot/.venv/bin/python
[module-registry] 9 module file(s) are not present yet; those modules will be skipped during startup.
Loaded extension: Modules.modules_cmd
Loaded extension: Modules.automod
Loaded extension: Modules.autorole
Loaded extension: Modules.fun
Loaded extension: Modules.leveling
Loaded extension: Modules.logging
Loaded extension: Modules.reactionrole
Loaded extension: Modules.setup_wizard
Loaded extension: Modules.test_module
Loaded extension: Modules.themes
Loaded extension: Modules.tickets
Loaded extension: Modules.translate
Loaded extension: Modules.welcome_leave
[module-registry] Loaded 12 extension(s).
[module-registry] Skipped 9 unavailable module extension(s): Modules.adaptive_slowmode, Modules.applications, Modules.calls, Modules.kofi, Modules.muterole, Modules.nickname, Modules.polls, Modules.support, Modules.verification
Ko-fi webhook server listening on :5000
🤖 Logged in as Coffecord#1804
✅ Persistent ticket views registered
Synced: 69
[CMD] /8ball | infamousgr_95424 (1168282467162136656) | #【🐈】cat-pics
[CMD] /cat | infamousgr_95424 (1168282467162136656) | #【🐈】cat-pics
🤖 Logged in as Coffecord#1804
✅ Persistent ticket views registered
Synced: 69
🤖 Logged in as Coffecord#1804
✅ Persistent ticket views registered
Synced: 69
🤖 Logged in as Coffecord#1804
✅ Persistent ticket views registered
Synced: 69
──────────────────────────────────────────────────
Bot started at 2026-03-20 11:24:16
──────────────────────────────────────────────────
DISCORD VERSION: 2.7.1
DISCORD FILE: /home/gavin/Discordbot/.venv/lib/python3.12/site-packages/discord/__init__.py
PYTHON: /home/gavin/Discordbot/.venv/bin/python
[module-registry] 9 module file(s) are not present yet; those modules will be skipped during startup.
Loaded extension: Modules.modules_cmd
Loaded extension: Modules.automod
Loaded extension: Modules.autorole
Loaded extension: Modules.fun
Loaded extension: Modules.leveling
Loaded extension: Modules.logging
Loaded extension: Modules.reactionrole
Loaded extension: Modules.setup_wizard
Loaded extension: Modules.test_module
Loaded extension: Modules.themes
Loaded extension: Modules.tickets
Loaded extension: Modules.translate
Loaded extension: Modules.welcome_leave
[module-registry] Loaded 12 extension(s).
[module-registry] Skipped 9 unavailable module extension(s): Modules.adaptive_slowmode, Modules.applications, Modules.calls, Modules.kofi, Modules.muterole, Modules.nickname, Modules.polls, Modules.support, Modules.verification
Ko-fi webhook server listening on :5000
🤖 Logged in as Coffecord#1804
✅ Persistent ticket views registered
Synced: 69
──────────────────────────────────────────────────
Bot started at 2026-03-20 11:47:57
──────────────────────────────────────────────────
DISCORD VERSION: 2.7.1
DISCORD FILE: /home/gavin/Discordbot/.venv/lib/python3.12/site-packages/discord/__init__.py
PYTHON: /home/gavin/Discordbot/.venv/bin/python
[module-registry] 9 module file(s) are not present yet; those modules will be skipped during startup.
Loaded extension: Modules.modules_cmd
Loaded extension: Modules.automod
Loaded extension: Modules.autorole
Loaded extension: Modules.fun
Loaded extension: Modules.leveling
Loaded extension: Modules.logging
Loaded extension: Modules.reactionrole
Loaded extension: Modules.setup_wizard
Loaded extension: Modules.test_module
Loaded extension: Modules.themes
Loaded extension: Modules.tickets
Loaded extension: Modules.translate
Loaded extension: Modules.welcome_leave
[module-registry] Loaded 12 extension(s).
[module-registry] Skipped 9 unavailable module extension(s): Modules.adaptive_slowmode, Modules.applications, Modules.calls, Modules.kofi, Modules.muterole, Modules.nickname, Modules.polls, Modules.support, Modules.verification
Ko-fi webhook server listening on :5000
Traceback (most recent call last):
  File "/home/gavin/Discordbot/.venv/lib/python3.12/site-packages/aiohttp/connector.py", line 1562, in _create_direct_connection
    hosts = await self._resolve_host(host, port, traces=traces)
            ^^^^^^^^^^^^^^^^^^^^^^^^^^^^^^^^^^^^^^^^^^^^^^^^^^^
  File "/home/gavin/Discordbot/.venv/lib/python3.12/site-packages/aiohttp/connector.py", line 1178, in _resolve_host
    return await asyncio.shield(resolved_host_task)
           ^^^^^^^^^^^^^^^^^^^^^^^^^^^^^^^^^^^^^^^^
  File "/home/gavin/Discordbot/.venv/lib/python3.12/site-packages/aiohttp/connector.py", line 1209, in _resolve_host_with_throttle
    addrs = await self._resolver.resolve(host, port, family=self._family)
            ^^^^^^^^^^^^^^^^^^^^^^^^^^^^^^^^^^^^^^^^^^^^^^^^^^^^^^^^^^^^^
  File "/home/gavin/Discordbot/.venv/lib/python3.12/site-packages/aiohttp/resolver.py", line 40, in resolve
    infos = await self._loop.getaddrinfo(
            ^^^^^^^^^^^^^^^^^^^^^^^^^^^^^
  File "/usr/lib/python3.12/asyncio/base_events.py", line 901, in getaddrinfo
    return await self.run_in_executor(
           ^^^^^^^^^^^^^^^^^^^^^^^^^^^
  File "/usr/lib/python3.12/concurrent/futures/thread.py", line 58, in run
    result = self.fn(*self.args, **self.kwargs)
             ^^^^^^^^^^^^^^^^^^^^^^^^^^^^^^^^^^
  File "/usr/lib/python3.12/socket.py", line 963, in getaddrinfo
    for res in _socket.getaddrinfo(host, port, family, type, proto, flags):
               ^^^^^^^^^^^^^^^^^^^^^^^^^^^^^^^^^^^^^^^^^^^^^^^^^^^^^^^^^^^
socket.gaierror: [Errno -2] Name or service not known

The above exception was the direct cause of the following exception:

Traceback (most recent call last):
  File "/home/gavin/Discordbot/Src/Bot.py", line 5133, in <module>
    asyncio.run(_run_bot_with_kofi())
  File "/usr/lib/python3.12/asyncio/runners.py", line 194, in run
    return runner.run(main)
           ^^^^^^^^^^^^^^^^
  File "/usr/lib/python3.12/asyncio/runners.py", line 118, in run
    return self._loop.run_until_complete(task)
           ^^^^^^^^^^^^^^^^^^^^^^^^^^^^^^^^^^^
  File "/usr/lib/python3.12/asyncio/base_events.py", line 687, in run_until_complete
    return future.result()
           ^^^^^^^^^^^^^^^
  File "/home/gavin/Discordbot/Src/Bot.py", line 5123, in _run_bot_with_kofi
    await bot.start(token)
  File "/home/gavin/Discordbot/.venv/lib/python3.12/site-packages/discord/client.py", line 850, in start
    await self.login(token)
  File "/home/gavin/Discordbot/.venv/lib/python3.12/site-packages/discord/client.py", line 679, in login
    data = await self.http.static_login(token)
           ^^^^^^^^^^^^^^^^^^^^^^^^^^^^^^^^^^^
  File "/home/gavin/Discordbot/.venv/lib/python3.12/site-packages/discord/http.py", line 844, in static_login
    data = await self.request(Route('GET', '/users/@me'))
           ^^^^^^^^^^^^^^^^^^^^^^^^^^^^^^^^^^^^^^^^^^^^^^
  File "/home/gavin/Discordbot/.venv/lib/python3.12/site-packages/discord/http.py", line 659, in request
    async with self.__session.request(method, url, **kwargs) as response:
  File "/home/gavin/Discordbot/.venv/lib/python3.12/site-packages/aiohttp/client.py", line 1510, in __aenter__
    self._resp: _RetType = await self._coro
                           ^^^^^^^^^^^^^^^^
  File "/home/gavin/Discordbot/.venv/lib/python3.12/site-packages/aiohttp/client.py", line 779, in _request
    resp = await handler(req)
           ^^^^^^^^^^^^^^^^^^
  File "/home/gavin/Discordbot/.venv/lib/python3.12/site-packages/aiohttp/client.py", line 734, in _connect_and_send_request
    conn = await self._connector.connect(
           ^^^^^^^^^^^^^^^^^^^^^^^^^^^^^^
  File "/home/gavin/Discordbot/.venv/lib/python3.12/site-packages/aiohttp/connector.py", line 672, in connect
    proto = await self._create_connection(req, traces, timeout)
            ^^^^^^^^^^^^^^^^^^^^^^^^^^^^^^^^^^^^^^^^^^^^^^^^^^^
  File "/home/gavin/Discordbot/.venv/lib/python3.12/site-packages/aiohttp/connector.py", line 1239, in _create_connection
    _, proto = await self._create_direct_connection(req, traces, timeout)
               ^^^^^^^^^^^^^^^^^^^^^^^^^^^^^^^^^^^^^^^^^^^^^^^^^^^^^^^^^^
  File "/home/gavin/Discordbot/.venv/lib/python3.12/site-packages/aiohttp/connector.py", line 1568, in _create_direct_connection
    raise ClientConnectorDNSError(req.connection_key, exc) from exc
aiohttp.client_exceptions.ClientConnectorDNSError: Cannot connect to host discord.com:443 ssl:default [Name or service not known]
sys:1: RuntimeWarning: coroutine 'CommandTree.interaction_check' was never awaited
Unclosed client session
client_session: <aiohttp.client.ClientSession object at 0x780ad5f52210>
──────────────────────────────────────────────────
Bot started at 2026-03-20 12:19:59
──────────────────────────────────────────────────
DISCORD VERSION: 2.7.1
DISCORD FILE: /home/gavin/Discordbot/.venv/lib/python3.12/site-packages/discord/__init__.py
PYTHON: /home/gavin/Discordbot/.venv/bin/python
[module-registry] 9 module file(s) are not present yet; those modules will be skipped during startup.
Loaded extension: Modules.modules_cmd
Loaded extension: Modules.automod
Loaded extension: Modules.autorole
Loaded extension: Modules.fun
Loaded extension: Modules.leveling
Loaded extension: Modules.logging
Loaded extension: Modules.reactionrole
Loaded extension: Modules.setup_wizard
Loaded extension: Modules.test_module
Loaded extension: Modules.themes
Loaded extension: Modules.tickets
Loaded extension: Modules.translate
Loaded extension: Modules.welcome_leave
[module-registry] Loaded 12 extension(s).
[module-registry] Skipped 9 unavailable module extension(s): Modules.adaptive_slowmode, Modules.applications, Modules.calls, Modules.kofi, Modules.muterole, Modules.nickname, Modules.polls, Modules.support, Modules.verification
Ko-fi webhook server listening on :5000
🤖 Logged in as Coffecord#1804
✅ Persistent ticket views registered
Synced: 69
[CMD] /cat | infamousgr_95424 (1168282467162136656) | Coffeecord Support Server#general
[CMD] /cat | infamousgr_95424 (1168282467162136656) | Coffeecord Support Server#general
[CMD] /cat | infamousgr_95424 (1168282467162136656) | Coffeecord Support Server#general
[CMD] /cat | infamousgr_95424 (1168282467162136656) | Coffeecord Support Server#general
[CMD] /cat | infamousgr_95424 (1168282467162136656) | Coffeecord Support Server#general
[CMD] /cat | infamousgr_95424 (1168282467162136656) | Coffeecord Support Server#general
[CMD] /cat | infamousgr_95424 (1168282467162136656) | Coffeecord Support Server#general
[CMD] /level | infamousgr_95424 (1168282467162136656) | Coffeecord Support Server#general
[CMD] /level | infamousgr_95424 (1168282467162136656) | Coffeecord Support Server#general
[CMD] /level | infamousgr_95424 (1168282467162136656) | Coffeecord Support Server#general
[CMD] /level | infamousgr_95424 (1168282467162136656) | Coffeecord Support Server#general
[CMD] /level | infamousgr_95424 (1168282467162136656) | Coffeecord Support Server#general
[CMD] /level | infamousgr_95424 (1168282467162136656) | Coffeecord Support Server#general
[CMD] /level | infamousgr_95424 (1168282467162136656) | Coffeecord Support Server#general
[CMD] /level | infamousgr_95424 (1168282467162136656) | Coffeecord Support Server#general
[CMD] /level | infamousgr_95424 (1168282467162136656) | Coffeecord Support Server#general
[CMD] /level | infamousgr_95424 (1168282467162136656) | Coffeecord Support Server#general
[CMD] /level | infamousgr_95424 (1168282467162136656) | Coffeecord Support Server#general
[CMD] /level | infamousgr_95424 (1168282467162136656) | Coffeecord Support Server#general
[CMD] /level | infamousgr_95424 (1168282467162136656) | Coffeecord Support Server#general
[CMD] /level | infamousgr_95424 (1168282467162136656) | Coffeecord Support Server#general
[CMD] /level | infamousgr_95424 (1168282467162136656) | Coffeecord Support Server#general
[CMD] /level | infamousgr_95424 (1168282467162136656) | Coffeecord Support Server#general
[CMD] /level | infamousgr_95424 (1168282467162136656) | Coffeecord Support Server#general
[CMD] /level | infamousgr_95424 (1168282467162136656) | Coffeecord Support Server#general
[CMD] /level | infamousgr_95424 (1168282467162136656) | Coffeecord Support Server#general
[CMD] /level | infamousgr_95424 (1168282467162136656) | Coffeecord Support Server#general
[CMD] /level | infamousgr_95424 (1168282467162136656) | Coffeecord Support Server#general
[CMD] /level | infamousgr_95424 (1168282467162136656) | Coffeecord Support Server#general
[CMD] /level | infamousgr_95424 (1168282467162136656) | Coffeecord Support Server#general
[CMD] /level | infamousgr_95424 (1168282467162136656) | Coffeecord Support Server#general
[CMD] /level | infamousgr_95424 (1168282467162136656) | Coffeecord Support Server#general
[CMD] /level | infamousgr_95424 (1168282467162136656) | Coffeecord Support Server#general
[CMD] /level | infamousgr_95424 (1168282467162136656) | Coffeecord Support Server#general
[CMD] /level | infamousgr_95424 (1168282467162136656) | Coffeecord Support Server#general
[CMD] /level | infamousgr_95424 (1168282467162136656) | Coffeecord Support Server#general
[CMD] /level | infamousgr_95424 (1168282467162136656) | Coffeecord Support Server#general
[CMD] /level | infamousgr_95424 (1168282467162136656) | Coffeecord Support Server#general
[CMD] /level | infamousgr_95424 (1168282467162136656) | Coffeecord Support Server#general
[CMD] /level | infamousgr_95424 (1168282467162136656) | Coffeecord Support Server#general
[CMD] /level | infamousgr_95424 (1168282467162136656) | Coffeecord Support Server#general
[CMD] /level | infamousgr_95424 (1168282467162136656) | Coffeecord Support Server#general
[CMD] /level | infamousgr_95424 (1168282467162136656) | Coffeecord Support Server#general
[CMD] /level | infamousgr_95424 (1168282467162136656) | Coffeecord Support Server#general
[CMD] /level | infamousgr_95424 (1168282467162136656) | Coffeecord Support Server#general
[CMD] /level | infamousgr_95424 (1168282467162136656) | Coffeecord Support Server#general
[CMD] /level | infamousgr_95424 (1168282467162136656) | Coffeecord Support Server#general
[CMD] /level | infamousgr_95424 (1168282467162136656) | Coffeecord Support Server#general
[CMD] /level | infamousgr_95424 (1168282467162136656) | Coffeecord Support Server#general
[CMD] /level | infamousgr_95424 (1168282467162136656) | Coffeecord Support Server#general
[CMD] /level | infamousgr_95424 (1168282467162136656) | Coffeecord Support Server#general
[CMD] /level | infamousgr_95424 (1168282467162136656) | Coffeecord Support Server#general
[CMD] /level | infamousgr_95424 (1168282467162136656) | Coffeecord Support Server#general
[CMD] /level | infamousgr_95424 (1168282467162136656) | Coffeecord Support Server#general
[CMD] /level | stan425 (1212790116838412341) | Coffeecord Support Server#general
[CMD] /level | stan425 (1212790116838412341) | Coffeecord Support Server#general
[CMD] /level | stan425 (1212790116838412341) | Coffeecord Support Server#general
[CMD] /automod preset | stan425 (1212790116838412341) | Coffeecord Support Server#general
[CMD] /call create | stan425 (1212790116838412341) | Coffeecord Support Server#general
[CMD] /level | stan425 (1212790116838412341) | Coffeecord Support Server#general
[CMD] /level | stan425 (1212790116838412341) | Coffeecord Support Server#general
[CMD] /level | stan425 (1212790116838412341) | Coffeecord Support Server#general
[CMD] /level | stan425 (1212790116838412341) | Coffeecord Support Server#general
[CMD] /level | stan425 (1212790116838412341) | Coffeecord Support Server#general
[CMD] /level | stan425 (1212790116838412341) | Coffeecord Support Server#general
[CMD] /level | stan425 (1212790116838412341) | Coffeecord Support Server#general
──────────────────────────────────────────────────
Bot started at 2026-03-20 22:30:25
──────────────────────────────────────────────────
DISCORD VERSION: 2.7.1
DISCORD FILE: /home/gavin/Discordbot/.venv/lib/python3.12/site-packages/discord/__init__.py
PYTHON: /home/gavin/Discordbot/.venv/bin/python
[module-registry] 9 module file(s) are not present yet; those modules will be skipped during startup.
Loaded extension: Modules.modules_cmd
Loaded extension: Modules.automod
Loaded extension: Modules.autorole
Loaded extension: Modules.fun
Loaded extension: Modules.leveling
Loaded extension: Modules.logging
Loaded extension: Modules.reactionrole
Loaded extension: Modules.setup_wizard
Loaded extension: Modules.test_module
Loaded extension: Modules.themes
Loaded extension: Modules.tickets
Loaded extension: Modules.translate
Loaded extension: Modules.welcome_leave
[module-registry] Loaded 12 extension(s).
[module-registry] Skipped 9 unavailable module extension(s): Modules.adaptive_slowmode, Modules.applications, Modules.calls, Modules.kofi, Modules.muterole, Modules.nickname, Modules.polls, Modules.support, Modules.verification
Ko-fi webhook server listening on :5000
🤖 Logged in as Coffecord#1804
ERROR IN on_ready():
Traceback (most recent call last):
  File "/home/gavin/Discordbot/Src/Bot.py", line 4999, in on_ready
    command_perm_overrides.install_override_checks(bot)
  File "/home/gavin/Discordbot/Modules/command_perm_overrides.py", line 178, in install_override_checks
    patch_walk(AppCommandType.chat_input)
  File "/home/gavin/Discordbot/Modules/command_perm_overrides.py", line 166, in patch_walk
    extracted = _extract_has_permissions_dict(pred)
                ^^^^^^^^^^^^^^^^^^^^^^^^^^^^^^^^^^^
  File "/home/gavin/Discordbot/Modules/command_perm_overrides.py", line 94, in _extract_has_permissions_dict
    if keys and keys <= valid and all(isinstance(x, bool) for x in val.values()):
                ^^^^^^^^^^^^^
TypeError: '<=' not supported between instances of 'set' and 'dict'
──────────────────────────────────────────────────
Bot started at 2026-03-20 23:54:23
──────────────────────────────────────────────────
DISCORD VERSION: 2.7.1
DISCORD FILE: /home/gavin/Discordbot/.venv/lib/python3.12/site-packages/discord/__init__.py
PYTHON: /home/gavin/Discordbot/.venv/bin/python
[module-registry] 9 module file(s) are not present yet; those modules will be skipped during startup.
Loaded extension: Modules.modules_cmd
Loaded extension: Modules.automod
Loaded extension: Modules.autorole
Loaded extension: Modules.fun
Loaded extension: Modules.leveling
Loaded extension: Modules.logging
Loaded extension: Modules.reactionrole
Loaded extension: Modules.setup_wizard
Loaded extension: Modules.test_module
Loaded extension: Modules.themes
Loaded extension: Modules.tickets
Loaded extension: Modules.translate
Loaded extension: Modules.welcome_leave
[module-registry] Loaded 12 extension(s).
[module-registry] Skipped 9 unavailable module extension(s): Modules.adaptive_slowmode, Modules.applications, Modules.calls, Modules.kofi, Modules.muterole, Modules.nickname, Modules.polls, Modules.support, Modules.verification
Ko-fi webhook server listening on :5000
🤖 Logged in as Coffecord#1804
✅ Persistent ticket views registered
Synced: 69
──────────────────────────────────────────────────
Bot started at 2026-03-21 01:24:17
──────────────────────────────────────────────────
DISCORD VERSION: 2.7.1
DISCORD FILE: /home/gavin/Discordbot/.venv/lib/python3.12/site-packages/discord/__init__.py
PYTHON: /home/gavin/Discordbot/.venv/bin/python
[module-registry] 9 module file(s) are not present yet; those modules will be skipped during startup.
Loaded extension: Modules.modules_cmd
Loaded extension: Modules.automod
Loaded extension: Modules.autorole
Loaded extension: Modules.fun
Loaded extension: Modules.leveling
Loaded extension: Modules.logging
Loaded extension: Modules.reactionrole
Loaded extension: Modules.setup_wizard
Loaded extension: Modules.test_module
Loaded extension: Modules.themes
Loaded extension: Modules.tickets
Loaded extension: Modules.translate
Loaded extension: Modules.welcome_leave
[module-registry] Loaded 12 extension(s).
[module-registry] Skipped 9 unavailable module extension(s): Modules.adaptive_slowmode, Modules.applications, Modules.calls, Modules.kofi, Modules.muterole, Modules.nickname, Modules.polls, Modules.support, Modules.verification
Ko-fi webhook server listening on :5000
🤖 Logged in as Coffecord#1804
✅ Persistent ticket views registered
Synced: 69
[CMD] /command_perms | infamousgr_95424 (1168282467162136656) | Coffeecord Support Server#general
──────────────────────────────────────────────────
Bot started at 2026-03-21 13:16:36
──────────────────────────────────────────────────
DISCORD VERSION: 2.7.1
DISCORD FILE: /home/gavin/Discordbot/.venv/lib/python3.12/site-packages/discord/__init__.py
PYTHON: /home/gavin/Discordbot/.venv/bin/python
[module-registry] 9 module file(s) are not present yet; those modules will be skipped during startup.
Loaded extension: Modules.modules_cmd
Loaded extension: Modules.automod
Loaded extension: Modules.autorole
Loaded extension: Modules.fun
Loaded extension: Modules.leveling
Loaded extension: Modules.logging
Loaded extension: Modules.reactionrole
Loaded extension: Modules.setup_wizard
Loaded extension: Modules.test_module
Loaded extension: Modules.themes
Loaded extension: Modules.tickets
Loaded extension: Modules.translate
Loaded extension: Modules.welcome_leave
[module-registry] Loaded 12 extension(s).
[module-registry] Skipped 9 unavailable module extension(s): Modules.adaptive_slowmode, Modules.applications, Modules.calls, Modules.kofi, Modules.muterole, Modules.nickname, Modules.polls, Modules.support, Modules.verification
Ko-fi webhook server listening on :5000
🤖 Logged in as Coffecord#1804
✅ Persistent ticket views registered
Synced: 69
──────────────────────────────────────────────────
Bot started at 2026-03-21 18:21:24
──────────────────────────────────────────────────
DISCORD VERSION: 2.7.1
DISCORD FILE: /home/gavin/Discordbot/.venv/lib/python3.12/site-packages/discord/__init__.py
PYTHON: /home/gavin/Discordbot/.venv/bin/python
[module-registry] 9 module file(s) are not present yet; those modules will be skipped during startup.
Loaded extension: Modules.modules_cmd
Loaded extension: Modules.automod
Loaded extension: Modules.autorole
Loaded extension: Modules.fun
Loaded extension: Modules.leveling
Loaded extension: Modules.logging
Loaded extension: Modules.reactionrole
Loaded extension: Modules.setup_wizard
Loaded extension: Modules.test_module
Loaded extension: Modules.themes
Loaded extension: Modules.tickets
Loaded extension: Modules.translate
Loaded extension: Modules.welcome_leave
[module-registry] Loaded 12 extension(s).
[module-registry] Skipped 9 unavailable module extension(s): Modules.adaptive_slowmode, Modules.applications, Modules.calls, Modules.kofi, Modules.muterole, Modules.nickname, Modules.polls, Modules.support, Modules.verification
Ko-fi webhook server listening on :5000
🤖 Logged in as Coffecord#1804
✅ Persistent ticket views registered
Synced: 69
──────────────────────────────────────────────────
Bot started at 2026-03-21 21:11:01
──────────────────────────────────────────────────
DISCORD VERSION: 2.7.1
DISCORD FILE: /home/gavin/Discordbot/.venv/lib/python3.12/site-packages/discord/__init__.py
PYTHON: /home/gavin/Discordbot/.venv/bin/python
[module-registry] 9 module file(s) are not present yet; those modules will be skipped during startup.
Loaded extension: Modules.modules_cmd
Loaded extension: Modules.automod
Loaded extension: Modules.autorole
Loaded extension: Modules.fun
Loaded extension: Modules.leveling
Loaded extension: Modules.logging
Loaded extension: Modules.reactionrole
Loaded extension: Modules.setup_wizard
Loaded extension: Modules.test_module
Loaded extension: Modules.themes
Loaded extension: Modules.tickets
Loaded extension: Modules.translate
Loaded extension: Modules.welcome_leave
[module-registry] Loaded 12 extension(s).
[module-registry] Skipped 9 unavailable module extension(s): Modules.adaptive_slowmode, Modules.applications, Modules.calls, Modules.kofi, Modules.muterole, Modules.nickname, Modules.polls, Modules.support, Modules.verification
Ko-fi webhook server listening on :5000
🤖 Logged in as Coffecord#1804
✅ Persistent ticket views registered
Synced: 69
──────────────────────────────────────────────────
Bot started at 2026-03-21 21:16:34
──────────────────────────────────────────────────
DISCORD VERSION: 2.7.1
DISCORD FILE: /home/gavin/Discordbot/.venv/lib/python3.12/site-packages/discord/__init__.py
PYTHON: /home/gavin/Discordbot/.venv/bin/python
[module-registry] 9 module file(s) are not present yet; those modules will be skipped during startup.
Loaded extension: Modules.modules_cmd
Loaded extension: Modules.automod
Loaded extension: Modules.autorole
Loaded extension: Modules.fun
Loaded extension: Modules.leveling
Loaded extension: Modules.logging
Loaded extension: Modules.reactionrole
Loaded extension: Modules.setup_wizard
Loaded extension: Modules.test_module
Loaded extension: Modules.themes
Loaded extension: Modules.tickets
Loaded extension: Modules.translate
Loaded extension: Modules.welcome_leave
[module-registry] Loaded 12 extension(s).
[module-registry] Skipped 9 unavailable module extension(s): Modules.adaptive_slowmode, Modules.applications, Modules.calls, Modules.kofi, Modules.muterole, Modules.nickname, Modules.polls, Modules.support, Modules.verification
Ko-fi webhook server listening on :5000
🤖 Logged in as Coffecord#1804
✅ Persistent ticket views registered
Synced: 69
[CMD] /command_perms list | infamousgr_95424 (1168282467162136656) | Coffeecord Support Server#general
──────────────────────────────────────────────────
Bot started at 2026-03-21 21:20:33
──────────────────────────────────────────────────
DISCORD VERSION: 2.7.1
DISCORD FILE: /home/gavin/Discordbot/.venv/lib/python3.12/site-packages/discord/__init__.py
PYTHON: /home/gavin/Discordbot/.venv/bin/python
[module-registry] 9 module file(s) are not present yet; those modules will be skipped during startup.
Loaded extension: Modules.modules_cmd
Loaded extension: Modules.automod
Loaded extension: Modules.autorole
Loaded extension: Modules.fun
Loaded extension: Modules.leveling
Loaded extension: Modules.logging
Loaded extension: Modules.reactionrole
Loaded extension: Modules.setup_wizard
Loaded extension: Modules.test_module
Loaded extension: Modules.themes
Loaded extension: Modules.tickets
Loaded extension: Modules.translate
Loaded extension: Modules.welcome_leave
[module-registry] Loaded 12 extension(s).
[module-registry] Skipped 9 unavailable module extension(s): Modules.adaptive_slowmode, Modules.applications, Modules.calls, Modules.kofi, Modules.muterole, Modules.nickname, Modules.polls, Modules.support, Modules.verification
Ko-fi webhook server listening on :5000
🤖 Logged in as Coffecord#1804
✅ Persistent ticket views registered
Synced: 69
[CMD] /command_perms edit | infamousgr_95424 (1168282467162136656) | Coffeecord Support Server#general
[CMD] /help | stan425 (1212790116838412341) | Coffeecord Support Server#general
──────────────────────────────────────────────────
Bot started at 2026-03-21 21:28:16
──────────────────────────────────────────────────
DISCORD VERSION: 2.7.1
DISCORD FILE: /home/gavin/Discordbot/.venv/lib/python3.12/site-packages/discord/__init__.py
PYTHON: /home/gavin/Discordbot/.venv/bin/python
[module-registry] 9 module file(s) are not present yet; those modules will be skipped during startup.
Loaded extension: Modules.modules_cmd
Loaded extension: Modules.automod
Loaded extension: Modules.autorole
Loaded extension: Modules.fun
Loaded extension: Modules.leveling
Loaded extension: Modules.logging
Loaded extension: Modules.reactionrole
Loaded extension: Modules.setup_wizard
Loaded extension: Modules.test_module
Loaded extension: Modules.themes
Loaded extension: Modules.tickets
Loaded extension: Modules.translate
Loaded extension: Modules.welcome_leave
[module-registry] Loaded 12 extension(s).
[module-registry] Skipped 9 unavailable module extension(s): Modules.adaptive_slowmode, Modules.applications, Modules.calls, Modules.kofi, Modules.muterole, Modules.nickname, Modules.polls, Modules.support, Modules.verification
Ko-fi webhook server listening on :5000
🤖 Logged in as Coffecord#1804
✅ Persistent ticket views registered
Synced: 69
[CMD] /help | stan425 (1212790116838412341) | Coffeecord Support Server#general
──────────────────────────────────────────────────
Bot started at 2026-03-21 22:07:43
──────────────────────────────────────────────────
DISCORD VERSION: 2.7.1
DISCORD FILE: /home/gavin/Discordbot/.venv/lib/python3.12/site-packages/discord/__init__.py
PYTHON: /home/gavin/Discordbot/.venv/bin/python
[module-registry] 9 module file(s) are not present yet; those modules will be skipped during startup.
Loaded extension: Modules.modules_cmd
Loaded extension: Modules.automod
Loaded extension: Modules.autorole
Loaded extension: Modules.fun
Loaded extension: Modules.leveling
Loaded extension: Modules.logging
Loaded extension: Modules.reactionrole
Loaded extension: Modules.setup_wizard
Loaded extension: Modules.test_module
Loaded extension: Modules.themes
Loaded extension: Modules.tickets
Loaded extension: Modules.translate
Loaded extension: Modules.welcome_leave
[module-registry] Loaded 12 extension(s).
[module-registry] Skipped 9 unavailable module extension(s): Modules.adaptive_slowmode, Modules.applications, Modules.calls, Modules.kofi, Modules.muterole, Modules.nickname, Modules.polls, Modules.support, Modules.verification
Ko-fi webhook server listening on :5000
🤖 Logged in as Coffecord#1804
✅ Persistent ticket views registered
Synced: 69
[CMD] /help | stan425 (1212790116838412341) | Coffeecord Support Server#general
[CMD] /command_perms edit | stan425 (1212790116838412341) | Coffeecord Support Server#general
[CMD] /command_perms edit | infamousgr_95424 (1168282467162136656) | Coffeecord Support Server#general
[CMD] /help | infamousgr_95424 (1168282467162136656) | Coffeecord Support Server#general
[CMD] /starttimer | infamousgr_95424 (1168282467162136656) | Coffeecord Support Server#general
[CMD] /starttimer | infamousgr_95424 (1168282467162136656) | Coffeecord Support Server#general
[CMD] /checktimers | infamousgr_95424 (1168282467162136656) | Coffeecord Support Server#general
[CMD] /endtimer | infamousgr_95424 (1168282467162136656) | Coffeecord Support Server#general
[CMD] /checktimers | infamousgr_95424 (1168282467162136656) | Coffeecord Support Server#general
──────────────────────────────────────────────────
Bot started at 2026-03-21 22:21:46
──────────────────────────────────────────────────
DISCORD VERSION: 2.7.1
DISCORD FILE: /home/gavin/Discordbot/.venv/lib/python3.12/site-packages/discord/__init__.py
PYTHON: /home/gavin/Discordbot/.venv/bin/python
[module-registry] 9 module file(s) are not present yet; those modules will be skipped during startup.
Loaded extension: Modules.modules_cmd
Loaded extension: Modules.automod
Loaded extension: Modules.autorole
Loaded extension: Modules.fun
Loaded extension: Modules.leveling
Loaded extension: Modules.logging
Loaded extension: Modules.reactionrole
Loaded extension: Modules.setup_wizard
Loaded extension: Modules.test_module
Loaded extension: Modules.themes
Loaded extension: Modules.tickets
Loaded extension: Modules.translate
Loaded extension: Modules.welcome_leave
[module-registry] Loaded 12 extension(s).
[module-registry] Skipped 9 unavailable module extension(s): Modules.adaptive_slowmode, Modules.applications, Modules.calls, Modules.kofi, Modules.muterole, Modules.nickname, Modules.polls, Modules.support, Modules.verification
Ko-fi webhook server listening on :5000
🤖 Logged in as Coffecord#1804
✅ Persistent ticket views registered
Synced: 69
[CMD] /purge | infamousgr_95424 (1168282467162136656) | Coffeecord Support Server#general
[CMD] /help | infamousgr_95424 (1168282467162136656) | Coffeecord Support Server#general
[CMD] /purge | infamousgr_95424 (1168282467162136656) | Coffeecord Support Server#mod-applications
──────────────────────────────────────────────────
Bot started at 2026-03-21 22:28:05
──────────────────────────────────────────────────
DISCORD VERSION: 2.7.1
DISCORD FILE: /home/gavin/Discordbot/.venv/lib/python3.12/site-packages/discord/__init__.py
PYTHON: /home/gavin/Discordbot/.venv/bin/python
[module-registry] 9 module file(s) are not present yet; those modules will be skipped during startup.
Loaded extension: Modules.modules_cmd
Loaded extension: Modules.automod
Loaded extension: Modules.autorole
Loaded extension: Modules.fun
Loaded extension: Modules.leveling
Loaded extension: Modules.logging
Loaded extension: Modules.reactionrole
Loaded extension: Modules.setup_wizard
Loaded extension: Modules.test_module
Loaded extension: Modules.themes
Loaded extension: Modules.tickets
Loaded extension: Modules.translate
Loaded extension: Modules.welcome_leave
[module-registry] Loaded 12 extension(s).
[module-registry] Skipped 9 unavailable module extension(s): Modules.adaptive_slowmode, Modules.applications, Modules.calls, Modules.kofi, Modules.muterole, Modules.nickname, Modules.polls, Modules.support, Modules.verification
Ko-fi webhook server listening on :5000
🤖 Logged in as Coffecord#1804
✅ Persistent ticket views registered
Synced: 69
──────────────────────────────────────────────────
Bot started at 2026-03-21 22:28:42
──────────────────────────────────────────────────
DISCORD VERSION: 2.7.1
DISCORD FILE: /home/gavin/Discordbot/.venv/lib/python3.12/site-packages/discord/__init__.py
PYTHON: /home/gavin/Discordbot/.venv/bin/python
[module-registry] 9 module file(s) are not present yet; those modules will be skipped during startup.
Loaded extension: Modules.modules_cmd
Loaded extension: Modules.automod
Loaded extension: Modules.autorole
Loaded extension: Modules.fun
Loaded extension: Modules.leveling
Loaded extension: Modules.logging
Loaded extension: Modules.reactionrole
Loaded extension: Modules.setup_wizard
Loaded extension: Modules.test_module
Loaded extension: Modules.themes
Loaded extension: Modules.tickets
Loaded extension: Modules.translate
Loaded extension: Modules.welcome_leave
[module-registry] Loaded 12 extension(s).
[module-registry] Skipped 9 unavailable module extension(s): Modules.adaptive_slowmode, Modules.applications, Modules.calls, Modules.kofi, Modules.muterole, Modules.nickname, Modules.polls, Modules.support, Modules.verification
Ko-fi webhook server listening on :5000
🤖 Logged in as Coffecord#1804
✅ Persistent ticket views registered
Synced: 69
[CMD] /about | infamousgr_95424 (1168282467162136656) | Coffeecord Support Server#mod-applications
[CMD] /about | infamousgr_95424 (1168282467162136656) | Coffeecord Support Server#mod-applications
──────────────────────────────────────────────────
Bot started at 2026-03-21 22:30:44
──────────────────────────────────────────────────
DISCORD VERSION: 2.7.1
DISCORD FILE: /home/gavin/Discordbot/.venv/lib/python3.12/site-packages/discord/__init__.py
PYTHON: /home/gavin/Discordbot/.venv/bin/python
[module-registry] 9 module file(s) are not present yet; those modules will be skipped during startup.
Loaded extension: Modules.modules_cmd
Loaded extension: Modules.automod
Loaded extension: Modules.autorole
Loaded extension: Modules.fun
Loaded extension: Modules.leveling
Loaded extension: Modules.logging
Loaded extension: Modules.reactionrole
Loaded extension: Modules.setup_wizard
Loaded extension: Modules.test_module
Loaded extension: Modules.themes
Loaded extension: Modules.tickets
Loaded extension: Modules.translate
Loaded extension: Modules.welcome_leave
[module-registry] Loaded 12 extension(s).
[module-registry] Skipped 9 unavailable module extension(s): Modules.adaptive_slowmode, Modules.applications, Modules.calls, Modules.kofi, Modules.muterole, Modules.nickname, Modules.polls, Modules.support, Modules.verification
Ko-fi webhook server listening on :5000
🤖 Logged in as Coffecord#1804
✅ Persistent ticket views registered
Synced: 69
[CMD] /about | infamousgr_95424 (1168282467162136656) | Coffeecord Support Server#mod-applications
[APP_COMMAND_ERROR] /about
Traceback (most recent call last):
  File "/home/gavin/Discordbot/.venv/lib/python3.12/site-packages/discord/app_commands/commands.py", line 859, in _do_call
    return await self._callback(interaction, **params)  # type: ignore
           ^^^^^^^^^^^^^^^^^^^^^^^^^^^^^^^^^^^^^^^^^^^
  File "/home/gavin/Discordbot/Src/Bot.py", line 540, in about_cmd
    embed.add_field(name="Version", value=VERSION, inline=False)
                                          ^^^^^^^
NameError: name 'VERSION' is not defined
──────────────────────────────────────────────────
Bot started at 2026-03-21 22:38:30
──────────────────────────────────────────────────
DISCORD VERSION: 2.7.1
DISCORD FILE: /home/gavin/Discordbot/.venv/lib/python3.12/site-packages/discord/__init__.py
PYTHON: /home/gavin/Discordbot/.venv/bin/python
[module-registry] 9 module file(s) are not present yet; those modules will be skipped during startup.
Loaded extension: Modules.modules_cmd
Loaded extension: Modules.automod
Loaded extension: Modules.autorole
Loaded extension: Modules.fun
Loaded extension: Modules.leveling
Loaded extension: Modules.logging
Loaded extension: Modules.reactionrole
Loaded extension: Modules.setup_wizard
Loaded extension: Modules.test_module
Loaded extension: Modules.themes
Loaded extension: Modules.tickets
Loaded extension: Modules.translate
Loaded extension: Modules.welcome_leave
[module-registry] Loaded 12 extension(s).
[module-registry] Skipped 9 unavailable module extension(s): Modules.adaptive_slowmode, Modules.applications, Modules.calls, Modules.kofi, Modules.muterole, Modules.nickname, Modules.polls, Modules.support, Modules.verification
Ko-fi webhook server listening on :5000
🤖 Logged in as Coffecord#1804
✅ Persistent ticket views registered
Synced: 69
[CMD] /reactionrole create | infamousgr_95424 (1168282467162136656) | Coffeecord Support Server#🎭-roles
🤖 Logged in as Coffecord#1804
✅ Persistent ticket views registered
Synced: 69
[CMD] /8ball | saver_vrcool. (1406543055267565701) | #💬・general
[CMD] /8ball | saver_vrcool. (1406543055267565701) | #💬・general
🤖 Logged in as Coffecord#1804
✅ Persistent ticket views registered
Synced: 69
🤖 Logged in as Coffecord#1804
✅ Persistent ticket views registered
Synced: 69
🤖 Logged in as Coffecord#1804
✅ Persistent ticket views registered
Synced: 69
──────────────────────────────────────────────────
Bot started at 2026-03-22 11:21:31
──────────────────────────────────────────────────
DISCORD VERSION: 2.7.1
DISCORD FILE: /home/gavin/Discordbot/.venv/lib/python3.12/site-packages/discord/__init__.py
PYTHON: /home/gavin/Discordbot/.venv/bin/python
[module-registry] 9 module file(s) are not present yet; those modules will be skipped during startup.
Loaded extension: Modules.modules_cmd
Loaded extension: Modules.automod
Loaded extension: Modules.autorole
Loaded extension: Modules.fun
Loaded extension: Modules.leveling
Loaded extension: Modules.logging
Loaded extension: Modules.reactionrole
Loaded extension: Modules.setup_wizard
Loaded extension: Modules.test_module
Loaded extension: Modules.themes
Loaded extension: Modules.tickets
Loaded extension: Modules.translate
Loaded extension: Modules.welcome_leave
[module-registry] Loaded 12 extension(s).
[module-registry] Skipped 9 unavailable module extension(s): Modules.adaptive_slowmode, Modules.applications, Modules.calls, Modules.kofi, Modules.muterole, Modules.nickname, Modules.polls, Modules.support, Modules.verification
Ko-fi webhook server listening on :5000
🤖 Logged in as Coffecord#1804
✅ Persistent ticket views registered
Synced: 69
🤖 Logged in as Coffecord#1804
✅ Persistent ticket views registered
Synced: 69
──────────────────────────────────────────────────
Bot started at 2026-03-22 11:36:47
──────────────────────────────────────────────────
DISCORD VERSION: 2.7.1
DISCORD FILE: /home/gavin/Discordbot/.venv/lib/python3.12/site-packages/discord/__init__.py
PYTHON: /home/gavin/Discordbot/.venv/bin/python
[module-registry] 9 module file(s) are not present yet; those modules will be skipped during startup.
Loaded extension: Modules.modules_cmd
Loaded extension: Modules.automod
Loaded extension: Modules.autorole
Loaded extension: Modules.fun
Loaded extension: Modules.leveling
Loaded extension: Modules.logging
Loaded extension: Modules.reactionrole
Loaded extension: Modules.setup_wizard
Loaded extension: Modules.test_module
Loaded extension: Modules.themes
Loaded extension: Modules.tickets
Loaded extension: Modules.translate
Loaded extension: Modules.welcome_leave
[module-registry] Loaded 12 extension(s).
[module-registry] Skipped 9 unavailable module extension(s): Modules.adaptive_slowmode, Modules.applications, Modules.calls, Modules.kofi, Modules.muterole, Modules.nickname, Modules.polls, Modules.support, Modules.verification
Ko-fi webhook server listening on :5000
🤖 Logged in as Coffecord#1804
✅ Persistent ticket views registered
Synced: 69
[CMD] /about | infamousgr_95424 (1168282467162136656) | Coffeecord Support Server#logs
[CMD] /reactionrole create | infamousgr_95424 (1168282467162136656) | Coffeecord Support Server#🎭-roles
[CMD] /reactionrole list | infamousgr_95424 (1168282467162136656) | Coffeecord Support Server#📜-info
🤖 Logged in as Coffecord#1804
✅ Persistent ticket views registered
Synced: 69
──────────────────────────────────────────────────
Bot started at 2026-03-22 12:07:44
──────────────────────────────────────────────────
DISCORD VERSION: 2.7.1
DISCORD FILE: /home/gavin/Discordbot/.venv/lib/python3.12/site-packages/discord/__init__.py
PYTHON: /home/gavin/Discordbot/.venv/bin/python
[module-registry] 9 module file(s) are not present yet; those modules will be skipped during startup.
Loaded extension: Modules.modules_cmd
Loaded extension: Modules.automod
Loaded extension: Modules.autorole
Loaded extension: Modules.fun
Loaded extension: Modules.leveling
Loaded extension: Modules.logging
Loaded extension: Modules.reactionrole
Loaded extension: Modules.setup_wizard
Loaded extension: Modules.test_module
Loaded extension: Modules.themes
Loaded extension: Modules.tickets
Loaded extension: Modules.translate
Loaded extension: Modules.welcome_leave
[module-registry] Loaded 12 extension(s).
[module-registry] Skipped 9 unavailable module extension(s): Modules.adaptive_slowmode, Modules.applications, Modules.calls, Modules.kofi, Modules.muterole, Modules.nickname, Modules.polls, Modules.support, Modules.verification
Ko-fi webhook server listening on :5000
🤖 Logged in as Coffecord#1804
✅ Persistent ticket views registered
[CMD] /cat | infamousgr_95424 (1168282467162136656) | #「🤖」ʙᴏᴛ
Synced: 69
[CMD] /cat | infamousgr_95424 (1168282467162136656) | #「🤖」ʙᴏᴛ
[CMD] /cat | infamousgr_95424 (1168282467162136656) | #「🤖」ʙᴏᴛ
[APP_COMMAND_ERROR] /cat
Traceback (most recent call last):
  File "/home/gavin/Discordbot/.venv/lib/python3.12/site-packages/discord/app_commands/commands.py", line 858, in _do_call
    return await self._callback(self.binding, interaction, **params)  # type: ignore
           ^^^^^^^^^^^^^^^^^^^^^^^^^^^^^^^^^^^^^^^^^^^^^^^^^^^^^^^^^
  File "/home/gavin/Discordbot/Modules/fun.py", line 253, in cat
    await interaction.response.defer()
  File "/home/gavin/Discordbot/.venv/lib/python3.12/site-packages/discord/interactions.py", line 892, in defer
    response = await adapter.create_interaction_response(
               ^^^^^^^^^^^^^^^^^^^^^^^^^^^^^^^^^^^^^^^^^^
  File "/home/gavin/Discordbot/.venv/lib/python3.12/site-packages/discord/webhook/async_.py", line 224, in request
    raise NotFound(response, data)
discord.errors.NotFound: 404 Not Found (error code: 10062): Unknown interaction
[APP_COMMAND_ERROR] /cat
Traceback (most recent call last):
  File "/home/gavin/Discordbot/.venv/lib/python3.12/site-packages/discord/app_commands/commands.py", line 858, in _do_call
    return await self._callback(self.binding, interaction, **params)  # type: ignore
           ^^^^^^^^^^^^^^^^^^^^^^^^^^^^^^^^^^^^^^^^^^^^^^^^^^^^^^^^^
  File "/home/gavin/Discordbot/Modules/fun.py", line 253, in cat
    await interaction.response.defer()
  File "/home/gavin/Discordbot/.venv/lib/python3.12/site-packages/discord/interactions.py", line 892, in defer
    response = await adapter.create_interaction_response(
               ^^^^^^^^^^^^^^^^^^^^^^^^^^^^^^^^^^^^^^^^^^
  File "/home/gavin/Discordbot/.venv/lib/python3.12/site-packages/discord/webhook/async_.py", line 224, in request
    raise NotFound(response, data)
discord.errors.NotFound: 404 Not Found (error code: 10062): Unknown interaction
[CMD] /cat | infamousgr_95424 (1168282467162136656) | #「🤖」ʙᴏᴛ
[CMD] /about | infamousgr_95424 (1168282467162136656) | #「📹」ꜱᴇʟꜰ-ᴘʀᴏᴍᴏ
[CMD] /cat | infamousgr_95424 (1168282467162136656) | #「📹」ꜱᴇʟꜰ-ᴘʀᴏᴍᴏ
🤖 Logged in as Coffecord#1804
✅ Persistent ticket views registered
Synced: 69
🤖 Logged in as Coffecord#1804
✅ Persistent ticket views registered
Synced: 69
🤖 Logged in as Coffecord#1804
✅ Persistent ticket views registered
Synced: 69
🤖 Logged in as Coffecord#1804
✅ Persistent ticket views registered
Synced: 69
[CMD] /level | infamousgr_95424 (1168282467162136656) | #「🎚️」ʟᴇᴠᴇʟ
[CMD] /level | infamousgr_95424 (1168282467162136656) | Coffeecord Support Server#general
[CMD] /level | infamousgr_95424 (1168282467162136656) | Coffeecord Support Server#general
[CMD] /level | infamousgr_95424 (1168282467162136656) | Coffeecord Support Server#general
──────────────────────────────────────────────────
Bot started at 2026-03-22 17:45:10
──────────────────────────────────────────────────
DISCORD VERSION: 2.7.1
DISCORD FILE: /home/gavin/Discordbot/.venv/lib/python3.12/site-packages/discord/__init__.py
PYTHON: /home/gavin/Discordbot/.venv/bin/python
[module-registry] 9 module file(s) are not present yet; those modules will be skipped during startup.
Loaded extension: Modules.modules_cmd
Loaded extension: Modules.automod
Loaded extension: Modules.autorole
Loaded extension: Modules.fun
Loaded extension: Modules.leveling
Loaded extension: Modules.logging
Loaded extension: Modules.reactionrole
Loaded extension: Modules.setup_wizard
Loaded extension: Modules.test_module
Loaded extension: Modules.themes
Loaded extension: Modules.tickets
Loaded extension: Modules.translate
Loaded extension: Modules.welcome_leave
[module-registry] Loaded 12 extension(s).
[module-registry] Skipped 9 unavailable module extension(s): Modules.adaptive_slowmode, Modules.applications, Modules.calls, Modules.kofi, Modules.muterole, Modules.nickname, Modules.polls, Modules.support, Modules.verification
Ko-fi webhook server listening on :5000
🤖 Logged in as Coffecord#1804
✅ Persistent ticket views registered
Synced: 69
[CMD] /level | infamousgr_95424 (1168282467162136656) | Coffeecord Support Server#general
[CMD] /level | infamousgr_95424 (1168282467162136656) | Coffeecord Support Server#general
[CMD] /xp config | infamousgr_95424 (1168282467162136656) | Coffeecord Support Server#general
[CMD] /level | infamousgr_95424 (1168282467162136656) | Coffeecord Support Server#general
[CMD] /level | infamousgr_95424 (1168282467162136656) | Coffeecord Support Server#general
[CMD] /purge | infamousgr_95424 (1168282467162136656) | Coffeecord Support Server#general
[CMD] /automod badword list | infamousgr_95424 (1168282467162136656) | Coffeecord Support Server#general
[CMD] /automod preset | infamousgr_95424 (1168282467162136656) | Coffeecord Support Server#general
[CMD] /automod badword list | infamousgr_95424 (1168282467162136656) | Coffeecord Support Server#general
──────────────────────────────────────────────────
Bot started at 2026-03-22 18:06:48
──────────────────────────────────────────────────
DISCORD VERSION: 2.7.1
DISCORD FILE: /home/gavin/Discordbot/.venv/lib/python3.12/site-packages/discord/__init__.py
PYTHON: /home/gavin/Discordbot/.venv/bin/python
[module-registry] 9 module file(s) are not present yet; those modules will be skipped during startup.
Loaded extension: Modules.modules_cmd
Loaded extension: Modules.automod
Loaded extension: Modules.autorole
Loaded extension: Modules.fun
Loaded extension: Modules.leveling
Loaded extension: Modules.logging
Loaded extension: Modules.reactionrole
Loaded extension: Modules.setup_wizard
Loaded extension: Modules.test_module
Loaded extension: Modules.themes
Loaded extension: Modules.tickets
Loaded extension: Modules.translate
Loaded extension: Modules.welcome_leave
[module-registry] Loaded 12 extension(s).
[module-registry] Skipped 9 unavailable module extension(s): Modules.adaptive_slowmode, Modules.applications, Modules.calls, Modules.kofi, Modules.muterole, Modules.nickname, Modules.polls, Modules.support, Modules.verification
Ko-fi webhook server listening on :5000
🤖 Logged in as Coffecord#1804
✅ Persistent ticket views registered
Synced: 69
[CMD] /purge | infamousgr_95424 (1168282467162136656) | Coffeecord Support Server#general
[CMD] /cat | infamousgr_95424 (1168282467162136656) | #「📹」ꜱᴇʟꜰ-ᴘʀᴏᴍᴏ
🤖 Logged in as Coffecord#1804
✅ Persistent ticket views registered
Synced: 69
──────────────────────────────────────────────────
Bot started at 2026-03-22 20:25:21
──────────────────────────────────────────────────
DISCORD VERSION: 2.7.1
DISCORD FILE: /home/gavin/Discordbot/.venv/lib/python3.12/site-packages/discord/__init__.py
PYTHON: /home/gavin/Discordbot/.venv/bin/python
[module-registry] 9 module file(s) are not present yet; those modules will be skipped during startup.
Loaded extension: Modules.modules_cmd
Loaded extension: Modules.automod
Loaded extension: Modules.autorole
Loaded extension: Modules.fun
Loaded extension: Modules.leveling
Loaded extension: Modules.logging
Loaded extension: Modules.reactionrole
Loaded extension: Modules.setup_wizard
Loaded extension: Modules.test_module
Loaded extension: Modules.themes
Loaded extension: Modules.tickets
Loaded extension: Modules.translate
Loaded extension: Modules.welcome_leave
[module-registry] Loaded 12 extension(s).
[module-registry] Skipped 9 unavailable module extension(s): Modules.adaptive_slowmode, Modules.applications, Modules.calls, Modules.kofi, Modules.muterole, Modules.nickname, Modules.polls, Modules.support, Modules.verification
Ko-fi webhook server listening on :5000
🤖 Logged in as Coffecord#1804
✅ Persistent ticket views registered
Synced: 69
🤖 Logged in as Coffecord#1804
✅ Persistent ticket views registered
Synced: 69
🤖 Logged in as Coffecord#1804
✅ Persistent ticket views registered
Synced: 69
──────────────────────────────────────────────────
Bot started at 2026-03-22 21:16:12
──────────────────────────────────────────────────
DISCORD VERSION: 2.7.1
DISCORD FILE: /home/gavin/Discordbot/.venv/lib/python3.12/site-packages/discord/__init__.py
PYTHON: /home/gavin/Discordbot/.venv/bin/python
[module-registry] 9 module file(s) are not present yet; those modules will be skipped during startup.
Loaded extension: Modules.modules_cmd
Loaded extension: Modules.automod
Loaded extension: Modules.autorole
Loaded extension: Modules.fun
Loaded extension: Modules.leveling
Loaded extension: Modules.logging
Loaded extension: Modules.reactionrole
Loaded extension: Modules.setup_wizard
Loaded extension: Modules.test_module
Loaded extension: Modules.themes
Loaded extension: Modules.tickets
Loaded extension: Modules.translate
Loaded extension: Modules.welcome_leave
[module-registry] Loaded 12 extension(s).
[module-registry] Skipped 9 unavailable module extension(s): Modules.adaptive_slowmode, Modules.applications, Modules.calls, Modules.kofi, Modules.muterole, Modules.nickname, Modules.polls, Modules.support, Modules.verification
Ko-fi webhook server listening on :5000
🤖 Logged in as Coffecord#1804
✅ Persistent ticket views registered
Synced: 69
[CMD] /uninstall | infamousgr_95424 (1168282467162136656) | Friends SMP#general
[CMD] /call create | infamousgr_95424 (1168282467162136656) | #general
[APP_COMMAND_ERROR] /call create
Traceback (most recent call last):
  File "/home/gavin/Discordbot/.venv/lib/python3.12/site-packages/discord/app_commands/commands.py", line 859, in _do_call
    return await self._callback(interaction, **params)  # type: ignore
           ^^^^^^^^^^^^^^^^^^^^^^^^^^^^^^^^^^^^^^^^^^^
  File "/home/gavin/Discordbot/Src/Bot.py", line 4403, in call
    channel = await guild.create_voice_channel(
              ^^^^^^^^^^^^^^^^^^^^^^^^^^^^^^^^^
  File "/home/gavin/Discordbot/.venv/lib/python3.12/site-packages/discord/guild.py", line 1637, in create_voice_channel
    data = await self._create_channel(
                 ^^^^^^^^^^^^^^^^^^^^^
  File "/home/gavin/Discordbot/.venv/lib/python3.12/site-packages/discord/guild.py", line 1389, in _create_channel
    payload = {'allow': allow.value, 'deny': deny.value, 'id': target.id}
                                                               ^^^^^^^^^
AttributeError: 'NoneType' object has no attribute 'id'
🤖 Logged in as Coffecord#1804
✅ Persistent ticket views registered
Synced: 69
[CMD] /cat | infamousgr_95424 (1168282467162136656) | Coffeecord Support Server#logs
──────────────────────────────────────────────────
Bot started at 2026-03-23 10:12:07
──────────────────────────────────────────────────
DISCORD VERSION: 2.7.1
DISCORD FILE: /home/gavin/Discordbot/.venv/lib/python3.12/site-packages/discord/__init__.py
PYTHON: /home/gavin/Discordbot/.venv/bin/python
[module-registry] 9 module file(s) are not present yet; those modules will be skipped during startup.
Loaded extension: Modules.modules_cmd
Loaded extension: Modules.automod
Loaded extension: Modules.autorole
Loaded extension: Modules.fun
Loaded extension: Modules.leveling
Loaded extension: Modules.logging
Loaded extension: Modules.reactionrole
Loaded extension: Modules.setup_wizard
Loaded extension: Modules.test_module
Loaded extension: Modules.themes
Loaded extension: Modules.tickets
Loaded extension: Modules.translate
Loaded extension: Modules.welcome_leave
[module-registry] Loaded 12 extension(s).
[module-registry] Skipped 9 unavailable module extension(s): Modules.adaptive_slowmode, Modules.applications, Modules.calls, Modules.kofi, Modules.muterole, Modules.nickname, Modules.polls, Modules.support, Modules.verification
Ko-fi webhook server listening on :5000
🤖 Logged in as Coffecord#1804
✅ Persistent ticket views registered
Synced: 69
──────────────────────────────────────────────────
Bot started at 2026-03-23 11:48:04
──────────────────────────────────────────────────
DISCORD VERSION: 2.7.1
DISCORD FILE: /home/gavin/Discordbot/.venv/lib/python3.12/site-packages/discord/__init__.py
PYTHON: /home/gavin/Discordbot/.venv/bin/python
[module-registry] 9 module file(s) are not present yet; those modules will be skipped during startup.
Loaded extension: Modules.modules_cmd
Loaded extension: Modules.automod
Loaded extension: Modules.autorole
Loaded extension: Modules.fun
Loaded extension: Modules.leveling
Loaded extension: Modules.logging
Loaded extension: Modules.reactionrole
Loaded extension: Modules.setup_wizard
Loaded extension: Modules.test_module
Loaded extension: Modules.themes
Loaded extension: Modules.tickets
Loaded extension: Modules.translate
Loaded extension: Modules.welcome_leave
[module-registry] Loaded 12 extension(s).
[module-registry] Skipped 9 unavailable module extension(s): Modules.adaptive_slowmode, Modules.applications, Modules.calls, Modules.kofi, Modules.muterole, Modules.nickname, Modules.polls, Modules.support, Modules.verification
Ko-fi webhook server listening on :5000
🤖 Logged in as Coffecord#1804
✅ Persistent ticket views registered
Synced: 69
──────────────────────────────────────────────────
Bot started at 2026-03-23 12:04:31
──────────────────────────────────────────────────
DISCORD VERSION: 2.7.1
DISCORD FILE: /home/gavin/Discordbot/.venv/lib/python3.12/site-packages/discord/__init__.py
PYTHON: /home/gavin/Discordbot/.venv/bin/python
[module-registry] 9 module file(s) are not present yet; those modules will be skipped during startup.
Loaded extension: Modules.modules_cmd
Loaded extension: Modules.automod
Loaded extension: Modules.autorole
Loaded extension: Modules.fun
Loaded extension: Modules.leveling
Loaded extension: Modules.logging
Loaded extension: Modules.reactionrole
Loaded extension: Modules.setup_wizard
Loaded extension: Modules.test_module
Loaded extension: Modules.themes
Loaded extension: Modules.tickets
Loaded extension: Modules.translate
Loaded extension: Modules.welcome_leave
[module-registry] Loaded 12 extension(s).
[module-registry] Skipped 9 unavailable module extension(s): Modules.adaptive_slowmode, Modules.applications, Modules.calls, Modules.kofi, Modules.muterole, Modules.nickname, Modules.polls, Modules.support, Modules.verification
Ko-fi webhook server listening on :5000
🤖 Logged in as Coffecord#1804
✅ Persistent ticket views registered
Synced: 69
[CMD] .help | infamousgr_95424 (1168282467162136656) | Coffeecord Support Server#logs
[CMD+] .help completed | infamousgr_95424 | Coffeecord Support Server
[CMD] .dev | infamousgr_95424 (1168282467162136656) | Coffeecord Support Server#logs
[CMD+] .dev completed | infamousgr_95424 | Coffeecord Support Server
[CMD] .loading | infamousgr_95424 (1168282467162136656) | Coffeecord Support Server#logs
[CMD] .synccommands | infamousgr_95424 (1168282467162136656) | Coffeecord Support Server#logs
[CMD+] .synccommands completed | infamousgr_95424 | Coffeecord Support Server
[CMD+] .loading completed | infamousgr_95424 | Coffeecord Support Server
──────────────────────────────────────────────────
Bot started at 2026-03-23 17:35:33
──────────────────────────────────────────────────
DISCORD VERSION: 2.7.1
DISCORD FILE: /home/gavin/Discordbot/.venv/lib/python3.12/site-packages/discord/__init__.py
PYTHON: /home/gavin/Discordbot/.venv/bin/python
[module-registry] 9 module file(s) are not present yet; those modules will be skipped during startup.
Loaded extension: Modules.modules_cmd
Loaded extension: Modules.automod
Loaded extension: Modules.autorole
Loaded extension: Modules.fun
Loaded extension: Modules.leveling
Loaded extension: Modules.logging
Loaded extension: Modules.reactionrole
Loaded extension: Modules.setup_wizard
Loaded extension: Modules.staff_utils
Loaded extension: Modules.test_module
Loaded extension: Modules.themes
Loaded extension: Modules.tickets
Loaded extension: Modules.translate
Loaded extension: Modules.welcome_leave
[module-registry] Loaded 13 extension(s).
[module-registry] Skipped 9 unavailable module extension(s): Modules.adaptive_slowmode, Modules.applications, Modules.calls, Modules.kofi, Modules.muterole, Modules.nickname, Modules.polls, Modules.support, Modules.verification
Ko-fi webhook server listening on :5000
🤖 Logged in as Coffecord#1804
✅ Persistent ticket views registered
Synced: 81
[CMD] /history user | infamousgr_95424 (1168282467162136656) | Coffeecord Support Server#logs
[CMD] /lockdown | infamousgr_95424 (1168282467162136656) | Coffeecord Support Server#logs
[staff_utils] lockdown guild=1384771470860746753 affected=11
[CMD] /unlockdown | infamousgr_95424 (1168282467162136656) | Coffeecord Support Server#general
[staff_utils] unlockdown guild=1384771470860746753 restored=11
──────────────────────────────────────────────────
Bot started at 2026-03-24 08:46:13
──────────────────────────────────────────────────
DISCORD VERSION: 2.7.1
DISCORD FILE: /home/gavin/Discordbot/.venv/lib/python3.12/site-packages/discord/__init__.py
PYTHON: /home/gavin/Discordbot/.venv/bin/python
[module-registry] 9 module file(s) are not present yet; those modules will be skipped during startup.
Loaded extension: Modules.modules_cmd
Loaded extension: Modules.automod
Loaded extension: Modules.autorole
Loaded extension: Modules.fun
Loaded extension: Modules.leveling
Loaded extension: Modules.logging
Loaded extension: Modules.reactionrole
Loaded extension: Modules.setup_wizard
Loaded extension: Modules.staff_utils
Loaded extension: Modules.test_module
Loaded extension: Modules.themes
Loaded extension: Modules.tickets
Loaded extension: Modules.translate
Loaded extension: Modules.welcome_leave
[module-registry] Loaded 13 extension(s).
[module-registry] Skipped 9 unavailable module extension(s): Modules.adaptive_slowmode, Modules.applications, Modules.calls, Modules.kofi, Modules.muterole, Modules.nickname, Modules.polls, Modules.support, Modules.verification
Ko-fi webhook server listening on :5000
🤖 Logged in as Coffecord#1804
✅ Persistent ticket views registered
Synced: 81
──────────────────────────────────────────────────
Bot started at 2026-03-24 10:15:59
──────────────────────────────────────────────────
DISCORD VERSION: 2.7.1
DISCORD FILE: /home/gavin/Discordbot/.venv/lib/python3.12/site-packages/discord/__init__.py
PYTHON: /home/gavin/Discordbot/.venv/bin/python
[module-registry] 9 module file(s) are not present yet; those modules will be skipped during startup.
Loaded extension: Modules.modules_cmd
Loaded extension: Modules.automod
Loaded extension: Modules.autorole
Loaded extension: Modules.fun
Loaded extension: Modules.leveling
Loaded extension: Modules.logging
Loaded extension: Modules.reactionrole
Loaded extension: Modules.setup_wizard
Loaded extension: Modules.staff_utils
Loaded extension: Modules.test_module
Loaded extension: Modules.themes
Loaded extension: Modules.tickets
Loaded extension: Modules.translate
Loaded extension: Modules.welcome_leave
[module-registry] Loaded 13 extension(s).
[module-registry] Skipped 9 unavailable module extension(s): Modules.adaptive_slowmode, Modules.applications, Modules.calls, Modules.kofi, Modules.muterole, Modules.nickname, Modules.polls, Modules.support, Modules.verification
Ko-fi webhook server listening on :5000
🤖 Logged in as Coffecord#1804
✅ Persistent ticket views registered
Synced: 81
[CMD] /8ball | infamousgr_95424 (1168282467162136656) | #💬│en-chat
[CMD] /8ball | infamousgr_95424 (1168282467162136656) | #💬│en-chat
──────────────────────────────────────────────────
Bot started at 2026-03-24 19:12:45
──────────────────────────────────────────────────
DISCORD VERSION: 2.7.1
DISCORD FILE: /home/gavin/Discordbot/.venv/lib/python3.12/site-packages/discord/__init__.py
PYTHON: /home/gavin/Discordbot/.venv/bin/python
[module-registry] 9 module file(s) are not present yet; those modules will be skipped during startup.
Loaded extension: Modules.modules_cmd
Loaded extension: Modules.automod
Loaded extension: Modules.autorole
Loaded extension: Modules.fun
Loaded extension: Modules.leveling
Loaded extension: Modules.logging
Loaded extension: Modules.reactionrole
Loaded extension: Modules.setup_wizard
Loaded extension: Modules.staff_utils
Loaded extension: Modules.test_module
Loaded extension: Modules.themes
Loaded extension: Modules.tickets
Loaded extension: Modules.translate
Loaded extension: Modules.welcome_leave
[module-registry] Loaded 13 extension(s).
[module-registry] Skipped 9 unavailable module extension(s): Modules.adaptive_slowmode, Modules.applications, Modules.calls, Modules.kofi, Modules.muterole, Modules.nickname, Modules.polls, Modules.support, Modules.verification
Ko-fi webhook server listening on :5000
🤖 Logged in as Coffecord#1804
✅ Persistent ticket views registered
Synced: 81
──────────────────────────────────────────────────
Bot started at 2026-03-25 10:51:06
──────────────────────────────────────────────────
DISCORD VERSION: 2.7.1
DISCORD FILE: /home/gavin/Discordbot/.venv/lib/python3.12/site-packages/discord/__init__.py
PYTHON: /home/gavin/Discordbot/.venv/bin/python
[module-registry] 9 module file(s) are not present yet; those modules will be skipped during startup.
Loaded extension: Modules.modules_cmd
Loaded extension: Modules.automod
Loaded extension: Modules.autorole
Loaded extension: Modules.fun
Loaded extension: Modules.leveling
Loaded extension: Modules.logging
Loaded extension: Modules.reactionrole
Loaded extension: Modules.setup_wizard
Loaded extension: Modules.staff_utils
Loaded extension: Modules.test_module
Loaded extension: Modules.themes
Loaded extension: Modules.tickets
Loaded extension: Modules.translate
Loaded extension: Modules.welcome_leave
[module-registry] Loaded 13 extension(s).
[module-registry] Skipped 9 unavailable module extension(s): Modules.adaptive_slowmode, Modules.applications, Modules.calls, Modules.kofi, Modules.muterole, Modules.nickname, Modules.polls, Modules.support, Modules.verification
Ko-fi webhook server listening on :5000
🤖 Logged in as Coffecord#1804
✅ Persistent ticket views registered
Synced: 81
──────────────────────────────────────────────────
Bot started at 2026-03-25 20:49:21
──────────────────────────────────────────────────
DISCORD VERSION: 2.7.1
DISCORD FILE: /home/gavin/Discordbot/.venv/lib/python3.12/site-packages/discord/__init__.py
PYTHON: /home/gavin/Discordbot/.venv/bin/python
[module-registry] 9 module file(s) are not present yet; those modules will be skipped during startup.
Loaded extension: Modules.modules_cmd
Loaded extension: Modules.automod
Loaded extension: Modules.autorole
Loaded extension: Modules.fun
Loaded extension: Modules.leveling
Loaded extension: Modules.logging
Loaded extension: Modules.reactionrole
Loaded extension: Modules.setup_wizard
Loaded extension: Modules.staff_utils
Loaded extension: Modules.test_module
Loaded extension: Modules.themes
Loaded extension: Modules.tickets
Loaded extension: Modules.translate
Loaded extension: Modules.welcome_leave
[module-registry] Loaded 13 extension(s).
[module-registry] Skipped 9 unavailable module extension(s): Modules.adaptive_slowmode, Modules.applications, Modules.calls, Modules.kofi, Modules.muterole, Modules.nickname, Modules.polls, Modules.support, Modules.verification
Ko-fi webhook server listening on :5000
🤖 Logged in as Coffecord#1804
✅ Persistent ticket views registered
Synced: 81
🤖 Logged in as Coffecord#1804
✅ Persistent ticket views registered
Synced: 81
🤖 Logged in as Coffecord#1804
✅ Persistent ticket views registered
Synced: 81
🤖 Logged in as Coffecord#1804
✅ Persistent ticket views registered
Synced: 81
🤖 Logged in as Coffecord#1804
✅ Persistent ticket views registered
Synced: 81
🤖 Logged in as Coffecord#1804
✅ Persistent ticket views registered
Synced: 81
🤖 Logged in as Coffecord#1804
✅ Persistent ticket views registered
Synced: 81
🤖 Logged in as Coffecord#1804
✅ Persistent ticket views registered
Synced: 81
🤖 Logged in as Coffecord#1804
✅ Persistent ticket views registered
Synced: 81
──────────────────────────────────────────────────
Bot started at 2026-03-26 08:39:57
──────────────────────────────────────────────────
DISCORD VERSION: 2.7.1
DISCORD FILE: /home/gavin/Discordbot/.venv/lib/python3.12/site-packages/discord/__init__.py
PYTHON: /home/gavin/Discordbot/.venv/bin/python
[module-registry] 9 module file(s) are not present yet; those modules will be skipped during startup.
Loaded extension: Modules.modules_cmd
Loaded extension: Modules.automod
Loaded extension: Modules.autorole
Loaded extension: Modules.fun
Loaded extension: Modules.leveling
Loaded extension: Modules.logging
Loaded extension: Modules.reactionrole
Loaded extension: Modules.setup_wizard
Loaded extension: Modules.staff_utils
Loaded extension: Modules.test_module
Loaded extension: Modules.themes
Loaded extension: Modules.tickets
Loaded extension: Modules.translate
Loaded extension: Modules.welcome_leave
[module-registry] Loaded 13 extension(s).
[module-registry] Skipped 9 unavailable module extension(s): Modules.adaptive_slowmode, Modules.applications, Modules.calls, Modules.kofi, Modules.muterole, Modules.nickname, Modules.polls, Modules.support, Modules.verification
Ko-fi webhook server listening on :5000
🤖 Logged in as Coffecord#1804
✅ Persistent ticket views registered
Synced: 81
🤖 Logged in as Coffecord#1804
✅ Persistent ticket views registered
Synced: 81
🤖 Logged in as Coffecord#1804
✅ Persistent ticket views registered
Synced: 81
🤖 Logged in as Coffecord#1804
✅ Persistent ticket views registered
Synced: 81
🤖 Logged in as Coffecord#1804
✅ Persistent ticket views registered
Synced: 81
🤖 Logged in as Coffecord#1804
✅ Persistent ticket views registered
Synced: 81
🤖 Logged in as Coffecord#1804
✅ Persistent ticket views registered
Synced: 81
🤖 Logged in as Coffecord#1804
✅ Persistent ticket views registered
Synced: 81
🤖 Logged in as Coffecord#1804
✅ Persistent ticket views registered
Synced: 81
🤖 Logged in as Coffecord#1804
✅ Persistent ticket views registered
Synced: 81
🤖 Logged in as Coffecord#1804
✅ Persistent ticket views registered
Synced: 81
🤖 Logged in as Coffecord#1804
✅ Persistent ticket views registered
Synced: 81
🤖 Logged in as Coffecord#1804
✅ Persistent ticket views registered
Synced: 81
🤖 Logged in as Coffecord#1804
✅ Persistent ticket views registered
Synced: 81
🤖 Logged in as Coffecord#1804
✅ Persistent ticket views registered
Synced: 81
🤖 Logged in as Coffecord#1804
✅ Persistent ticket views registered
Synced: 81
──────────────────────────────────────────────────
Bot started at 2026-03-27 00:06:18
──────────────────────────────────────────────────
DISCORD VERSION: 2.7.1
DISCORD FILE: /home/gavin/Discordbot/.venv/lib/python3.12/site-packages/discord/__init__.py
PYTHON: /home/gavin/Discordbot/.venv/bin/python
[module-registry] 9 module file(s) are not present yet; those modules will be skipped during startup.
Loaded extension: Modules.modules_cmd
Loaded extension: Modules.automod
Loaded extension: Modules.autorole
Loaded extension: Modules.fun
Loaded extension: Modules.leveling
Loaded extension: Modules.logging
Loaded extension: Modules.reactionrole
Loaded extension: Modules.setup_wizard
Loaded extension: Modules.staff_utils
Loaded extension: Modules.test_module
Loaded extension: Modules.themes
Loaded extension: Modules.tickets
Loaded extension: Modules.translate
Loaded extension: Modules.welcome_leave
[module-registry] Loaded 13 extension(s).
[module-registry] Skipped 9 unavailable module extension(s): Modules.adaptive_slowmode, Modules.applications, Modules.calls, Modules.kofi, Modules.muterole, Modules.nickname, Modules.polls, Modules.support, Modules.verification
Ko-fi webhook server listening on :5000
🤖 Logged in as Coffecord#1804
✅ Persistent ticket views registered
🤖 Logged in as Coffecord#1804
✅ Persistent ticket views registered
Synced: 81
Synced: 81
[CMD] /cat | infamousgr_95424 (1168282467162136656) | DM#Direct Message with Coffecord#1804
🤖 Logged in as Coffecord#1804
✅ Persistent ticket views registered
Synced: 81
🤖 Logged in as Coffecord#1804
✅ Persistent ticket views registered
Synced: 81
🤖 Logged in as Coffecord#1804
✅ Persistent ticket views registered
Synced: 81
🤖 Logged in as Coffecord#1804
✅ Persistent ticket views registered
Synced: 81
──────────────────────────────────────────────────
Bot started at 2026-03-27 12:25:55
──────────────────────────────────────────────────
DISCORD VERSION: 2.7.1
DISCORD FILE: /home/gavin/Discordbot/.venv/lib/python3.12/site-packages/discord/__init__.py
PYTHON: /home/gavin/Discordbot/.venv/bin/python
[module-registry] 9 module file(s) are not present yet; those modules will be skipped during startup.
Loaded extension: Modules.modules_cmd
Loaded extension: Modules.automod
Loaded extension: Modules.autorole
Loaded extension: Modules.fun
Loaded extension: Modules.leveling
Loaded extension: Modules.logging
Loaded extension: Modules.reactionrole
Loaded extension: Modules.setup_wizard
Loaded extension: Modules.staff_utils
Loaded extension: Modules.test_module
Loaded extension: Modules.themes
Loaded extension: Modules.tickets
Loaded extension: Modules.translate
Loaded extension: Modules.welcome_leave
[module-registry] Loaded 13 extension(s).
[module-registry] Skipped 9 unavailable module extension(s): Modules.adaptive_slowmode, Modules.applications, Modules.calls, Modules.kofi, Modules.muterole, Modules.nickname, Modules.polls, Modules.support, Modules.verification
Ko-fi webhook server listening on :5000
🤖 Logged in as Coffecord#1804
✅ Persistent ticket views registered
Synced: 81
──────────────────────────────────────────────────
Bot started at 2026-03-27 13:18:46
──────────────────────────────────────────────────
DISCORD VERSION: 2.7.1
DISCORD FILE: /home/gavin/Discordbot/.venv/lib/python3.12/site-packages/discord/__init__.py
PYTHON: /home/gavin/Discordbot/.venv/bin/python
[module-registry] 9 module file(s) are not present yet; those modules will be skipped during startup.
Loaded extension: Modules.modules_cmd
Loaded extension: Modules.automod
Loaded extension: Modules.autorole
Loaded extension: Modules.fun
Loaded extension: Modules.leveling
Loaded extension: Modules.logging
Loaded extension: Modules.reactionrole
Loaded extension: Modules.setup_wizard
Loaded extension: Modules.staff_utils
Loaded extension: Modules.test_module
Loaded extension: Modules.themes
Loaded extension: Modules.tickets
Loaded extension: Modules.translate
Loaded extension: Modules.welcome_leave
[module-registry] Loaded 13 extension(s).
[module-registry] Skipped 9 unavailable module extension(s): Modules.adaptive_slowmode, Modules.applications, Modules.calls, Modules.kofi, Modules.muterole, Modules.nickname, Modules.polls, Modules.support, Modules.verification
Ko-fi webhook server listening on :5000
🤖 Logged in as Coffecord#1804
✅ Persistent ticket views registered
Synced: 81
🤖 Logged in as Coffecord#1804
✅ Persistent ticket views registered
Synced: 81
[CMD] /level | infamousgr_95424 (1168282467162136656) | Coffeecord Support Server#general
[CMD] /level | infamousgr_95424 (1168282467162136656) | Coffeecord Support Server#general
[CMD] /automod badword list | infamousgr_95424 (1168282467162136656) | Coffeecord Support Server#staff-general
[CMD] /automod preset | infamousgr_95424 (1168282467162136656) | Coffeecord Support Server#staff-general
[CMD] /automod badword list | infamousgr_95424 (1168282467162136656) | Coffeecord Support Server#staff-general
[CMD] /level | infamousgr_95424 (1168282467162136656) | DM#Direct Message with Coffecord#1804
[CMD] /purge | infamousgr_95424 (1168282467162136656) | Coffeecord Support Server#📈-topdotgg-votes
[staff_utils] purge guild=1384771470860746753 channel=1484372883139465247 deleted=7
[CMD] /purge | infamousgr_95424 (1168282467162136656) | Coffeecord Support Server#general
[staff_utils] purge guild=1384771470860746753 channel=1384771471448215644 deleted=5
[CMD] /purge | infamousgr_95424 (1168282467162136656) | Coffeecord Support Server#general
[staff_utils] purge guild=1384771470860746753 channel=1384771471448215644 deleted=7
[CMD] /level | infamousgr_95424 (1168282467162136656) | Coffeecord Support Server#logs
[CMD] /cat | infamousgr_95424 (1168282467162136656) | DM#Direct Message with Coffecord#1804
──────────────────────────────────────────────────
Bot started at 2026-03-29 09:42:27
──────────────────────────────────────────────────
DISCORD VERSION: 2.7.1
DISCORD FILE: /home/gavin/Discordbot/.venv/lib/python3.12/site-packages/discord/__init__.py
PYTHON: /home/gavin/Discordbot/.venv/bin/python
[module-registry] 9 module file(s) are not present yet; those modules will be skipped during startup.
Loaded extension: Modules.modules_cmd
Loaded extension: Modules.automod
Loaded extension: Modules.autorole
Loaded extension: Modules.fun
Loaded extension: Modules.leveling
Loaded extension: Modules.logging
Loaded extension: Modules.reactionrole
Loaded extension: Modules.setup_wizard
Loaded extension: Modules.staff_utils
Loaded extension: Modules.test_module
Loaded extension: Modules.themes
Loaded extension: Modules.tickets
Loaded extension: Modules.translate
Loaded extension: Modules.welcome_leave
[module-registry] Loaded 13 extension(s).
[module-registry] Skipped 9 unavailable module extension(s): Modules.adaptive_slowmode, Modules.applications, Modules.calls, Modules.kofi, Modules.muterole, Modules.nickname, Modules.polls, Modules.support, Modules.verification
Ko-fi webhook server listening on :5000
🤖 Logged in as Coffecord#1804
✅ Persistent ticket views registered
Synced: 81
──────────────────────────────────────────────────
Bot started at 2026-03-29 10:03:48
──────────────────────────────────────────────────
DISCORD VERSION: 2.7.1
DISCORD FILE: /home/gavin/Discordbot/.venv/lib/python3.12/site-packages/discord/__init__.py
PYTHON: /home/gavin/Discordbot/.venv/bin/python
[module-registry] 9 module file(s) are not present yet; those modules will be skipped during startup.
Loaded extension: Modules.modules_cmd
Loaded extension: Modules.automod
Loaded extension: Modules.autorole
Loaded extension: Modules.fun
Loaded extension: Modules.leveling
Loaded extension: Modules.logging
Loaded extension: Modules.reactionrole
Loaded extension: Modules.setup_wizard
Loaded extension: Modules.staff_utils
Loaded extension: Modules.test_module
Loaded extension: Modules.themes
Loaded extension: Modules.tickets
Loaded extension: Modules.translate
Loaded extension: Modules.welcome_leave
[module-registry] Loaded 13 extension(s).
[module-registry] Skipped 9 unavailable module extension(s): Modules.adaptive_slowmode, Modules.applications, Modules.calls, Modules.kofi, Modules.muterole, Modules.nickname, Modules.polls, Modules.support, Modules.verification
Ko-fi webhook server listening on :5000
🤖 Logged in as Coffecord#1804
✅ Persistent ticket views registered
Synced: 81
🤖 Logged in as Coffecord#1804
✅ Persistent ticket views registered
Synced: 81
🤖 Logged in as Coffecord#1804
✅ Persistent ticket views registered
Synced: 81
🤖 Logged in as Coffecord#1804
✅ Persistent ticket views registered
Synced: 81
🤖 Logged in as Coffecord#1804
✅ Persistent ticket views registered
Synced: 81
[CMD] /cat | infamousgr_95424 (1168282467162136656) | #💬│en-chat
──────────────────────────────────────────────────
Bot started at 2026-03-30 15:46:22
──────────────────────────────────────────────────
DISCORD VERSION: 2.7.1
DISCORD FILE: /home/gavin/Discordbot/.venv/lib/python3.12/site-packages/discord/__init__.py
PYTHON: /home/gavin/Discordbot/.venv/bin/python
[module-registry] 9 module file(s) are not present yet; those modules will be skipped during startup.
Loaded extension: Modules.modules_cmd
Loaded extension: Modules.automod
Loaded extension: Modules.autorole
Loaded extension: Modules.fun
Loaded extension: Modules.leveling
Loaded extension: Modules.logging
Loaded extension: Modules.reactionrole
Loaded extension: Modules.setup_wizard
Loaded extension: Modules.staff_utils
Loaded extension: Modules.test_module
Loaded extension: Modules.themes
Loaded extension: Modules.tickets
Loaded extension: Modules.translate
Loaded extension: Modules.welcome_leave
[module-registry] Loaded 13 extension(s).
[module-registry] Skipped 9 unavailable module extension(s): Modules.adaptive_slowmode, Modules.applications, Modules.calls, Modules.kofi, Modules.muterole, Modules.nickname, Modules.polls, Modules.support, Modules.verification
Ko-fi webhook server listening on :5000
🤖 Logged in as Coffecord#1804
✅ Persistent ticket views registered
Synced: 81
──────────────────────────────────────────────────
Bot started at 2026-03-30 19:57:26
──────────────────────────────────────────────────
DISCORD VERSION: 2.7.1
DISCORD FILE: /home/gavin/Discordbot/.venv/lib/python3.12/site-packages/discord/__init__.py
PYTHON: /home/gavin/Discordbot/.venv/bin/python
[module-registry] 9 module file(s) are not present yet; those modules will be skipped during startup.
Loaded extension: Modules.modules_cmd
Loaded extension: Modules.automod
Loaded extension: Modules.autorole
Loaded extension: Modules.fun
Loaded extension: Modules.leveling
Loaded extension: Modules.logging
Loaded extension: Modules.reactionrole
Loaded extension: Modules.setup_wizard
Loaded extension: Modules.staff_utils
Loaded extension: Modules.test_module
Loaded extension: Modules.themes
Loaded extension: Modules.tickets
Loaded extension: Modules.translate
Loaded extension: Modules.welcome_leave
[module-registry] Loaded 13 extension(s).
[module-registry] Skipped 9 unavailable module extension(s): Modules.adaptive_slowmode, Modules.applications, Modules.calls, Modules.kofi, Modules.muterole, Modules.nickname, Modules.polls, Modules.support, Modules.verification
Ko-fi webhook server listening on :5000
🤖 Logged in as Coffecord#1804
✅ Persistent ticket views registered
Synced: 81
🤖 Logged in as Coffecord#1804
✅ Persistent ticket views registered
Synced: 81
🤖 Logged in as Coffecord#1804
✅ Persistent ticket views registered
Synced: 81
──────────────────────────────────────────────────
Bot started at 2026-03-30 21:43:40
──────────────────────────────────────────────────
DISCORD VERSION: 2.7.1
DISCORD FILE: /home/gavin/Discordbot/.venv/lib/python3.12/site-packages/discord/__init__.py
PYTHON: /home/gavin/Discordbot/.venv/bin/python
[module-registry] 9 module file(s) are not present yet; those modules will be skipped during startup.
Loaded extension: Modules.modules_cmd
Loaded extension: Modules.automod
Loaded extension: Modules.autorole
Loaded extension: Modules.fun
Loaded extension: Modules.leveling
Loaded extension: Modules.logging
Loaded extension: Modules.reactionrole
Loaded extension: Modules.setup_wizard
Loaded extension: Modules.staff_utils
Loaded extension: Modules.test_module
Loaded extension: Modules.themes
Loaded extension: Modules.tickets
Loaded extension: Modules.translate
Loaded extension: Modules.welcome_leave
[module-registry] Loaded 13 extension(s).
[module-registry] Skipped 9 unavailable module extension(s): Modules.adaptive_slowmode, Modules.applications, Modules.calls, Modules.kofi, Modules.muterole, Modules.nickname, Modules.polls, Modules.support, Modules.verification
Ko-fi webhook server listening on :5000
🤖 Logged in as Coffecord#1804
✅ Persistent ticket views registered
Synced: 81
──────────────────────────────────────────────────
Bot started at 2026-03-31 07:23:41
──────────────────────────────────────────────────
DISCORD VERSION: 2.7.1
DISCORD FILE: /home/gavin/Discordbot/.venv/lib/python3.12/site-packages/discord/__init__.py
PYTHON: /home/gavin/Discordbot/.venv/bin/python
[module-registry] 9 module file(s) are not present yet; those modules will be skipped during startup.
Loaded extension: Modules.modules_cmd
Loaded extension: Modules.automod
Loaded extension: Modules.autorole
Loaded extension: Modules.fun
Loaded extension: Modules.leveling
Loaded extension: Modules.logging
Loaded extension: Modules.reactionrole
Loaded extension: Modules.setup_wizard
Loaded extension: Modules.staff_utils
Loaded extension: Modules.test_module
Loaded extension: Modules.themes
Loaded extension: Modules.tickets
Loaded extension: Modules.translate
Loaded extension: Modules.welcome_leave
[module-registry] Loaded 13 extension(s).
[module-registry] Skipped 9 unavailable module extension(s): Modules.adaptive_slowmode, Modules.applications, Modules.calls, Modules.kofi, Modules.muterole, Modules.nickname, Modules.polls, Modules.support, Modules.verification
Ko-fi webhook server listening on :5000
🤖 Logged in as Coffecord#1804
✅ Persistent ticket views registered
Synced: 81
🤖 Logged in as Coffecord#1804
✅ Persistent ticket views registered
Synced: 81
🤖 Logged in as Coffecord#1804
✅ Persistent ticket views registered
Synced: 81
🤖 Logged in as Coffecord#1804
✅ Persistent ticket views registered
Synced: 81
🤖 Logged in as Coffecord#1804
✅ Persistent ticket views registered
Synced: 81
🤖 Logged in as Coffecord#1804
✅ Persistent ticket views registered
Synced: 81
──────────────────────────────────────────────────
Bot started at 2026-03-31 21:13:48
──────────────────────────────────────────────────
DISCORD VERSION: 2.7.1
DISCORD FILE: /home/gavin/Discordbot/.venv/lib/python3.12/site-packages/discord/__init__.py
PYTHON: /home/gavin/Discordbot/.venv/bin/python
[module-registry] 9 module file(s) are not present yet; those modules will be skipped during startup.
Loaded extension: Modules.modules_cmd
Loaded extension: Modules.automod
Loaded extension: Modules.autorole
Loaded extension: Modules.fun
Loaded extension: Modules.leveling
Loaded extension: Modules.logging
Loaded extension: Modules.reactionrole
Loaded extension: Modules.setup_wizard
Loaded extension: Modules.staff_utils
Loaded extension: Modules.test_module
Loaded extension: Modules.themes
Loaded extension: Modules.tickets
Loaded extension: Modules.translate
Loaded extension: Modules.welcome_leave
[module-registry] Loaded 13 extension(s).
[module-registry] Skipped 9 unavailable module extension(s): Modules.adaptive_slowmode, Modules.applications, Modules.calls, Modules.kofi, Modules.muterole, Modules.nickname, Modules.polls, Modules.support, Modules.verification
Ko-fi webhook server listening on :5000
🤖 Logged in as Coffecord#1804
✅ Persistent ticket views registered
Synced: 81
🤖 Logged in as Coffecord#1804
✅ Persistent ticket views registered
Synced: 81
──────────────────────────────────────────────────
Bot started at 2026-04-01 15:51:23
──────────────────────────────────────────────────
DISCORD VERSION: 2.7.1
DISCORD FILE: /home/gavin/Discordbot/.venv/lib/python3.12/site-packages/discord/__init__.py
PYTHON: /home/gavin/Discordbot/.venv/bin/python
[module-registry] 9 module file(s) are not present yet; those modules will be skipped during startup.
Loaded extension: Modules.modules_cmd
Loaded extension: Modules.automod
Loaded extension: Modules.autorole
Loaded extension: Modules.fun
Loaded extension: Modules.leveling
Loaded extension: Modules.logging
Loaded extension: Modules.reactionrole
Loaded extension: Modules.setup_wizard
Loaded extension: Modules.staff_utils
Loaded extension: Modules.test_module
Loaded extension: Modules.themes
Loaded extension: Modules.tickets
Loaded extension: Modules.translate
Loaded extension: Modules.welcome_leave
[module-registry] Loaded 13 extension(s).
[module-registry] Skipped 9 unavailable module extension(s): Modules.adaptive_slowmode, Modules.applications, Modules.calls, Modules.kofi, Modules.muterole, Modules.nickname, Modules.polls, Modules.support, Modules.verification
Ko-fi webhook server listening on :5000
🤖 Logged in as Coffecord#1804
✅ Persistent ticket views registered
Synced: 81
🤖 Logged in as Coffecord#1804
✅ Persistent ticket views registered
Synced: 81
🤖 Logged in as Coffecord#1804
✅ Persistent ticket views registered
Synced: 81
🤖 Logged in as Coffecord#1804
✅ Persistent ticket views registered
Synced: 81
🤖 Logged in as Coffecord#1804
✅ Persistent ticket views registered
Synced: 81
🤖 Logged in as Coffecord#1804
✅ Persistent ticket views registered
Synced: 81
🤖 Logged in as Coffecord#1804
✅ Persistent ticket views registered
ERROR IN on_ready():
Traceback (most recent call last):
  File "/home/gavin/Discordbot/.venv/lib/python3.12/site-packages/aiohttp/connector.py", line 1562, in _create_direct_connection
    hosts = await self._resolve_host(host, port, traces=traces)
            ^^^^^^^^^^^^^^^^^^^^^^^^^^^^^^^^^^^^^^^^^^^^^^^^^^^
  File "/home/gavin/Discordbot/.venv/lib/python3.12/site-packages/aiohttp/connector.py", line 1178, in _resolve_host
    return await asyncio.shield(resolved_host_task)
           ^^^^^^^^^^^^^^^^^^^^^^^^^^^^^^^^^^^^^^^^
  File "/home/gavin/Discordbot/.venv/lib/python3.12/site-packages/aiohttp/connector.py", line 1209, in _resolve_host_with_throttle
    addrs = await self._resolver.resolve(host, port, family=self._family)
            ^^^^^^^^^^^^^^^^^^^^^^^^^^^^^^^^^^^^^^^^^^^^^^^^^^^^^^^^^^^^^
  File "/home/gavin/Discordbot/.venv/lib/python3.12/site-packages/aiohttp/resolver.py", line 40, in resolve
    infos = await self._loop.getaddrinfo(
            ^^^^^^^^^^^^^^^^^^^^^^^^^^^^^
  File "/usr/lib/python3.12/asyncio/base_events.py", line 901, in getaddrinfo
    return await self.run_in_executor(
           ^^^^^^^^^^^^^^^^^^^^^^^^^^^
  File "/usr/lib/python3.12/concurrent/futures/thread.py", line 58, in run
    result = self.fn(*self.args, **self.kwargs)
             ^^^^^^^^^^^^^^^^^^^^^^^^^^^^^^^^^^
  File "/usr/lib/python3.12/socket.py", line 963, in getaddrinfo
    for res in _socket.getaddrinfo(host, port, family, type, proto, flags):
               ^^^^^^^^^^^^^^^^^^^^^^^^^^^^^^^^^^^^^^^^^^^^^^^^^^^^^^^^^^^
socket.gaierror: [Errno -2] Name or service not known

The above exception was the direct cause of the following exception:

Traceback (most recent call last):
  File "/home/gavin/Discordbot/Src/Bot.py", line 5360, in on_ready
    synced = await tree.sync()
             ^^^^^^^^^^^^^^^^^
  File "/home/gavin/Discordbot/.venv/lib/python3.12/site-packages/discord/app_commands/tree.py", line 1116, in sync
    data = await self._http.bulk_upsert_global_commands(self.client.application_id, payload=payload)
           ^^^^^^^^^^^^^^^^^^^^^^^^^^^^^^^^^^^^^^^^^^^^^^^^^^^^^^^^^^^^^^^^^^^^^^^^^^^^^^^^^^^^^^^^^
  File "/home/gavin/Discordbot/.venv/lib/python3.12/site-packages/discord/http.py", line 659, in request
    async with self.__session.request(method, url, **kwargs) as response:
  File "/home/gavin/Discordbot/.venv/lib/python3.12/site-packages/aiohttp/client.py", line 1510, in __aenter__
    self._resp: _RetType = await self._coro
                           ^^^^^^^^^^^^^^^^
  File "/home/gavin/Discordbot/.venv/lib/python3.12/site-packages/aiohttp/client.py", line 779, in _request
    resp = await handler(req)
           ^^^^^^^^^^^^^^^^^^
  File "/home/gavin/Discordbot/.venv/lib/python3.12/site-packages/aiohttp/client.py", line 734, in _connect_and_send_request
    conn = await self._connector.connect(
           ^^^^^^^^^^^^^^^^^^^^^^^^^^^^^^
  File "/home/gavin/Discordbot/.venv/lib/python3.12/site-packages/aiohttp/connector.py", line 672, in connect
    proto = await self._create_connection(req, traces, timeout)
            ^^^^^^^^^^^^^^^^^^^^^^^^^^^^^^^^^^^^^^^^^^^^^^^^^^^
  File "/home/gavin/Discordbot/.venv/lib/python3.12/site-packages/aiohttp/connector.py", line 1239, in _create_connection
    _, proto = await self._create_direct_connection(req, traces, timeout)
               ^^^^^^^^^^^^^^^^^^^^^^^^^^^^^^^^^^^^^^^^^^^^^^^^^^^^^^^^^^
  File "/home/gavin/Discordbot/.venv/lib/python3.12/site-packages/aiohttp/connector.py", line 1568, in _create_direct_connection
    raise ClientConnectorDNSError(req.connection_key, exc) from exc
aiohttp.client_exceptions.ClientConnectorDNSError: Cannot connect to host discord.com:443 ssl:default [Name or service not known]

During handling of the above exception, another exception occurred:

Traceback (most recent call last):
  File "/home/gavin/Discordbot/Src/Bot.py", line 5363, in on_ready
    except (discord.HTTPException, discord.ConnectionError) as e:
                                   ^^^^^^^^^^^^^^^^^^^^^^^
AttributeError: module 'discord' has no attribute 'ConnectionError'
🤖 Logged in as Coffecord#1804
✅ Persistent ticket views registered
Synced: 81
──────────────────────────────────────────────────
Bot started at 2026-04-03 08:27:22
──────────────────────────────────────────────────
DISCORD VERSION: 2.7.1
DISCORD FILE: /home/gavin/Discordbot/.venv/lib/python3.12/site-packages/discord/__init__.py
PYTHON: /home/gavin/Discordbot/.venv/bin/python
[module-registry] 9 module file(s) are not present yet; those modules will be skipped during startup.
Loaded extension: Modules.modules_cmd
Loaded extension: Modules.automod
Loaded extension: Modules.autorole
Loaded extension: Modules.fun
Loaded extension: Modules.leveling
Loaded extension: Modules.logging
Loaded extension: Modules.reactionrole
Loaded extension: Modules.setup_wizard
Loaded extension: Modules.staff_utils
Loaded extension: Modules.test_module
Loaded extension: Modules.themes
Loaded extension: Modules.tickets
Loaded extension: Modules.translate
Loaded extension: Modules.welcome_leave
[module-registry] Loaded 13 extension(s).
[module-registry] Skipped 9 unavailable module extension(s): Modules.adaptive_slowmode, Modules.applications, Modules.calls, Modules.kofi, Modules.muterole, Modules.nickname, Modules.polls, Modules.support, Modules.verification
Ko-fi webhook server listening on :5000
🤖 Logged in as Coffecord#1804
✅ Persistent ticket views registered
Synced: 81
🤖 Logged in as Coffecord#1804
✅ Persistent ticket views registered
Synced: 81
🤖 Logged in as Coffecord#1804
✅ Persistent ticket views registered
Synced: 81
[CMD] /cat | infamousgr_95424 (1168282467162136656) | #📰official-war-news-📜
🤖 Logged in as Coffecord#1804
✅ Persistent ticket views registered
Synced: 81
🤖 Logged in as Coffecord#1804
✅ Persistent ticket views registered
Synced: 81
🤖 Logged in as Coffecord#1804
✅ Persistent ticket views registered
Synced: 81
🤖 Logged in as Coffecord#1804
✅ Persistent ticket views registered
Synced: 81
──────────────────────────────────────────────────
Bot started at 2026-04-03 17:23:36
──────────────────────────────────────────────────
DISCORD VERSION: 2.7.1
DISCORD FILE: /home/gavin/Discordbot/.venv/lib/python3.12/site-packages/discord/__init__.py
PYTHON: /home/gavin/Discordbot/.venv/bin/python
[module-registry] 9 module file(s) are not present yet; those modules will be skipped during startup.
Loaded extension: Modules.modules_cmd
Loaded extension: Modules.automod
Loaded extension: Modules.autorole
Loaded extension: Modules.fun
Loaded extension: Modules.leveling
Loaded extension: Modules.logging
Loaded extension: Modules.reactionrole
Loaded extension: Modules.setup_wizard
Loaded extension: Modules.staff_utils
Loaded extension: Modules.test_module
Loaded extension: Modules.themes
Loaded extension: Modules.tickets
Loaded extension: Modules.translate
Loaded extension: Modules.welcome_leave
[module-registry] Loaded 13 extension(s).
[module-registry] Skipped 9 unavailable module extension(s): Modules.adaptive_slowmode, Modules.applications, Modules.calls, Modules.kofi, Modules.muterole, Modules.nickname, Modules.polls, Modules.support, Modules.verification
Ko-fi webhook server listening on :5000
🤖 Logged in as Coffecord#1804
✅ Persistent ticket views registered
[CMD] /cat | infamousgr_95424 (1168282467162136656) | DM#Direct Message with Coffecord#1804
[APP_COMMAND_ERROR] /cat
Traceback (most recent call last):
  File "/home/gavin/Discordbot/.venv/lib/python3.12/site-packages/discord/app_commands/commands.py", line 858, in _do_call
    return await self._callback(self.binding, interaction, **params)  # type: ignore
           ^^^^^^^^^^^^^^^^^^^^^^^^^^^^^^^^^^^^^^^^^^^^^^^^^^^^^^^^^
  File "/home/gavin/Discordbot/Modules/fun.py", line 253, in cat
    await interaction.response.defer()
  File "/home/gavin/Discordbot/.venv/lib/python3.12/site-packages/discord/interactions.py", line 892, in defer
    response = await adapter.create_interaction_response(
               ^^^^^^^^^^^^^^^^^^^^^^^^^^^^^^^^^^^^^^^^^^
  File "/home/gavin/Discordbot/.venv/lib/python3.12/site-packages/discord/webhook/async_.py", line 224, in request
    raise NotFound(response, data)
discord.errors.NotFound: 404 Not Found (error code: 10062): Unknown interaction
[CMD] /cat | infamousgr_95424 (1168282467162136656) | Coffeecord Support Server#logs
[APP_COMMAND_ERROR] /cat
Traceback (most recent call last):
  File "/home/gavin/Discordbot/.venv/lib/python3.12/site-packages/discord/app_commands/commands.py", line 858, in _do_call
    return await self._callback(self.binding, interaction, **params)  # type: ignore
           ^^^^^^^^^^^^^^^^^^^^^^^^^^^^^^^^^^^^^^^^^^^^^^^^^^^^^^^^^
  File "/home/gavin/Discordbot/Modules/fun.py", line 253, in cat
    await interaction.response.defer()
  File "/home/gavin/Discordbot/.venv/lib/python3.12/site-packages/discord/interactions.py", line 892, in defer
    response = await adapter.create_interaction_response(
               ^^^^^^^^^^^^^^^^^^^^^^^^^^^^^^^^^^^^^^^^^^
  File "/home/gavin/Discordbot/.venv/lib/python3.12/site-packages/discord/webhook/async_.py", line 224, in request
    raise NotFound(response, data)
discord.errors.NotFound: 404 Not Found (error code: 10062): Unknown interaction
[CMD] /dog | infamousgr_95424 (1168282467162136656) | Coffeecord Support Server#logs
Synced: 81
──────────────────────────────────────────────────
Bot started at 2026-04-03 17:25:38
──────────────────────────────────────────────────
DISCORD VERSION: 2.7.1
DISCORD FILE: /home/gavin/Discordbot/.venv/lib/python3.12/site-packages/discord/__init__.py
PYTHON: /home/gavin/Discordbot/.venv/bin/python
[module-registry] 9 module file(s) are not present yet; those modules will be skipped during startup.
Loaded extension: Modules.modules_cmd
Loaded extension: Modules.automod
Loaded extension: Modules.autorole
Loaded extension: Modules.fun
Loaded extension: Modules.leveling
Loaded extension: Modules.logging
Loaded extension: Modules.reactionrole
Loaded extension: Modules.setup_wizard
Loaded extension: Modules.staff_utils
Loaded extension: Modules.test_module
Loaded extension: Modules.themes
Loaded extension: Modules.tickets
Loaded extension: Modules.translate
Loaded extension: Modules.welcome_leave
[module-registry] Loaded 13 extension(s).
[module-registry] Skipped 9 unavailable module extension(s): Modules.adaptive_slowmode, Modules.applications, Modules.calls, Modules.kofi, Modules.muterole, Modules.nickname, Modules.polls, Modules.support, Modules.verification
Ko-fi webhook server listening on :5000
🤖 Logged in as Coffecord#1804
✅ Persistent ticket views registered
Synced: 81
🤖 Logged in as Coffecord#1804
✅ Persistent ticket views registered
Synced: 81
──────────────────────────────────────────────────
Bot started at 2026-04-03 20:09:43
──────────────────────────────────────────────────
DISCORD VERSION: 2.7.1
DISCORD FILE: /home/gavin/Discordbot/.venv/lib/python3.12/site-packages/discord/__init__.py
PYTHON: /home/gavin/Discordbot/.venv/bin/python
[module-registry] 9 module file(s) are not present yet; those modules will be skipped during startup.
Loaded extension: Modules.modules_cmd
Loaded extension: Modules.automod
Loaded extension: Modules.autorole
Loaded extension: Modules.fun
Loaded extension: Modules.leveling
Loaded extension: Modules.logging
Loaded extension: Modules.reactionrole
Loaded extension: Modules.setup_wizard
Loaded extension: Modules.staff_utils
Loaded extension: Modules.test_module
Loaded extension: Modules.themes
Loaded extension: Modules.tickets
Loaded extension: Modules.translate
Loaded extension: Modules.welcome_leave
[module-registry] Loaded 13 extension(s).
[module-registry] Skipped 9 unavailable module extension(s): Modules.adaptive_slowmode, Modules.applications, Modules.calls, Modules.kofi, Modules.muterole, Modules.nickname, Modules.polls, Modules.support, Modules.verification
Ko-fi webhook server listening on :5000
🤖 Logged in as Coffecord#1804
✅ Persistent ticket views registered
Synced: 81
🤖 Logged in as Coffecord#1804
✅ Persistent ticket views registered
Synced: 81
🤖 Logged in as Coffecord#1804
✅ Persistent ticket views registered
Synced: 81
🤖 Logged in as Coffecord#1804
✅ Persistent ticket views registered
Synced: 81
🤖 Logged in as Coffecord#1804
✅ Persistent ticket views registered
Synced: 81
🤖 Logged in as Coffecord#1804
✅ Persistent ticket views registered
Synced: 81
🤖 Logged in as Coffecord#1804
✅ Persistent ticket views registered
Synced: 81
🤖 Logged in as Coffecord#1804
✅ Persistent ticket views registered
Synced: 81
🤖 Logged in as Coffecord#1804
✅ Persistent ticket views registered
Synced: 81
🤖 Logged in as Coffecord#1804
✅ Persistent ticket views registered
Synced: 81
[CMD] /cat | infamousgr_95424 (1168282467162136656) | Coffeecord Support Server#general
[APP_COMMAND_ERROR] /cat
Traceback (most recent call last):
  File "/home/gavin/Discordbot/.venv/lib/python3.12/site-packages/discord/app_commands/commands.py", line 858, in _do_call
    return await self._callback(self.binding, interaction, **params)  # type: ignore
           ^^^^^^^^^^^^^^^^^^^^^^^^^^^^^^^^^^^^^^^^^^^^^^^^^^^^^^^^^
  File "/home/gavin/Discordbot/Modules/fun.py", line 253, in cat
    await interaction.response.defer()
  File "/home/gavin/Discordbot/.venv/lib/python3.12/site-packages/discord/interactions.py", line 892, in defer
    response = await adapter.create_interaction_response(
               ^^^^^^^^^^^^^^^^^^^^^^^^^^^^^^^^^^^^^^^^^^
  File "/home/gavin/Discordbot/.venv/lib/python3.12/site-packages/discord/webhook/async_.py", line 224, in request
    raise NotFound(response, data)
discord.errors.NotFound: 404 Not Found (error code: 10062): Unknown interaction
🤖 Logged in as Coffecord#1804
✅ Persistent ticket views registered
Synced: 81
🤖 Logged in as Coffecord#1804
✅ Persistent ticket views registered
Synced: 81
[CMD] /level | infamousgr_95424 (1168282467162136656) | Coffeecord Support Server#👋-new-members
[APP_COMMAND_ERROR] /level
Traceback (most recent call last):
  File "/home/gavin/Discordbot/.venv/lib/python3.12/site-packages/discord/app_commands/commands.py", line 858, in _do_call
    return await self._callback(self.binding, interaction, **params)  # type: ignore
           ^^^^^^^^^^^^^^^^^^^^^^^^^^^^^^^^^^^^^^^^^^^^^^^^^^^^^^^^^
  File "/home/gavin/Discordbot/Modules/leveling.py", line 778, in level
    await interaction.response.defer()
  File "/home/gavin/Discordbot/.venv/lib/python3.12/site-packages/discord/interactions.py", line 892, in defer
    response = await adapter.create_interaction_response(
               ^^^^^^^^^^^^^^^^^^^^^^^^^^^^^^^^^^^^^^^^^^
  File "/home/gavin/Discordbot/.venv/lib/python3.12/site-packages/discord/webhook/async_.py", line 224, in request
    raise NotFound(response, data)
discord.errors.NotFound: 404 Not Found (error code: 10062): Unknown interaction
[CMD] /level | infamousgr_95424 (1168282467162136656) | Coffeecord Support Server#general
[CMD] /level | infamousgr_95424 (1168282467162136656) | Coffeecord Support Server#media
[CMD] /level | infamousgr_95424 (1168282467162136656) | Coffeecord Support Server#media
[CMD] /purge | infamousgr_95424 (1168282467162136656) | Coffeecord Support Server#media
[APP_COMMAND_ERROR] /purge
Traceback (most recent call last):
  File "/home/gavin/Discordbot/.venv/lib/python3.12/site-packages/discord/app_commands/commands.py", line 858, in _do_call
    return await self._callback(self.binding, interaction, **params)  # type: ignore
           ^^^^^^^^^^^^^^^^^^^^^^^^^^^^^^^^^^^^^^^^^^^^^^^^^^^^^^^^^
  File "/home/gavin/Discordbot/Modules/staff_utils.py", line 444, in purge
    await interaction.response.send_message(embed=preview, view=ConfirmCancelView(interaction.user.id, _confirm_purge), ephemeral=True)
  File "/home/gavin/Discordbot/.venv/lib/python3.12/site-packages/discord/interactions.py", line 1085, in send_message
    data = await adapter.create_interaction_response(
           ^^^^^^^^^^^^^^^^^^^^^^^^^^^^^^^^^^^^^^^^^^
  File "/home/gavin/Discordbot/.venv/lib/python3.12/site-packages/discord/webhook/async_.py", line 226, in request
    raise HTTPException(response, data)
discord.errors.HTTPException: 400 Bad Request (error code: 40060): Interaction has already been acknowledged.
[CMD] .synccommands | infamousgr_95424 (1168282467162136656) | Coffeecord Support Server#media
[CMD+] .synccommands completed | infamousgr_95424 | Coffeecord Support Server
[CMD] /purge | infamousgr_95424 (1168282467162136656) | Coffeecord Support Server#media
[APP_COMMAND_ERROR] /purge
Traceback (most recent call last):
  File "/home/gavin/Discordbot/.venv/lib/python3.12/site-packages/discord/app_commands/tree.py", line 1302, in _call
    await command._invoke_with_namespace(interaction, namespace)
  File "/home/gavin/Discordbot/.venv/lib/python3.12/site-packages/discord/app_commands/commands.py", line 883, in _invoke_with_namespace
    transformed_values = await self._transform_arguments(interaction, namespace)
                         ^^^^^^^^^^^^^^^^^^^^^^^^^^^^^^^^^^^^^^^^^^^^^^^^^^^^^^^
  File "/home/gavin/Discordbot/.venv/lib/python3.12/site-packages/discord/app_commands/commands.py", line 847, in _transform_arguments
    raise CommandSignatureMismatch(self) from None
discord.app_commands.errors.CommandSignatureMismatch: The signature for command 'purge' is different from the one provided by Discord. This can happen because either your code is out of date or you have not synced the commands with Discord, causing the mismatch in data. It is recommended to sync the command tree to fix this issue.
[CMD] /cat | infamousgr_95424 (1168282467162136656) | Coffeecord Support Server#media
[CMD] /help | infamousgr_95424 (1168282467162136656) | Coffeecord Support Server#media
[APP_COMMAND_ERROR] /help
Traceback (most recent call last):
  File "/home/gavin/Discordbot/.venv/lib/python3.12/site-packages/discord/app_commands/commands.py", line 859, in _do_call
    return await self._callback(interaction, **params)  # type: ignore
           ^^^^^^^^^^^^^^^^^^^^^^^^^^^^^^^^^^^^^^^^^^^
  File "/home/gavin/Discordbot/Src/Bot.py", line 541, in help_cmd
    await interaction.response.send_message(embed=pages[0], view=view)
  File "/home/gavin/Discordbot/.venv/lib/python3.12/site-packages/discord/interactions.py", line 1085, in send_message
    data = await adapter.create_interaction_response(
           ^^^^^^^^^^^^^^^^^^^^^^^^^^^^^^^^^^^^^^^^^^
  File "/home/gavin/Discordbot/.venv/lib/python3.12/site-packages/discord/webhook/async_.py", line 224, in request
    raise NotFound(response, data)
discord.errors.NotFound: 404 Not Found (error code: 10062): Unknown interaction
🤖 Logged in as Coffecord#1804
✅ Persistent ticket views registered
Synced: 81
🤖 Logged in as Coffecord#1804
✅ Persistent ticket views registered
Synced: 81
──────────────────────────────────────────────────
Bot started at 2026-04-08 16:48:27
──────────────────────────────────────────────────
DISCORD VERSION: 2.7.1
DISCORD FILE: /home/gavin/Coffeecord/.venv/lib/python3.12/site-packages/discord/__init__.py
PYTHON: /home/gavin/Coffeecord/.venv/bin/python
[module-registry] 9 module file(s) are not present yet; those modules will be skipped during startup.
Loaded extension: Modules.modules_cmd
Loaded extension: Modules.automod
Loaded extension: Modules.autorole
Loaded extension: Modules.fun
Loaded extension: Modules.leveling
Loaded extension: Modules.logging
Loaded extension: Modules.reactionrole
Loaded extension: Modules.setup_wizard
Loaded extension: Modules.staff_utils
Loaded extension: Modules.test_module
Loaded extension: Modules.themes
Loaded extension: Modules.tickets
Loaded extension: Modules.translate
Loaded extension: Modules.welcome_leave
[module-registry] Loaded 13 extension(s).
[module-registry] Skipped 9 unavailable module extension(s): Modules.adaptive_slowmode, Modules.applications, Modules.calls, Modules.kofi, Modules.muterole, Modules.nickname, Modules.polls, Modules.support, Modules.verification
Ko-fi webhook disabled (KOFI_VERIFICATION_TOKEN is not set).
🤖 Logged in as Coffecord#1804
✅ Persistent ticket views registered
Synced: 81
[CMD] /about | infamousgr_95424 (1168282467162136656) | Coffeecord Support Server#logs
🤖 Logged in as Coffecord#1804
✅ Persistent ticket views registered
Synced: 81
🤖 Logged in as Coffecord#1804
✅ Persistent ticket views registered
Synced: 81
──────────────────────────────────────────────────
Bot started at 2026-04-10 07:21:25
──────────────────────────────────────────────────
DISCORD VERSION: 2.7.1
DISCORD FILE: /home/gavin/Coffeecord/.venv/lib/python3.12/site-packages/discord/__init__.py
PYTHON: /home/gavin/Coffeecord/.venv/bin/python
[module-registry] 9 module file(s) are not present yet; those modules will be skipped during startup.
Loaded extension: Modules.modules_cmd
Loaded extension: Modules.automod
Loaded extension: Modules.autorole
Loaded extension: Modules.fun
Loaded extension: Modules.leveling
Loaded extension: Modules.logging
Loaded extension: Modules.reactionrole
Loaded extension: Modules.setup_wizard
Loaded extension: Modules.staff_utils
Loaded extension: Modules.test_module
Loaded extension: Modules.themes
Loaded extension: Modules.tickets
Loaded extension: Modules.translate
Loaded extension: Modules.welcome_leave
[module-registry] Loaded 13 extension(s).
[module-registry] Skipped 9 unavailable module extension(s): Modules.adaptive_slowmode, Modules.applications, Modules.calls, Modules.kofi, Modules.muterole, Modules.nickname, Modules.polls, Modules.support, Modules.verification
Ko-fi webhook disabled (KOFI_VERIFICATION_TOKEN is not set).
🤖 Logged in as Coffecord#1804
✅ Persistent ticket views registered
Synced: 81
🤖 Logged in as Coffecord#1804
✅ Persistent ticket views registered
Synced: 81
🤖 Logged in as Coffecord#1804
✅ Persistent ticket views registered
Synced: 81
──────────────────────────────────────────────────
Bot started at 2026-04-10 17:16:05
──────────────────────────────────────────────────
DISCORD VERSION: 2.7.1
DISCORD FILE: /home/gavin/Coffeecord/.venv/lib/python3.12/site-packages/discord/__init__.py
PYTHON: /home/gavin/Coffeecord/.venv/bin/python
[module-registry] 9 module file(s) are not present yet; those modules will be skipped during startup.
Loaded extension: Modules.modules_cmd
Loaded extension: Modules.automod
Loaded extension: Modules.autorole
Loaded extension: Modules.fun
Loaded extension: Modules.leveling
Loaded extension: Modules.logging
Loaded extension: Modules.reactionrole
Loaded extension: Modules.setup_wizard
Loaded extension: Modules.staff_utils
Loaded extension: Modules.test_module
Loaded extension: Modules.themes
Loaded extension: Modules.tickets
Loaded extension: Modules.translate
Loaded extension: Modules.welcome_leave
[module-registry] Loaded 13 extension(s).
[module-registry] Skipped 9 unavailable module extension(s): Modules.adaptive_slowmode, Modules.applications, Modules.calls, Modules.kofi, Modules.muterole, Modules.nickname, Modules.polls, Modules.support, Modules.verification
Ko-fi webhook disabled (KOFI_VERIFICATION_TOKEN is not set).
🤖 Logged in as Coffecord#1804
✅ Persistent ticket views registered
Synced: 81
[CMD] /about | infamousgr_95424 (1168282467162136656) | Coffeecord Support Server#logs
[APP_COMMAND_ERROR] /about
Traceback (most recent call last):
  File "/home/gavin/Coffeecord/.venv/lib/python3.12/site-packages/discord/app_commands/commands.py", line 859, in _do_call
    return await self._callback(interaction, **params)  # type: ignore
           ^^^^^^^^^^^^^^^^^^^^^^^^^^^^^^^^^^^^^^^^^^^
  File "/home/gavin/Coffeecord/Src/Bot.py", line 598, in about_cmd
    await interaction.response.send_message(embed=embed, view=view)
  File "/home/gavin/Coffeecord/.venv/lib/python3.12/site-packages/discord/interactions.py", line 1085, in send_message
    data = await adapter.create_interaction_response(
           ^^^^^^^^^^^^^^^^^^^^^^^^^^^^^^^^^^^^^^^^^^
  File "/home/gavin/Coffeecord/.venv/lib/python3.12/site-packages/discord/webhook/async_.py", line 224, in request
    raise NotFound(response, data)
discord.errors.NotFound: 404 Not Found (error code: 10062): Unknown interaction
[CMD] /automod badword list | infamousgr_95424 (1168282467162136656) | Coffeecord Support Server#logs
[APP_COMMAND_ERROR] /automod badword list
Traceback (most recent call last):
  File "/home/gavin/Coffeecord/.venv/lib/python3.12/site-packages/discord/app_commands/commands.py", line 859, in _do_call
    return await self._callback(interaction, **params)  # type: ignore
           ^^^^^^^^^^^^^^^^^^^^^^^^^^^^^^^^^^^^^^^^^^^
  File "/home/gavin/Coffeecord/Modules/automod.py", line 1838, in automod_badword_list
    await interaction.response.send_message(
  File "/home/gavin/Coffeecord/.venv/lib/python3.12/site-packages/discord/interactions.py", line 1085, in send_message
    data = await adapter.create_interaction_response(
           ^^^^^^^^^^^^^^^^^^^^^^^^^^^^^^^^^^^^^^^^^^
  File "/home/gavin/Coffeecord/.venv/lib/python3.12/site-packages/discord/webhook/async_.py", line 224, in request
    raise NotFound(response, data)
discord.errors.NotFound: 404 Not Found (error code: 10062): Unknown interaction
[CMD] /about | infamousgr_95424 (1168282467162136656) | Coffeecord Support Server#logs
🤖 Logged in as Coffecord#1804
✅ Persistent ticket views registered
Synced: 81
🤖 Logged in as Coffecord#1804
✅ Persistent ticket views registered
Synced: 81
🤖 Logged in as Coffecord#1804
✅ Persistent ticket views registered
Synced: 81
🤖 Logged in as Coffecord#1804
✅ Persistent ticket views registered
Synced: 81
