2026-03-21 22:21:46,697 | WARNING  | discord.client | PyNaCl is not installed, voice will NOT be supported
2026-03-21 22:21:46,697 | WARNING  | discord.client | davey is not installed, voice will NOT be supported
2026-03-21 22:21:46,847 | INFO     | discord.client | logging in using static token
2026-03-21 22:21:47,837 | INFO     | discord.gateway | Shard ID None has connected to Gateway (Session ID: 329f5aeae1d3a27a8f94144660e76c3f).
2026-03-21 22:22:43,898 | WARNING  | discord.http | We are being rate limited. DELETE https://discord.com/api/v10/channels/1384771471448215644/messages/1479563322847395964 responded with 429. Retrying in 0.30 seconds.
2026-03-21 22:22:44,517 | WARNING  | discord.http | We are being rate limited. DELETE https://discord.com/api/v10/channels/1384771471448215644/messages/1479563321559482388 responded with 429. Retrying in 0.47 seconds.
2026-03-21 22:22:45,408 | WARNING  | discord.http | We are being rate limited. DELETE https://discord.com/api/v10/channels/1384771471448215644/messages/1479563320481546320 responded with 429. Retrying in 0.56 seconds.
2026-03-21 22:22:46,301 | WARNING  | discord.http | We are being rate limited. DELETE https://discord.com/api/v10/channels/1384771471448215644/messages/1388305681131765825 responded with 429. Retrying in 0.69 seconds.
2026-03-21 22:22:47,256 | WARNING  | discord.http | We are being rate limited. DELETE https://discord.com/api/v10/channels/1384771471448215644/messages/1388305678157742234 responded with 429. Retrying in 0.72 seconds.
2026-03-21 22:22:48,241 | WARNING  | discord.http | We are being rate limited. DELETE https://discord.com/api/v10/channels/1384771471448215644/messages/1388305675880366171 responded with 429. Retrying in 0.73 seconds.
2026-03-21 22:22:49,425 | WARNING  | discord.http | We are being rate limited. DELETE https://discord.com/api/v10/channels/1384771471448215644/messages/1388305673615446077 responded with 429. Retrying in 0.55 seconds.
2026-03-21 22:22:50,276 | WARNING  | discord.http | We are being rate limited. DELETE https://discord.com/api/v10/channels/1384771471448215644/messages/1388305671308447980 responded with 429. Retrying in 0.70 seconds.
2026-03-21 22:22:51,190 | WARNING  | discord.http | We are being rate limited. DELETE https://discord.com/api/v10/channels/1384771471448215644/messages/1388305621899546846 responded with 429. Retrying in 0.78 seconds.
2026-03-21 22:22:52,310 | WARNING  | discord.http | We are being rate limited. DELETE https://discord.com/api/v10/channels/1384771471448215644/messages/1388305616849600614 responded with 429. Retrying in 0.67 seconds.
2026-03-21 22:22:53,237 | WARNING  | discord.http | We are being rate limited. DELETE https://discord.com/api/v10/channels/1384771471448215644/messages/1388305615742304286 responded with 429. Retrying in 0.75 seconds.
2026-03-21 22:22:54,258 | WARNING  | discord.http | We are being rate limited. DELETE https://discord.com/api/v10/channels/1384771471448215644/messages/1388305613922238596 responded with 429. Retrying in 0.71 seconds.
2026-03-21 22:22:55,208 | WARNING  | discord.http | We are being rate limited. DELETE https://discord.com/api/v10/channels/1384771471448215644/messages/1388305612986781766 responded with 429. Retrying in 0.77 seconds.
2026-03-21 22:22:56,242 | WARNING  | discord.http | We are being rate limited. DELETE https://discord.com/api/v10/channels/1384771471448215644/messages/1388305611439083580 responded with 429. Retrying in 0.73 seconds.
2026-03-21 22:22:57,217 | WARNING  | discord.http | We are being rate limited. DELETE https://discord.com/api/v10/channels/1384771471448215644/messages/1388305606049398874 responded with 429. Retrying in 0.76 seconds.
2026-03-21 22:22:58,242 | WARNING  | discord.http | We are being rate limited. DELETE https://discord.com/api/v10/channels/1384771471448215644/messages/1388305603188752494 responded with 429. Retrying in 0.73 seconds.
2026-03-21 22:22:59,199 | WARNING  | discord.http | We are being rate limited. DELETE https://discord.com/api/v10/channels/1384771471448215644/messages/1388305499551830078 responded with 429. Retrying in 0.77 seconds.
2026-03-21 22:23:00,187 | WARNING  | discord.http | We are being rate limited. DELETE https://discord.com/api/v10/channels/1384771471448215644/messages/1388303231393992784 responded with 429. Retrying in 0.78 seconds.
2026-03-21 22:23:01,222 | WARNING  | discord.http | We are being rate limited. DELETE https://discord.com/api/v10/channels/1384771471448215644/messages/1388211118824226956 responded with 429. Retrying in 0.76 seconds.
2026-03-21 22:23:02,295 | WARNING  | discord.http | We are being rate limited. DELETE https://discord.com/api/v10/channels/1384771471448215644/messages/1388206775622303787 responded with 429. Retrying in 0.68 seconds.
2026-03-21 22:23:03,288 | WARNING  | discord.http | We are being rate limited. DELETE https://discord.com/api/v10/channels/1384771471448215644/messages/1388206740025245846 responded with 429. Retrying in 0.69 seconds.
2026-03-21 22:23:04,230 | WARNING  | discord.http | We are being rate limited. DELETE https://discord.com/api/v10/channels/1384771471448215644/messages/1388206535624102041 responded with 429. Retrying in 0.75 seconds.
2026-03-21 22:23:05,205 | WARNING  | discord.http | We are being rate limited. DELETE https://discord.com/api/v10/channels/1384771471448215644/messages/1388206473800323124 responded with 429. Retrying in 0.77 seconds.
2026-03-21 22:23:06,188 | WARNING  | discord.http | We are being rate limited. DELETE https://discord.com/api/v10/channels/1384771471448215644/messages/1388206405227384883 responded with 429. Retrying in 0.78 seconds.
2026-03-21 22:23:07,206 | WARNING  | discord.http | We are being rate limited. DELETE https://discord.com/api/v10/channels/1384771471448215644/messages/1388206327846797423 responded with 429. Retrying in 0.78 seconds.
2026-03-21 22:23:08,291 | WARNING  | discord.http | We are being rate limited. DELETE https://discord.com/api/v10/channels/1384771471448215644/messages/1388206139350712511 responded with 429. Retrying in 0.69 seconds.
2026-03-21 22:23:09,328 | WARNING  | discord.http | We are being rate limited. DELETE https://discord.com/api/v10/channels/1384771471448215644/messages/1388165635879469068 responded with 429. Retrying in 0.65 seconds.
2026-03-21 22:23:10,264 | WARNING  | discord.http | We are being rate limited. DELETE https://discord.com/api/v10/channels/1384771471448215644/messages/1388165634474643479 responded with 429. Retrying in 0.71 seconds.
2026-03-21 22:23:11,379 | WARNING  | discord.http | We are being rate limited. DELETE https://discord.com/api/v10/channels/1384771471448215644/messages/1388163635188072600 responded with 429. Retrying in 0.59 seconds.
2026-03-21 22:23:12,198 | WARNING  | discord.http | We are being rate limited. DELETE https://discord.com/api/v10/channels/1384771471448215644/messages/1388163610668306463 responded with 429. Retrying in 0.77 seconds.
2026-03-21 22:23:13,247 | WARNING  | discord.http | We are being rate limited. DELETE https://discord.com/api/v10/channels/1384771471448215644/messages/1388163285068808393 responded with 429. Retrying in 0.73 seconds.
2026-03-21 22:23:14,206 | WARNING  | discord.http | We are being rate limited. DELETE https://discord.com/api/v10/channels/1384771471448215644/messages/1388163283537756250 responded with 429. Retrying in 0.77 seconds.
2026-03-21 22:23:15,234 | WARNING  | discord.http | We are being rate limited. DELETE https://discord.com/api/v10/channels/1384771471448215644/messages/1388162197297037354 responded with 429. Retrying in 0.74 seconds.
2026-03-21 22:23:16,250 | WARNING  | discord.http | We are being rate limited. DELETE https://discord.com/api/v10/channels/1384771471448215644/messages/1388162183438930013 responded with 429. Retrying in 0.72 seconds.
2026-03-21 22:25:16,382 | WARNING  | discord.http | We are being rate limited. DELETE https://discord.com/api/v10/channels/1384771471448215644/messages/1388161947215597759 responded with 429. Retrying in 0.30 seconds.
2026-03-21 22:25:16,913 | WARNING  | discord.http | We are being rate limited. DELETE https://discord.com/api/v10/channels/1384771471448215644/messages/1388161942631223357 responded with 429. Retrying in 0.49 seconds.
2026-03-21 22:25:17,691 | WARNING  | discord.http | We are being rate limited. DELETE https://discord.com/api/v10/channels/1384771471448215644/messages/1388161931449204877 responded with 429. Retrying in 0.71 seconds.
2026-03-21 22:25:18,689 | WARNING  | discord.http | We are being rate limited. DELETE https://discord.com/api/v10/channels/1384771471448215644/messages/1388161897395785778 responded with 429. Retrying in 0.71 seconds.
2026-03-21 22:25:19,655 | WARNING  | discord.http | We are being rate limited. DELETE https://discord.com/api/v10/channels/1384771471448215644/messages/1388161863811989504 responded with 429. Retrying in 0.75 seconds.
2026-03-21 22:25:20,634 | WARNING  | discord.http | We are being rate limited. DELETE https://discord.com/api/v10/channels/1384771471448215644/messages/1388161782962458624 responded with 429. Retrying in 0.77 seconds.
2026-03-21 22:25:21,671 | WARNING  | discord.http | We are being rate limited. DELETE https://discord.com/api/v10/channels/1384771471448215644/messages/1388161738230202439 responded with 429. Retrying in 0.74 seconds.
2026-03-21 22:25:22,651 | WARNING  | discord.http | We are being rate limited. DELETE https://discord.com/api/v10/channels/1384771471448215644/messages/1388161736754073631 responded with 429. Retrying in 0.75 seconds.
2026-03-21 22:25:23,646 | WARNING  | discord.http | We are being rate limited. DELETE https://discord.com/api/v10/channels/1384771471448215644/messages/1388161701412733012 responded with 429. Retrying in 0.75 seconds.
2026-03-21 22:25:24,711 | WARNING  | discord.http | We are being rate limited. DELETE https://discord.com/api/v10/channels/1384771471448215644/messages/1387936739040952330 responded with 429. Retrying in 0.72 seconds.
2026-03-21 22:25:25,679 | WARNING  | discord.http | We are being rate limited. DELETE https://discord.com/api/v10/channels/1384771471448215644/messages/1387935735021178946 responded with 429. Retrying in 0.72 seconds.
2026-03-21 22:25:26,691 | WARNING  | discord.http | We are being rate limited. DELETE https://discord.com/api/v10/channels/1384771471448215644/messages/1387935651948793907 responded with 429. Retrying in 0.71 seconds.
2026-03-21 22:25:27,723 | WARNING  | discord.http | We are being rate limited. DELETE https://discord.com/api/v10/channels/1384771471448215644/messages/1387935571833258067 responded with 429. Retrying in 0.68 seconds.
2026-03-21 22:25:28,768 | WARNING  | discord.http | We are being rate limited. DELETE https://discord.com/api/v10/channels/1384771471448215644/messages/1387935511422701669 responded with 429. Retrying in 0.64 seconds.
2026-03-21 22:25:29,672 | WARNING  | discord.http | We are being rate limited. DELETE https://discord.com/api/v10/channels/1384771471448215644/messages/1387934561589002240 responded with 429. Retrying in 0.73 seconds.
2026-03-21 22:25:30,738 | WARNING  | discord.http | We are being rate limited. DELETE https://discord.com/api/v10/channels/1384771471448215644/messages/1387934559974199298 responded with 429. Retrying in 0.66 seconds.
2026-03-21 22:25:31,641 | WARNING  | discord.http | We are being rate limited. DELETE https://discord.com/api/v10/channels/1384771471448215644/messages/1387933020954296360 responded with 429. Retrying in 0.76 seconds.
2026-03-21 22:25:32,695 | WARNING  | discord.http | We are being rate limited. DELETE https://discord.com/api/v10/channels/1384771471448215644/messages/1387932153110593637 responded with 429. Retrying in 0.71 seconds.
2026-03-21 22:25:33,685 | WARNING  | discord.http | We are being rate limited. DELETE https://discord.com/api/v10/channels/1384771471448215644/messages/1387931169320079440 responded with 429. Retrying in 0.72 seconds.
2026-03-21 22:25:34,708 | WARNING  | discord.http | We are being rate limited. DELETE https://discord.com/api/v10/channels/1384771471448215644/messages/1387931110822121623 responded with 429. Retrying in 0.70 seconds.
2026-03-21 22:25:35,703 | WARNING  | discord.http | We are being rate limited. DELETE https://discord.com/api/v10/channels/1384771471448215644/messages/1387930885587865640 responded with 429. Retrying in 0.71 seconds.
2026-03-21 22:25:36,703 | WARNING  | discord.http | We are being rate limited. DELETE https://discord.com/api/v10/channels/1384771471448215644/messages/1387077196438438010 responded with 429. Retrying in 0.70 seconds.
2026-03-21 22:25:37,647 | WARNING  | discord.http | We are being rate limited. DELETE https://discord.com/api/v10/channels/1384771471448215644/messages/1387076866694844446 responded with 429. Retrying in 0.76 seconds.
2026-03-21 22:25:38,804 | WARNING  | discord.http | We are being rate limited. DELETE https://discord.com/api/v10/channels/1384771471448215644/messages/1387071900483588186 responded with 429. Retrying in 0.61 seconds.
2026-03-21 22:25:39,694 | WARNING  | discord.http | We are being rate limited. DELETE https://discord.com/api/v10/channels/1384771471448215644/messages/1387063906845065406 responded with 429. Retrying in 0.71 seconds.
2026-03-21 22:25:40,847 | WARNING  | discord.http | We are being rate limited. DELETE https://discord.com/api/v10/channels/1384771471448215644/messages/1387063868160872579 responded with 429. Retrying in 0.56 seconds.
2026-03-21 22:25:41,922 | WARNING  | discord.http | We are being rate limited. DELETE https://discord.com/api/v10/channels/1384771471448215644/messages/1387062535894732860 responded with 429. Retrying in 0.48 seconds.
2026-03-21 22:25:42,681 | WARNING  | discord.http | We are being rate limited. DELETE https://discord.com/api/v10/channels/1384771471448215644/messages/1387062107505168504 responded with 429. Retrying in 0.74 seconds.
2026-03-21 22:25:43,657 | WARNING  | discord.http | We are being rate limited. DELETE https://discord.com/api/v10/channels/1384771471448215644/messages/1387061157050847392 responded with 429. Retrying in 0.74 seconds.
2026-03-21 22:25:44,676 | WARNING  | discord.http | We are being rate limited. DELETE https://discord.com/api/v10/channels/1384771471448215644/messages/1387061136108683366 responded with 429. Retrying in 0.73 seconds.
2026-03-21 22:25:45,650 | WARNING  | discord.http | We are being rate limited. DELETE https://discord.com/api/v10/channels/1384771471448215644/messages/1387059869403840644 responded with 429. Retrying in 0.75 seconds.
2026-03-21 22:25:46,728 | WARNING  | discord.http | We are being rate limited. DELETE https://discord.com/api/v10/channels/1384771471448215644/messages/1387059863884136511 responded with 429. Retrying in 0.68 seconds.
2026-03-21 22:25:47,674 | WARNING  | discord.http | We are being rate limited. DELETE https://discord.com/api/v10/channels/1384771471448215644/messages/1387059858221830245 responded with 429. Retrying in 0.73 seconds.
2026-03-21 22:27:36,607 | WARNING  | discord.http | We are being rate limited. DELETE https://discord.com/api/v10/channels/1387113647687335946/messages/1437216485985489056 responded with 429. Retrying in 0.30 seconds.
2026-03-21 22:27:37,181 | WARNING  | discord.http | We are being rate limited. DELETE https://discord.com/api/v10/channels/1387113647687335946/messages/1437216458433368256 responded with 429. Retrying in 0.55 seconds.
2026-03-21 22:27:38,055 | WARNING  | discord.http | We are being rate limited. DELETE https://discord.com/api/v10/channels/1387113647687335946/messages/1437216409963729070 responded with 429. Retrying in 0.67 seconds.
2026-03-21 22:27:38,978 | WARNING  | discord.http | We are being rate limited. DELETE https://discord.com/api/v10/channels/1387113647687335946/messages/1437216370004721705 responded with 429. Retrying in 0.73 seconds.
2026-03-21 22:27:39,949 | WARNING  | discord.http | We are being rate limited. DELETE https://discord.com/api/v10/channels/1387113647687335946/messages/1437216327977799771 responded with 429. Retrying in 0.77 seconds.
2026-03-21 22:27:40,979 | WARNING  | discord.http | We are being rate limited. DELETE https://discord.com/api/v10/channels/1387113647687335946/messages/1437216314828652595 responded with 429. Retrying in 0.74 seconds.
2026-03-21 22:27:41,999 | WARNING  | discord.http | We are being rate limited. DELETE https://discord.com/api/v10/channels/1387113647687335946/messages/1437216276509491223 responded with 429. Retrying in 0.71 seconds.
2026-03-21 22:27:43,021 | WARNING  | discord.http | We are being rate limited. DELETE https://discord.com/api/v10/channels/1387113647687335946/messages/1437216264639479949 responded with 429. Retrying in 0.70 seconds.
2026-03-21 22:27:44,064 | WARNING  | discord.http | We are being rate limited. DELETE https://discord.com/api/v10/channels/1387113647687335946/messages/1437216174956871731 responded with 429. Retrying in 0.65 seconds.
2026-03-21 22:27:45,002 | WARNING  | discord.http | We are being rate limited. DELETE https://discord.com/api/v10/channels/1387113647687335946/messages/1437216142920777789 responded with 429. Retrying in 0.72 seconds.
2026-03-21 22:27:46,002 | WARNING  | discord.http | We are being rate limited. DELETE https://discord.com/api/v10/channels/1387113647687335946/messages/1437215807649091775 responded with 429. Retrying in 0.72 seconds.
2026-03-21 22:27:47,204 | WARNING  | discord.http | We are being rate limited. DELETE https://discord.com/api/v10/channels/1387113647687335946/messages/1437215762044555367 responded with 429. Retrying in 0.51 seconds.
2026-03-21 22:27:48,074 | WARNING  | discord.http | We are being rate limited. DELETE https://discord.com/api/v10/channels/1387113647687335946/messages/1437215752276152330 responded with 429. Retrying in 0.64 seconds.
2026-03-21 22:27:48,458 | WARNING  | discord.http | We are being rate limited. DELETE https://discord.com/api/v10/channels/1384771471448215644/messages/1387057213620748399 responded with 429. Retrying in 0.30 seconds.
2026-03-21 22:27:48,981 | WARNING  | discord.http | We are being rate limited. DELETE https://discord.com/api/v10/channels/1387113647687335946/messages/1437215693102776451 responded with 429. Retrying in 0.74 seconds.
2026-03-21 22:27:49,022 | WARNING  | discord.http | We are being rate limited. DELETE https://discord.com/api/v10/channels/1384771471448215644/messages/1387057175402123394 responded with 429. Retrying in 0.61 seconds.
2026-03-21 22:27:49,921 | WARNING  | discord.http | We are being rate limited. DELETE https://discord.com/api/v10/channels/1384771471448215644/messages/1387057151176081408 responded with 429. Retrying in 0.72 seconds.
2026-03-21 22:27:49,970 | WARNING  | discord.http | We are being rate limited. DELETE https://discord.com/api/v10/channels/1387113647687335946/messages/1437215677827252284 responded with 429. Retrying in 0.75 seconds.
2026-03-21 22:27:50,919 | WARNING  | discord.http | We are being rate limited. DELETE https://discord.com/api/v10/channels/1384771471448215644/messages/1387057139108810835 responded with 429. Retrying in 0.71 seconds.
2026-03-21 22:27:50,960 | WARNING  | discord.http | We are being rate limited. DELETE https://discord.com/api/v10/channels/1387113647687335946/messages/1437215605919846585 responded with 429. Retrying in 0.76 seconds.
2026-03-21 22:27:51,915 | WARNING  | discord.http | We are being rate limited. DELETE https://discord.com/api/v10/channels/1384771471448215644/messages/1387057124068167835 responded with 429. Retrying in 0.72 seconds.
2026-03-21 22:27:51,949 | WARNING  | discord.http | We are being rate limited. DELETE https://discord.com/api/v10/channels/1387113647687335946/messages/1437215590682071200 responded with 429. Retrying in 0.77 seconds.
2026-03-21 22:27:53,096 | WARNING  | discord.http | We are being rate limited. DELETE https://discord.com/api/v10/channels/1387113647687335946/messages/1427015222559903946 responded with 429. Retrying in 0.62 seconds.
2026-03-21 22:27:53,978 | WARNING  | discord.http | We are being rate limited. DELETE https://discord.com/api/v10/channels/1387113647687335946/messages/1427015031501095033 responded with 429. Retrying in 0.75 seconds.
2026-03-21 22:27:54,996 | WARNING  | discord.http | We are being rate limited. DELETE https://discord.com/api/v10/channels/1387113647687335946/messages/1427015015675990087 responded with 429. Retrying in 0.72 seconds.
2026-03-21 22:27:55,122 | WARNING  | discord.http | We are being rate limited. DELETE https://discord.com/api/v10/channels/1384771471448215644/messages/1387057096515780789 responded with 429. Retrying in 0.52 seconds.
2026-03-21 22:27:55,863 | WARNING  | discord.http | We are being rate limited. DELETE https://discord.com/api/v10/channels/1384771471448215644/messages/1387057091109458021 responded with 429. Retrying in 0.77 seconds.
2026-03-21 22:27:55,960 | WARNING  | discord.http | We are being rate limited. DELETE https://discord.com/api/v10/channels/1387113647687335946/messages/1427014525185429535 responded with 429. Retrying in 0.77 seconds.
2026-03-21 22:27:56,857 | WARNING  | discord.http | We are being rate limited. DELETE https://discord.com/api/v10/channels/1384771471448215644/messages/1387057059501183117 responded with 429. Retrying in 0.77 seconds.
2026-03-21 22:27:56,995 | WARNING  | discord.http | We are being rate limited. DELETE https://discord.com/api/v10/channels/1387113647687335946/messages/1427014503031373884 responded with 429. Retrying in 0.73 seconds.
2026-03-21 22:27:57,928 | WARNING  | discord.http | We are being rate limited. DELETE https://discord.com/api/v10/channels/1384771471448215644/messages/1387057016949964870 responded with 429. Retrying in 0.71 seconds.
2026-03-21 22:27:57,994 | WARNING  | discord.http | We are being rate limited. DELETE https://discord.com/api/v10/channels/1387113647687335946/messages/1427014459456622724 responded with 429. Retrying in 0.72 seconds.
2026-03-21 22:27:58,862 | WARNING  | discord.http | We are being rate limited. DELETE https://discord.com/api/v10/channels/1384771471448215644/messages/1387056995667804171 responded with 429. Retrying in 0.77 seconds.
2026-03-21 22:27:58,969 | WARNING  | discord.http | We are being rate limited. DELETE https://discord.com/api/v10/channels/1387113647687335946/messages/1427014455169908918 responded with 429. Retrying in 0.75 seconds.
2026-03-21 22:27:59,882 | WARNING  | discord.http | We are being rate limited. DELETE https://discord.com/api/v10/channels/1384771471448215644/messages/1387056933122474076 responded with 429. Retrying in 0.75 seconds.
2026-03-21 22:27:59,997 | WARNING  | discord.http | We are being rate limited. DELETE https://discord.com/api/v10/channels/1387113647687335946/messages/1427014438078382151 responded with 429. Retrying in 0.73 seconds.
2026-03-21 22:28:00,884 | WARNING  | discord.http | We are being rate limited. DELETE https://discord.com/api/v10/channels/1384771471448215644/messages/1387056871323734026 responded with 429. Retrying in 0.75 seconds.
2026-03-21 22:28:01,076 | WARNING  | discord.http | We are being rate limited. DELETE https://discord.com/api/v10/channels/1387113647687335946/messages/1427014423645651165 responded with 429. Retrying in 0.64 seconds.
2026-03-21 22:28:01,997 | WARNING  | discord.http | We are being rate limited. DELETE https://discord.com/api/v10/channels/1384771471448215644/messages/1387056840373965001 responded with 429. Retrying in 0.63 seconds.
2026-03-21 22:28:02,005 | WARNING  | discord.http | We are being rate limited. DELETE https://discord.com/api/v10/channels/1387113647687335946/messages/1427014411889152190 responded with 429. Retrying in 0.71 seconds.
2026-03-21 22:28:02,895 | WARNING  | discord.http | We are being rate limited. DELETE https://discord.com/api/v10/channels/1384771471448215644/messages/1386909316853796914 responded with 429. Retrying in 0.73 seconds.
2026-03-21 22:28:03,910 | WARNING  | discord.http | We are being rate limited. DELETE https://discord.com/api/v10/channels/1384771471448215644/messages/1386909307760807946 responded with 429. Retrying in 0.73 seconds.
2026-03-21 22:28:05,862 | WARNING  | discord.client | PyNaCl is not installed, voice will NOT be supported
2026-03-21 22:28:05,862 | WARNING  | discord.client | davey is not installed, voice will NOT be supported
2026-03-21 22:28:06,009 | INFO     | discord.client | logging in using static token
2026-03-21 22:28:06,881 | INFO     | discord.gateway | Shard ID None has connected to Gateway (Session ID: b4fb17d04925d2bb1236cfe4c0fd2c7a).
2026-03-21 22:28:42,392 | WARNING  | discord.client | PyNaCl is not installed, voice will NOT be supported
2026-03-21 22:28:42,392 | WARNING  | discord.client | davey is not installed, voice will NOT be supported
2026-03-21 22:28:42,539 | INFO     | discord.client | logging in using static token
2026-03-21 22:28:43,459 | INFO     | discord.gateway | Shard ID None has connected to Gateway (Session ID: 0fd78669379f29ff481bb66a775fbcfc).
2026-03-21 22:30:44,255 | WARNING  | discord.client | PyNaCl is not installed, voice will NOT be supported
2026-03-21 22:30:44,256 | WARNING  | discord.client | davey is not installed, voice will NOT be supported
2026-03-21 22:30:44,414 | INFO     | discord.client | logging in using static token
2026-03-21 22:30:45,163 | INFO     | discord.gateway | Shard ID None has connected to Gateway (Session ID: b578ef52d290d105a7f8c99ed1a1426d).
2026-03-21 22:38:30,572 | WARNING  | discord.client | PyNaCl is not installed, voice will NOT be supported
2026-03-21 22:38:30,572 | WARNING  | discord.client | davey is not installed, voice will NOT be supported
2026-03-21 22:38:30,832 | INFO     | discord.client | logging in using static token
2026-03-21 22:38:31,655 | INFO     | discord.gateway | Shard ID None has connected to Gateway (Session ID: a4f9ad1228de13d524d55cbb121b20ea).
2026-03-22 00:49:19,641 | INFO     | discord.gateway | Shard ID None session has been invalidated.
2026-03-22 00:49:25,093 | INFO     | discord.gateway | Shard ID None has connected to Gateway (Session ID: bce934bc8c8243618934d273b48159f0).
2026-03-22 02:09:53,958 | INFO     | discord.gateway | Shard ID None has successfully RESUMED session bce934bc8c8243618934d273b48159f0.
2026-03-22 02:46:43,950 | INFO     | discord.gateway | Shard ID None has successfully RESUMED session bce934bc8c8243618934d273b48159f0.
2026-03-22 05:01:52,826 | INFO     | discord.gateway | Shard ID None has successfully RESUMED session bce934bc8c8243618934d273b48159f0.
2026-03-22 06:08:00,724 | INFO     | discord.gateway | Shard ID None has successfully RESUMED session bce934bc8c8243618934d273b48159f0.
2026-03-22 06:49:58,658 | INFO     | discord.gateway | Shard ID None has successfully RESUMED session bce934bc8c8243618934d273b48159f0.
2026-03-22 08:36:42,194 | INFO     | discord.gateway | Shard ID None session has been invalidated.
2026-03-22 08:36:47,868 | INFO     | discord.gateway | Shard ID None has connected to Gateway (Session ID: 43dfda7997663bdabd6580f7ee2c364e).
2026-03-22 08:42:00,280 | INFO     | discord.gateway | Shard ID None session has been invalidated.
2026-03-22 08:42:05,829 | INFO     | discord.gateway | Shard ID None has connected to Gateway (Session ID: 646cfba59dac2a09fd1e206a519df100).
2026-03-22 09:47:07,721 | INFO     | discord.gateway | Shard ID None session has been invalidated.
2026-03-22 09:47:13,342 | INFO     | discord.gateway | Shard ID None has connected to Gateway (Session ID: d59c95a12df97b32a832a01ba4fd373a).
2026-03-22 09:48:12,468 | INFO     | discord.gateway | Shard ID None has successfully RESUMED session d59c95a12df97b32a832a01ba4fd373a.
2026-03-22 11:21:31,806 | WARNING  | discord.client | PyNaCl is not installed, voice will NOT be supported
2026-03-22 11:21:31,806 | WARNING  | discord.client | davey is not installed, voice will NOT be supported
2026-03-22 11:21:32,040 | INFO     | discord.client | logging in using static token
2026-03-22 11:21:33,285 | INFO     | discord.gateway | Shard ID None has connected to Gateway (Session ID: 7b1e5a6eb4311c2d7902894f384c93e2).
2026-03-22 11:34:21,756 | INFO     | discord.gateway | Shard ID None session has been invalidated.
2026-03-22 11:34:27,183 | INFO     | discord.gateway | Shard ID None has connected to Gateway (Session ID: 59ca0bdeb3d23b14a5f7a16f1bf4c802).
2026-03-22 11:36:47,789 | WARNING  | discord.client | PyNaCl is not installed, voice will NOT be supported
2026-03-22 11:36:47,789 | WARNING  | discord.client | davey is not installed, voice will NOT be supported
2026-03-22 11:36:47,969 | INFO     | discord.client | logging in using static token
2026-03-22 11:36:49,164 | INFO     | discord.gateway | Shard ID None has connected to Gateway (Session ID: c5b15a68cff1993be3139faaf91309b1).
2026-03-22 12:07:32,164 | INFO     | discord.gateway | Shard ID None session has been invalidated.
2026-03-22 12:07:37,620 | INFO     | discord.gateway | Shard ID None has connected to Gateway (Session ID: ff2e10b95b7f9ff891ede06a1be4c61d).
2026-03-22 12:07:44,773 | WARNING  | discord.client | PyNaCl is not installed, voice will NOT be supported
2026-03-22 12:07:44,773 | WARNING  | discord.client | davey is not installed, voice will NOT be supported
2026-03-22 12:07:44,925 | INFO     | discord.client | logging in using static token
2026-03-22 12:07:46,075 | INFO     | discord.gateway | Shard ID None has connected to Gateway (Session ID: 71ae0d1c5fc8007a050000a33ba912ca).
2026-03-22 12:24:04,714 | INFO     | discord.gateway | Shard ID None session has been invalidated.
2026-03-22 12:24:10,222 | INFO     | discord.gateway | Shard ID None has connected to Gateway (Session ID: 4bf5915267d85a5b08a1d1b986d1560b).
2026-03-22 13:02:41,502 | INFO     | discord.gateway | Shard ID None session has been invalidated.
2026-03-22 13:02:47,279 | INFO     | discord.gateway | Shard ID None has connected to Gateway (Session ID: 4d02937817748ed91c151b6a985d0475).
2026-03-22 13:37:51,092 | INFO     | discord.gateway | Shard ID None session has been invalidated.
2026-03-22 13:37:56,683 | INFO     | discord.gateway | Shard ID None has connected to Gateway (Session ID: 97b87456273fb8ea92dea734ee6875f4).
2026-03-22 14:12:42,727 | INFO     | discord.gateway | Shard ID None session has been invalidated.
2026-03-22 14:12:48,426 | INFO     | discord.gateway | Shard ID None has connected to Gateway (Session ID: 36b932f95e243270f7929de34fc041b1).
2026-03-22 16:56:59,283 | INFO     | discord.gateway | Shard ID None has successfully RESUMED session 36b932f95e243270f7929de34fc041b1.
2026-03-22 17:45:11,451 | WARNING  | discord.client | PyNaCl is not installed, voice will NOT be supported
2026-03-22 17:45:11,451 | WARNING  | discord.client | davey is not installed, voice will NOT be supported
2026-03-22 17:45:11,703 | INFO     | discord.client | logging in using static token
2026-03-22 17:45:12,435 | INFO     | discord.gateway | Shard ID None has connected to Gateway (Session ID: 42440e5e139340c6dc9ea892112ab5a6).
2026-03-22 17:51:47,660 | WARNING  | discord.http | We are being rate limited. DELETE https://discord.com/api/v10/channels/1384771471448215644/messages/1386907764076580915 responded with 429. Retrying in 0.30 seconds.
2026-03-22 17:51:48,279 | WARNING  | discord.http | We are being rate limited. DELETE https://discord.com/api/v10/channels/1384771471448215644/messages/1386907244037148712 responded with 429. Retrying in 0.50 seconds.
2026-03-22 17:51:49,170 | WARNING  | discord.http | We are being rate limited. DELETE https://discord.com/api/v10/channels/1384771471448215644/messages/1386907088017555637 responded with 429. Retrying in 0.61 seconds.
2026-03-22 17:51:50,038 | WARNING  | discord.http | We are being rate limited. DELETE https://discord.com/api/v10/channels/1384771471448215644/messages/1386904888352575519 responded with 429. Retrying in 0.74 seconds.
2026-03-22 17:51:51,096 | WARNING  | discord.http | We are being rate limited. DELETE https://discord.com/api/v10/channels/1384771471448215644/messages/1386904867305427075 responded with 429. Retrying in 0.70 seconds.
2026-03-22 17:51:52,199 | WARNING  | discord.http | We are being rate limited. DELETE https://discord.com/api/v10/channels/1384771471448215644/messages/1386902651429720145 responded with 429. Retrying in 0.60 seconds.
2026-03-22 17:51:53,127 | WARNING  | discord.http | We are being rate limited. DELETE https://discord.com/api/v10/channels/1384771471448215644/messages/1386902429009969193 responded with 429. Retrying in 0.65 seconds.
2026-03-22 17:51:54,024 | WARNING  | discord.http | We are being rate limited. DELETE https://discord.com/api/v10/channels/1384771471448215644/messages/1386902368976638004 responded with 429. Retrying in 0.75 seconds.
2026-03-22 17:51:55,029 | WARNING  | discord.http | We are being rate limited. DELETE https://discord.com/api/v10/channels/1384771471448215644/messages/1386895404733567077 responded with 429. Retrying in 0.75 seconds.
2026-03-22 17:51:56,109 | WARNING  | discord.http | We are being rate limited. DELETE https://discord.com/api/v10/channels/1384771471448215644/messages/1386895071932321863 responded with 429. Retrying in 0.68 seconds.
2026-03-22 17:51:57,161 | WARNING  | discord.http | We are being rate limited. DELETE https://discord.com/api/v10/channels/1384771471448215644/messages/1386894510356693073 responded with 429. Retrying in 0.63 seconds.
2026-03-22 17:51:58,048 | WARNING  | discord.http | We are being rate limited. DELETE https://discord.com/api/v10/channels/1384771471448215644/messages/1386892521338048522 responded with 429. Retrying in 0.73 seconds.
2026-03-22 17:51:59,120 | WARNING  | discord.http | We are being rate limited. DELETE https://discord.com/api/v10/channels/1384771471448215644/messages/1386892414006067230 responded with 429. Retrying in 0.66 seconds.
2026-03-22 17:52:00,071 | WARNING  | discord.http | We are being rate limited. DELETE https://discord.com/api/v10/channels/1384771471448215644/messages/1386889649254826155 responded with 429. Retrying in 0.71 seconds.
2026-03-22 17:52:01,027 | WARNING  | discord.http | We are being rate limited. DELETE https://discord.com/api/v10/channels/1384771471448215644/messages/1386889628363132991 responded with 429. Retrying in 0.75 seconds.
2026-03-22 18:06:49,164 | WARNING  | discord.client | PyNaCl is not installed, voice will NOT be supported
2026-03-22 18:06:49,164 | WARNING  | discord.client | davey is not installed, voice will NOT be supported
2026-03-22 18:06:49,440 | INFO     | discord.client | logging in using static token
2026-03-22 18:06:50,247 | INFO     | discord.gateway | Shard ID None has connected to Gateway (Session ID: 18d2d4713ef509d310b4ad1f77c50165).
2026-03-22 18:10:11,484 | WARNING  | discord.http | We are being rate limited. DELETE https://discord.com/api/v10/channels/1384771471448215644/messages/1386883320155213824 responded with 429. Retrying in 0.30 seconds.
2026-03-22 18:10:12,016 | WARNING  | discord.http | We are being rate limited. DELETE https://discord.com/api/v10/channels/1384771471448215644/messages/1386882486323253338 responded with 429. Retrying in 0.60 seconds.
2026-03-22 18:10:12,985 | WARNING  | discord.http | We are being rate limited. DELETE https://discord.com/api/v10/channels/1384771471448215644/messages/1386882416311799858 responded with 429. Retrying in 0.63 seconds.
2026-03-22 18:10:13,968 | WARNING  | discord.http | We are being rate limited. DELETE https://discord.com/api/v10/channels/1384771471448215644/messages/1386882310774853632 responded with 429. Retrying in 0.65 seconds.
2026-03-22 18:10:14,938 | WARNING  | discord.http | We are being rate limited. DELETE https://discord.com/api/v10/channels/1384771471448215644/messages/1386867960857235556 responded with 429. Retrying in 0.68 seconds.
2026-03-22 18:10:15,913 | WARNING  | discord.http | We are being rate limited. DELETE https://discord.com/api/v10/channels/1384771471448215644/messages/1386848500138115122 responded with 429. Retrying in 0.72 seconds.
2026-03-22 18:10:16,915 | WARNING  | discord.http | We are being rate limited. DELETE https://discord.com/api/v10/channels/1384771471448215644/messages/1386823013541875783 responded with 429. Retrying in 0.71 seconds.
2026-03-22 18:10:17,862 | WARNING  | discord.http | We are being rate limited. DELETE https://discord.com/api/v10/channels/1384771471448215644/messages/1386810047400640726 responded with 429. Retrying in 0.75 seconds.
2026-03-22 20:22:45,273 | INFO     | discord.gateway | Shard ID None session has been invalidated.
2026-03-22 20:22:50,813 | INFO     | discord.gateway | Shard ID None has connected to Gateway (Session ID: 77fbce22402fbb498e2e634ba1ab93ff).
2026-03-22 20:25:21,507 | WARNING  | discord.client | PyNaCl is not installed, voice will NOT be supported
2026-03-22 20:25:21,507 | WARNING  | discord.client | davey is not installed, voice will NOT be supported
2026-03-22 20:25:21,700 | INFO     | discord.client | logging in using static token
2026-03-22 20:25:22,917 | INFO     | discord.gateway | Shard ID None has connected to Gateway (Session ID: 7d0d8bcc38c56155481f335b1d51713e).
2026-03-22 21:08:19,755 | INFO     | discord.gateway | Shard ID None session has been invalidated.
2026-03-22 21:08:25,349 | INFO     | discord.gateway | Shard ID None has connected to Gateway (Session ID: 02e0c5b476aaa11af0f2af44fac0b934).
2026-03-22 21:14:43,011 | INFO     | discord.gateway | Shard ID None session has been invalidated.
2026-03-22 21:14:48,673 | INFO     | discord.gateway | Shard ID None has connected to Gateway (Session ID: 564003186d5f8f92035968f510a1c155).
2026-03-22 21:16:12,754 | WARNING  | discord.client | PyNaCl is not installed, voice will NOT be supported
2026-03-22 21:16:12,754 | WARNING  | discord.client | davey is not installed, voice will NOT be supported
2026-03-22 21:16:12,912 | INFO     | discord.client | logging in using static token
2026-03-22 21:16:14,287 | INFO     | discord.gateway | Shard ID None has connected to Gateway (Session ID: fe9e31fac8fbb8cb89a3d6d3ad3c112e).
2026-03-22 21:44:04,862 | ERROR    | discord.client | Attempting a reconnect in 1.94s
Traceback (most recent call last):
  File "/home/gavin/Discordbot/.venv/lib/python3.12/site-packages/discord/client.py", line 731, in connect
    await self.ws.poll_event()
  File "/home/gavin/Discordbot/.venv/lib/python3.12/site-packages/discord/gateway.py", line 644, in poll_event
    await self.received_message(msg.data)
  File "/home/gavin/Discordbot/.venv/lib/python3.12/site-packages/discord/gateway.py", line 549, in received_message
    await self.send_as_json(beat)
  File "/home/gavin/Discordbot/.venv/lib/python3.12/site-packages/discord/gateway.py", line 681, in send_as_json
    await self.send(utils._to_json(data))
  File "/home/gavin/Discordbot/.venv/lib/python3.12/site-packages/discord/gateway.py", line 677, in send
    await self.socket.send_str(data)
  File "/home/gavin/Discordbot/.venv/lib/python3.12/site-packages/aiohttp/client_ws.py", line 245, in send_str
    await self._writer.send_frame(
  File "/home/gavin/Discordbot/.venv/lib/python3.12/site-packages/aiohttp/_websocket/writer.py", line 83, in send_frame
    self._write_websocket_frame(message, opcode, 0)
  File "/home/gavin/Discordbot/.venv/lib/python3.12/site-packages/aiohttp/_websocket/writer.py", line 151, in _write_websocket_frame
    raise ClientConnectionResetError("Cannot write to closing transport")
aiohttp.client_exceptions.ClientConnectionResetError: Cannot write to closing transport
2026-03-22 21:44:07,193 | INFO     | discord.gateway | Shard ID None has successfully RESUMED session fe9e31fac8fbb8cb89a3d6d3ad3c112e.
2026-03-23 09:12:44,006 | INFO     | discord.gateway | Shard ID None session has been invalidated.
2026-03-23 09:12:49,940 | INFO     | discord.gateway | Shard ID None has connected to Gateway (Session ID: 42d818be05c7b78997e93417e8fa415e).
2026-03-23 10:12:08,253 | WARNING  | discord.client | PyNaCl is not installed, voice will NOT be supported
2026-03-23 10:12:08,253 | WARNING  | discord.client | davey is not installed, voice will NOT be supported
2026-03-23 10:12:08,434 | INFO     | discord.client | logging in using static token
2026-03-23 10:12:09,869 | INFO     | discord.gateway | Shard ID None has connected to Gateway (Session ID: a9ffb498a8db9b836ecd00b0f1cba601).
2026-03-23 11:34:30,693 | INFO     | discord.gateway | Shard ID None has successfully RESUMED session a9ffb498a8db9b836ecd00b0f1cba601.
2026-03-23 11:48:05,310 | WARNING  | discord.client | PyNaCl is not installed, voice will NOT be supported
2026-03-23 11:48:05,311 | WARNING  | discord.client | davey is not installed, voice will NOT be supported
2026-03-23 11:48:05,545 | INFO     | discord.client | logging in using static token
2026-03-23 11:48:06,816 | INFO     | discord.gateway | Shard ID None has connected to Gateway (Session ID: 27543b5bbc4ff1245718982b90aec242).
2026-03-23 12:04:32,651 | WARNING  | discord.client | PyNaCl is not installed, voice will NOT be supported
2026-03-23 12:04:32,651 | WARNING  | discord.client | davey is not installed, voice will NOT be supported
2026-03-23 12:04:33,013 | INFO     | discord.client | logging in using static token
2026-03-23 12:04:34,285 | INFO     | discord.gateway | Shard ID None has connected to Gateway (Session ID: b0d0fd6ea74d3569237f46b453e4e304).
2026-03-23 15:15:31,836 | INFO     | discord.gateway | Shard ID None has successfully RESUMED session b0d0fd6ea74d3569237f46b453e4e304.
2026-03-23 15:45:32,905 | INFO     | discord.gateway | Shard ID None has successfully RESUMED session b0d0fd6ea74d3569237f46b453e4e304.
2026-03-23 15:46:53,906 | INFO     | discord.gateway | Shard ID None has successfully RESUMED session b0d0fd6ea74d3569237f46b453e4e304.
2026-03-23 15:57:24,962 | INFO     | discord.gateway | Shard ID None has successfully RESUMED session b0d0fd6ea74d3569237f46b453e4e304.
2026-03-23 17:35:34,259 | WARNING  | discord.client | PyNaCl is not installed, voice will NOT be supported
2026-03-23 17:35:34,259 | WARNING  | discord.client | davey is not installed, voice will NOT be supported
2026-03-23 17:35:34,605 | INFO     | discord.client | logging in using static token
2026-03-23 17:35:36,529 | INFO     | discord.gateway | Shard ID None has connected to Gateway (Session ID: 9e90caf6add836f465bf3049aaacbdc0).
2026-03-23 18:29:40,717 | ERROR    | discord.client | Attempting a reconnect in 1.58s
Traceback (most recent call last):
  File "/home/gavin/Discordbot/.venv/lib/python3.12/site-packages/aiohttp/connector.py", line 1562, in _create_direct_connection
    hosts = await self._resolve_host(host, port, traces=traces)
            ^^^^^^^^^^^^^^^^^^^^^^^^^^^^^^^^^^^^^^^^^^^^^^^^^^^
  File "/home/gavin/Discordbot/.venv/lib/python3.12/site-packages/aiohttp/connector.py", line 1178, in _resolve_host
    return await asyncio.shield(resolved_host_task)
           ^^^^^^^^^^^^^^^^^^^^^^^^^^^^^^^^^^^^^^^^
  File "/home/gavin/Discordbot/.venv/lib/python3.12/site-packages/aiohttp/connector.py", line 1209, in _resolve_host_with_throttle
    addrs = await self._resolver.resolve(host, port, family=self._family)
            ^^^^^^^^^^^^^^^^^^^^^^^^^^^^^^^^^^^^^^^^^^^^^^^^^^^^^^^^^^^^^
  File "/home/gavin/Discordbot/.venv/lib/python3.12/site-packages/aiohttp/resolver.py", line 40, in resolve
    infos = await self._loop.getaddrinfo(
            ^^^^^^^^^^^^^^^^^^^^^^^^^^^^^
  File "/usr/lib/python3.12/asyncio/base_events.py", line 901, in getaddrinfo
    return await self.run_in_executor(
           ^^^^^^^^^^^^^^^^^^^^^^^^^^^
  File "/usr/lib/python3.12/concurrent/futures/thread.py", line 58, in run
    result = self.fn(*self.args, **self.kwargs)
             ^^^^^^^^^^^^^^^^^^^^^^^^^^^^^^^^^^
  File "/usr/lib/python3.12/socket.py", line 963, in getaddrinfo
    for res in _socket.getaddrinfo(host, port, family, type, proto, flags):
               ^^^^^^^^^^^^^^^^^^^^^^^^^^^^^^^^^^^^^^^^^^^^^^^^^^^^^^^^^^^
socket.gaierror: [Errno -2] Name or service not known

The above exception was the direct cause of the following exception:

Traceback (most recent call last):
  File "/home/gavin/Discordbot/.venv/lib/python3.12/site-packages/discord/client.py", line 728, in connect
    self.ws = await asyncio.wait_for(coro, timeout=60.0)
              ^^^^^^^^^^^^^^^^^^^^^^^^^^^^^^^^^^^^^^^^^^
  File "/usr/lib/python3.12/asyncio/tasks.py", line 520, in wait_for
    return await fut
           ^^^^^^^^^
  File "/home/gavin/Discordbot/.venv/lib/python3.12/site-packages/discord/gateway.py", line 392, in from_client
    socket = await client.http.ws_connect(str(url))
             ^^^^^^^^^^^^^^^^^^^^^^^^^^^^^^^^^^^^^^
  File "/home/gavin/Discordbot/.venv/lib/python3.12/site-packages/discord/http.py", line 571, in ws_connect
    return await self.__session.ws_connect(url, **kwargs)
           ^^^^^^^^^^^^^^^^^^^^^^^^^^^^^^^^^^^^^^^^^^^^^^
  File "/home/gavin/Discordbot/.venv/lib/python3.12/site-packages/aiohttp/client.py", line 1076, in _ws_connect
    resp = await self.request(
           ^^^^^^^^^^^^^^^^^^^
  File "/home/gavin/Discordbot/.venv/lib/python3.12/site-packages/aiohttp/client.py", line 779, in _request
    resp = await handler(req)
           ^^^^^^^^^^^^^^^^^^
  File "/home/gavin/Discordbot/.venv/lib/python3.12/site-packages/aiohttp/client.py", line 734, in _connect_and_send_request
    conn = await self._connector.connect(
           ^^^^^^^^^^^^^^^^^^^^^^^^^^^^^^
  File "/home/gavin/Discordbot/.venv/lib/python3.12/site-packages/aiohttp/connector.py", line 672, in connect
    proto = await self._create_connection(req, traces, timeout)
            ^^^^^^^^^^^^^^^^^^^^^^^^^^^^^^^^^^^^^^^^^^^^^^^^^^^
  File "/home/gavin/Discordbot/.venv/lib/python3.12/site-packages/aiohttp/connector.py", line 1239, in _create_connection
    _, proto = await self._create_direct_connection(req, traces, timeout)
               ^^^^^^^^^^^^^^^^^^^^^^^^^^^^^^^^^^^^^^^^^^^^^^^^^^^^^^^^^^
  File "/home/gavin/Discordbot/.venv/lib/python3.12/site-packages/aiohttp/connector.py", line 1568, in _create_direct_connection
    raise ClientConnectorDNSError(req.connection_key, exc) from exc
aiohttp.client_exceptions.ClientConnectorDNSError: Cannot connect to host gateway-us-east1-b.discord.gg:443 ssl:default [Name or service not known]
2026-03-23 18:29:42,311 | ERROR    | discord.client | Attempting a reconnect in 2.29s
Traceback (most recent call last):
  File "/home/gavin/Discordbot/.venv/lib/python3.12/site-packages/aiohttp/connector.py", line 1562, in _create_direct_connection
    hosts = await self._resolve_host(host, port, traces=traces)
            ^^^^^^^^^^^^^^^^^^^^^^^^^^^^^^^^^^^^^^^^^^^^^^^^^^^
  File "/home/gavin/Discordbot/.venv/lib/python3.12/site-packages/aiohttp/connector.py", line 1178, in _resolve_host
    return await asyncio.shield(resolved_host_task)
           ^^^^^^^^^^^^^^^^^^^^^^^^^^^^^^^^^^^^^^^^
  File "/home/gavin/Discordbot/.venv/lib/python3.12/site-packages/aiohttp/connector.py", line 1209, in _resolve_host_with_throttle
    addrs = await self._resolver.resolve(host, port, family=self._family)
            ^^^^^^^^^^^^^^^^^^^^^^^^^^^^^^^^^^^^^^^^^^^^^^^^^^^^^^^^^^^^^
  File "/home/gavin/Discordbot/.venv/lib/python3.12/site-packages/aiohttp/resolver.py", line 40, in resolve
    infos = await self._loop.getaddrinfo(
            ^^^^^^^^^^^^^^^^^^^^^^^^^^^^^
  File "/usr/lib/python3.12/asyncio/base_events.py", line 901, in getaddrinfo
    return await self.run_in_executor(
           ^^^^^^^^^^^^^^^^^^^^^^^^^^^
  File "/usr/lib/python3.12/concurrent/futures/thread.py", line 58, in run
    result = self.fn(*self.args, **self.kwargs)
             ^^^^^^^^^^^^^^^^^^^^^^^^^^^^^^^^^^
  File "/usr/lib/python3.12/socket.py", line 963, in getaddrinfo
    for res in _socket.getaddrinfo(host, port, family, type, proto, flags):
               ^^^^^^^^^^^^^^^^^^^^^^^^^^^^^^^^^^^^^^^^^^^^^^^^^^^^^^^^^^^
socket.gaierror: [Errno -2] Name or service not known

The above exception was the direct cause of the following exception:

Traceback (most recent call last):
  File "/home/gavin/Discordbot/.venv/lib/python3.12/site-packages/discord/client.py", line 728, in connect
    self.ws = await asyncio.wait_for(coro, timeout=60.0)
              ^^^^^^^^^^^^^^^^^^^^^^^^^^^^^^^^^^^^^^^^^^
  File "/usr/lib/python3.12/asyncio/tasks.py", line 520, in wait_for
    return await fut
           ^^^^^^^^^
  File "/home/gavin/Discordbot/.venv/lib/python3.12/site-packages/discord/gateway.py", line 392, in from_client
    socket = await client.http.ws_connect(str(url))
             ^^^^^^^^^^^^^^^^^^^^^^^^^^^^^^^^^^^^^^
  File "/home/gavin/Discordbot/.venv/lib/python3.12/site-packages/discord/http.py", line 571, in ws_connect
    return await self.__session.ws_connect(url, **kwargs)
           ^^^^^^^^^^^^^^^^^^^^^^^^^^^^^^^^^^^^^^^^^^^^^^
  File "/home/gavin/Discordbot/.venv/lib/python3.12/site-packages/aiohttp/client.py", line 1076, in _ws_connect
    resp = await self.request(
           ^^^^^^^^^^^^^^^^^^^
  File "/home/gavin/Discordbot/.venv/lib/python3.12/site-packages/aiohttp/client.py", line 779, in _request
    resp = await handler(req)
           ^^^^^^^^^^^^^^^^^^
  File "/home/gavin/Discordbot/.venv/lib/python3.12/site-packages/aiohttp/client.py", line 734, in _connect_and_send_request
    conn = await self._connector.connect(
           ^^^^^^^^^^^^^^^^^^^^^^^^^^^^^^
  File "/home/gavin/Discordbot/.venv/lib/python3.12/site-packages/aiohttp/connector.py", line 672, in connect
    proto = await self._create_connection(req, traces, timeout)
            ^^^^^^^^^^^^^^^^^^^^^^^^^^^^^^^^^^^^^^^^^^^^^^^^^^^
  File "/home/gavin/Discordbot/.venv/lib/python3.12/site-packages/aiohttp/connector.py", line 1239, in _create_connection
    _, proto = await self._create_direct_connection(req, traces, timeout)
               ^^^^^^^^^^^^^^^^^^^^^^^^^^^^^^^^^^^^^^^^^^^^^^^^^^^^^^^^^^
  File "/home/gavin/Discordbot/.venv/lib/python3.12/site-packages/aiohttp/connector.py", line 1568, in _create_direct_connection
    raise ClientConnectorDNSError(req.connection_key, exc) from exc
aiohttp.client_exceptions.ClientConnectorDNSError: Cannot connect to host gateway-us-east1-b.discord.gg:443 ssl:default [Name or service not known]
2026-03-23 18:29:44,610 | ERROR    | discord.client | Attempting a reconnect in 5.05s
Traceback (most recent call last):
  File "/home/gavin/Discordbot/.venv/lib/python3.12/site-packages/aiohttp/connector.py", line 1562, in _create_direct_connection
    hosts = await self._resolve_host(host, port, traces=traces)
            ^^^^^^^^^^^^^^^^^^^^^^^^^^^^^^^^^^^^^^^^^^^^^^^^^^^
  File "/home/gavin/Discordbot/.venv/lib/python3.12/site-packages/aiohttp/connector.py", line 1178, in _resolve_host
    return await asyncio.shield(resolved_host_task)
           ^^^^^^^^^^^^^^^^^^^^^^^^^^^^^^^^^^^^^^^^
  File "/home/gavin/Discordbot/.venv/lib/python3.12/site-packages/aiohttp/connector.py", line 1209, in _resolve_host_with_throttle
    addrs = await self._resolver.resolve(host, port, family=self._family)
            ^^^^^^^^^^^^^^^^^^^^^^^^^^^^^^^^^^^^^^^^^^^^^^^^^^^^^^^^^^^^^
  File "/home/gavin/Discordbot/.venv/lib/python3.12/site-packages/aiohttp/resolver.py", line 40, in resolve
    infos = await self._loop.getaddrinfo(
            ^^^^^^^^^^^^^^^^^^^^^^^^^^^^^
  File "/usr/lib/python3.12/asyncio/base_events.py", line 901, in getaddrinfo
    return await self.run_in_executor(
           ^^^^^^^^^^^^^^^^^^^^^^^^^^^
  File "/usr/lib/python3.12/concurrent/futures/thread.py", line 58, in run
    result = self.fn(*self.args, **self.kwargs)
             ^^^^^^^^^^^^^^^^^^^^^^^^^^^^^^^^^^
  File "/usr/lib/python3.12/socket.py", line 963, in getaddrinfo
    for res in _socket.getaddrinfo(host, port, family, type, proto, flags):
               ^^^^^^^^^^^^^^^^^^^^^^^^^^^^^^^^^^^^^^^^^^^^^^^^^^^^^^^^^^^
socket.gaierror: [Errno -2] Name or service not known

The above exception was the direct cause of the following exception:

Traceback (most recent call last):
  File "/home/gavin/Discordbot/.venv/lib/python3.12/site-packages/discord/client.py", line 728, in connect
    self.ws = await asyncio.wait_for(coro, timeout=60.0)
              ^^^^^^^^^^^^^^^^^^^^^^^^^^^^^^^^^^^^^^^^^^
  File "/usr/lib/python3.12/asyncio/tasks.py", line 520, in wait_for
    return await fut
           ^^^^^^^^^
  File "/home/gavin/Discordbot/.venv/lib/python3.12/site-packages/discord/gateway.py", line 392, in from_client
    socket = await client.http.ws_connect(str(url))
             ^^^^^^^^^^^^^^^^^^^^^^^^^^^^^^^^^^^^^^
  File "/home/gavin/Discordbot/.venv/lib/python3.12/site-packages/discord/http.py", line 571, in ws_connect
    return await self.__session.ws_connect(url, **kwargs)
           ^^^^^^^^^^^^^^^^^^^^^^^^^^^^^^^^^^^^^^^^^^^^^^
  File "/home/gavin/Discordbot/.venv/lib/python3.12/site-packages/aiohttp/client.py", line 1076, in _ws_connect
    resp = await self.request(
           ^^^^^^^^^^^^^^^^^^^
  File "/home/gavin/Discordbot/.venv/lib/python3.12/site-packages/aiohttp/client.py", line 779, in _request
    resp = await handler(req)
           ^^^^^^^^^^^^^^^^^^
  File "/home/gavin/Discordbot/.venv/lib/python3.12/site-packages/aiohttp/client.py", line 734, in _connect_and_send_request
    conn = await self._connector.connect(
           ^^^^^^^^^^^^^^^^^^^^^^^^^^^^^^
  File "/home/gavin/Discordbot/.venv/lib/python3.12/site-packages/aiohttp/connector.py", line 672, in connect
    proto = await self._create_connection(req, traces, timeout)
            ^^^^^^^^^^^^^^^^^^^^^^^^^^^^^^^^^^^^^^^^^^^^^^^^^^^
  File "/home/gavin/Discordbot/.venv/lib/python3.12/site-packages/aiohttp/connector.py", line 1239, in _create_connection
    _, proto = await self._create_direct_connection(req, traces, timeout)
               ^^^^^^^^^^^^^^^^^^^^^^^^^^^^^^^^^^^^^^^^^^^^^^^^^^^^^^^^^^
  File "/home/gavin/Discordbot/.venv/lib/python3.12/site-packages/aiohttp/connector.py", line 1568, in _create_direct_connection
    raise ClientConnectorDNSError(req.connection_key, exc) from exc
aiohttp.client_exceptions.ClientConnectorDNSError: Cannot connect to host gateway-us-east1-b.discord.gg:443 ssl:default [Name or service not known]
2026-03-23 18:29:49,671 | ERROR    | discord.client | Attempting a reconnect in 7.46s
Traceback (most recent call last):
  File "/home/gavin/Discordbot/.venv/lib/python3.12/site-packages/aiohttp/connector.py", line 1562, in _create_direct_connection
    hosts = await self._resolve_host(host, port, traces=traces)
            ^^^^^^^^^^^^^^^^^^^^^^^^^^^^^^^^^^^^^^^^^^^^^^^^^^^
  File "/home/gavin/Discordbot/.venv/lib/python3.12/site-packages/aiohttp/connector.py", line 1178, in _resolve_host
    return await asyncio.shield(resolved_host_task)
           ^^^^^^^^^^^^^^^^^^^^^^^^^^^^^^^^^^^^^^^^
  File "/home/gavin/Discordbot/.venv/lib/python3.12/site-packages/aiohttp/connector.py", line 1209, in _resolve_host_with_throttle
    addrs = await self._resolver.resolve(host, port, family=self._family)
            ^^^^^^^^^^^^^^^^^^^^^^^^^^^^^^^^^^^^^^^^^^^^^^^^^^^^^^^^^^^^^
  File "/home/gavin/Discordbot/.venv/lib/python3.12/site-packages/aiohttp/resolver.py", line 40, in resolve
    infos = await self._loop.getaddrinfo(
            ^^^^^^^^^^^^^^^^^^^^^^^^^^^^^
  File "/usr/lib/python3.12/asyncio/base_events.py", line 901, in getaddrinfo
    return await self.run_in_executor(
           ^^^^^^^^^^^^^^^^^^^^^^^^^^^
  File "/usr/lib/python3.12/concurrent/futures/thread.py", line 58, in run
    result = self.fn(*self.args, **self.kwargs)
             ^^^^^^^^^^^^^^^^^^^^^^^^^^^^^^^^^^
  File "/usr/lib/python3.12/socket.py", line 963, in getaddrinfo
    for res in _socket.getaddrinfo(host, port, family, type, proto, flags):
               ^^^^^^^^^^^^^^^^^^^^^^^^^^^^^^^^^^^^^^^^^^^^^^^^^^^^^^^^^^^
socket.gaierror: [Errno -2] Name or service not known

The above exception was the direct cause of the following exception:

Traceback (most recent call last):
  File "/home/gavin/Discordbot/.venv/lib/python3.12/site-packages/discord/client.py", line 728, in connect
    self.ws = await asyncio.wait_for(coro, timeout=60.0)
              ^^^^^^^^^^^^^^^^^^^^^^^^^^^^^^^^^^^^^^^^^^
  File "/usr/lib/python3.12/asyncio/tasks.py", line 520, in wait_for
    return await fut
           ^^^^^^^^^
  File "/home/gavin/Discordbot/.venv/lib/python3.12/site-packages/discord/gateway.py", line 392, in from_client
    socket = await client.http.ws_connect(str(url))
             ^^^^^^^^^^^^^^^^^^^^^^^^^^^^^^^^^^^^^^
  File "/home/gavin/Discordbot/.venv/lib/python3.12/site-packages/discord/http.py", line 571, in ws_connect
    return await self.__session.ws_connect(url, **kwargs)
           ^^^^^^^^^^^^^^^^^^^^^^^^^^^^^^^^^^^^^^^^^^^^^^
  File "/home/gavin/Discordbot/.venv/lib/python3.12/site-packages/aiohttp/client.py", line 1076, in _ws_connect
    resp = await self.request(
           ^^^^^^^^^^^^^^^^^^^
  File "/home/gavin/Discordbot/.venv/lib/python3.12/site-packages/aiohttp/client.py", line 779, in _request
    resp = await handler(req)
           ^^^^^^^^^^^^^^^^^^
  File "/home/gavin/Discordbot/.venv/lib/python3.12/site-packages/aiohttp/client.py", line 734, in _connect_and_send_request
    conn = await self._connector.connect(
           ^^^^^^^^^^^^^^^^^^^^^^^^^^^^^^
  File "/home/gavin/Discordbot/.venv/lib/python3.12/site-packages/aiohttp/connector.py", line 672, in connect
    proto = await self._create_connection(req, traces, timeout)
            ^^^^^^^^^^^^^^^^^^^^^^^^^^^^^^^^^^^^^^^^^^^^^^^^^^^
  File "/home/gavin/Discordbot/.venv/lib/python3.12/site-packages/aiohttp/connector.py", line 1239, in _create_connection
    _, proto = await self._create_direct_connection(req, traces, timeout)
               ^^^^^^^^^^^^^^^^^^^^^^^^^^^^^^^^^^^^^^^^^^^^^^^^^^^^^^^^^^
  File "/home/gavin/Discordbot/.venv/lib/python3.12/site-packages/aiohttp/connector.py", line 1568, in _create_direct_connection
    raise ClientConnectorDNSError(req.connection_key, exc) from exc
aiohttp.client_exceptions.ClientConnectorDNSError: Cannot connect to host gateway-us-east1-b.discord.gg:443 ssl:default [Name or service not known]
2026-03-23 18:29:57,141 | ERROR    | discord.client | Attempting a reconnect in 3.14s
Traceback (most recent call last):
  File "/home/gavin/Discordbot/.venv/lib/python3.12/site-packages/aiohttp/connector.py", line 1562, in _create_direct_connection
    hosts = await self._resolve_host(host, port, traces=traces)
            ^^^^^^^^^^^^^^^^^^^^^^^^^^^^^^^^^^^^^^^^^^^^^^^^^^^
  File "/home/gavin/Discordbot/.venv/lib/python3.12/site-packages/aiohttp/connector.py", line 1178, in _resolve_host
    return await asyncio.shield(resolved_host_task)
           ^^^^^^^^^^^^^^^^^^^^^^^^^^^^^^^^^^^^^^^^
  File "/home/gavin/Discordbot/.venv/lib/python3.12/site-packages/aiohttp/connector.py", line 1209, in _resolve_host_with_throttle
    addrs = await self._resolver.resolve(host, port, family=self._family)
            ^^^^^^^^^^^^^^^^^^^^^^^^^^^^^^^^^^^^^^^^^^^^^^^^^^^^^^^^^^^^^
  File "/home/gavin/Discordbot/.venv/lib/python3.12/site-packages/aiohttp/resolver.py", line 40, in resolve
    infos = await self._loop.getaddrinfo(
            ^^^^^^^^^^^^^^^^^^^^^^^^^^^^^
  File "/usr/lib/python3.12/asyncio/base_events.py", line 901, in getaddrinfo
    return await self.run_in_executor(
           ^^^^^^^^^^^^^^^^^^^^^^^^^^^
  File "/usr/lib/python3.12/concurrent/futures/thread.py", line 58, in run
    result = self.fn(*self.args, **self.kwargs)
             ^^^^^^^^^^^^^^^^^^^^^^^^^^^^^^^^^^
  File "/usr/lib/python3.12/socket.py", line 963, in getaddrinfo
    for res in _socket.getaddrinfo(host, port, family, type, proto, flags):
               ^^^^^^^^^^^^^^^^^^^^^^^^^^^^^^^^^^^^^^^^^^^^^^^^^^^^^^^^^^^
socket.gaierror: [Errno -2] Name or service not known

The above exception was the direct cause of the following exception:

Traceback (most recent call last):
  File "/home/gavin/Discordbot/.venv/lib/python3.12/site-packages/discord/client.py", line 728, in connect
    self.ws = await asyncio.wait_for(coro, timeout=60.0)
              ^^^^^^^^^^^^^^^^^^^^^^^^^^^^^^^^^^^^^^^^^^
  File "/usr/lib/python3.12/asyncio/tasks.py", line 520, in wait_for
    return await fut
           ^^^^^^^^^
  File "/home/gavin/Discordbot/.venv/lib/python3.12/site-packages/discord/gateway.py", line 392, in from_client
    socket = await client.http.ws_connect(str(url))
             ^^^^^^^^^^^^^^^^^^^^^^^^^^^^^^^^^^^^^^
  File "/home/gavin/Discordbot/.venv/lib/python3.12/site-packages/discord/http.py", line 571, in ws_connect
    return await self.__session.ws_connect(url, **kwargs)
           ^^^^^^^^^^^^^^^^^^^^^^^^^^^^^^^^^^^^^^^^^^^^^^
  File "/home/gavin/Discordbot/.venv/lib/python3.12/site-packages/aiohttp/client.py", line 1076, in _ws_connect
    resp = await self.request(
           ^^^^^^^^^^^^^^^^^^^
  File "/home/gavin/Discordbot/.venv/lib/python3.12/site-packages/aiohttp/client.py", line 779, in _request
    resp = await handler(req)
           ^^^^^^^^^^^^^^^^^^
  File "/home/gavin/Discordbot/.venv/lib/python3.12/site-packages/aiohttp/client.py", line 734, in _connect_and_send_request
    conn = await self._connector.connect(
           ^^^^^^^^^^^^^^^^^^^^^^^^^^^^^^
  File "/home/gavin/Discordbot/.venv/lib/python3.12/site-packages/aiohttp/connector.py", line 672, in connect
    proto = await self._create_connection(req, traces, timeout)
            ^^^^^^^^^^^^^^^^^^^^^^^^^^^^^^^^^^^^^^^^^^^^^^^^^^^
  File "/home/gavin/Discordbot/.venv/lib/python3.12/site-packages/aiohttp/connector.py", line 1239, in _create_connection
    _, proto = await self._create_direct_connection(req, traces, timeout)
               ^^^^^^^^^^^^^^^^^^^^^^^^^^^^^^^^^^^^^^^^^^^^^^^^^^^^^^^^^^
  File "/home/gavin/Discordbot/.venv/lib/python3.12/site-packages/aiohttp/connector.py", line 1568, in _create_direct_connection
    raise ClientConnectorDNSError(req.connection_key, exc) from exc
aiohttp.client_exceptions.ClientConnectorDNSError: Cannot connect to host gateway-us-east1-b.discord.gg:443 ssl:default [Name or service not known]
2026-03-23 18:30:00,287 | ERROR    | discord.client | Attempting a reconnect in 28.50s
Traceback (most recent call last):
  File "/home/gavin/Discordbot/.venv/lib/python3.12/site-packages/aiohttp/connector.py", line 1562, in _create_direct_connection
    hosts = await self._resolve_host(host, port, traces=traces)
            ^^^^^^^^^^^^^^^^^^^^^^^^^^^^^^^^^^^^^^^^^^^^^^^^^^^
  File "/home/gavin/Discordbot/.venv/lib/python3.12/site-packages/aiohttp/connector.py", line 1178, in _resolve_host
    return await asyncio.shield(resolved_host_task)
           ^^^^^^^^^^^^^^^^^^^^^^^^^^^^^^^^^^^^^^^^
  File "/home/gavin/Discordbot/.venv/lib/python3.12/site-packages/aiohttp/connector.py", line 1209, in _resolve_host_with_throttle
    addrs = await self._resolver.resolve(host, port, family=self._family)
            ^^^^^^^^^^^^^^^^^^^^^^^^^^^^^^^^^^^^^^^^^^^^^^^^^^^^^^^^^^^^^
  File "/home/gavin/Discordbot/.venv/lib/python3.12/site-packages/aiohttp/resolver.py", line 40, in resolve
    infos = await self._loop.getaddrinfo(
            ^^^^^^^^^^^^^^^^^^^^^^^^^^^^^
  File "/usr/lib/python3.12/asyncio/base_events.py", line 901, in getaddrinfo
    return await self.run_in_executor(
           ^^^^^^^^^^^^^^^^^^^^^^^^^^^
  File "/usr/lib/python3.12/concurrent/futures/thread.py", line 58, in run
    result = self.fn(*self.args, **self.kwargs)
             ^^^^^^^^^^^^^^^^^^^^^^^^^^^^^^^^^^
  File "/usr/lib/python3.12/socket.py", line 963, in getaddrinfo
    for res in _socket.getaddrinfo(host, port, family, type, proto, flags):
               ^^^^^^^^^^^^^^^^^^^^^^^^^^^^^^^^^^^^^^^^^^^^^^^^^^^^^^^^^^^
socket.gaierror: [Errno -2] Name or service not known

The above exception was the direct cause of the following exception:

Traceback (most recent call last):
  File "/home/gavin/Discordbot/.venv/lib/python3.12/site-packages/discord/client.py", line 728, in connect
    self.ws = await asyncio.wait_for(coro, timeout=60.0)
              ^^^^^^^^^^^^^^^^^^^^^^^^^^^^^^^^^^^^^^^^^^
  File "/usr/lib/python3.12/asyncio/tasks.py", line 520, in wait_for
    return await fut
           ^^^^^^^^^
  File "/home/gavin/Discordbot/.venv/lib/python3.12/site-packages/discord/gateway.py", line 392, in from_client
    socket = await client.http.ws_connect(str(url))
             ^^^^^^^^^^^^^^^^^^^^^^^^^^^^^^^^^^^^^^
  File "/home/gavin/Discordbot/.venv/lib/python3.12/site-packages/discord/http.py", line 571, in ws_connect
    return await self.__session.ws_connect(url, **kwargs)
           ^^^^^^^^^^^^^^^^^^^^^^^^^^^^^^^^^^^^^^^^^^^^^^
  File "/home/gavin/Discordbot/.venv/lib/python3.12/site-packages/aiohttp/client.py", line 1076, in _ws_connect
    resp = await self.request(
           ^^^^^^^^^^^^^^^^^^^
  File "/home/gavin/Discordbot/.venv/lib/python3.12/site-packages/aiohttp/client.py", line 779, in _request
    resp = await handler(req)
           ^^^^^^^^^^^^^^^^^^
  File "/home/gavin/Discordbot/.venv/lib/python3.12/site-packages/aiohttp/client.py", line 734, in _connect_and_send_request
    conn = await self._connector.connect(
           ^^^^^^^^^^^^^^^^^^^^^^^^^^^^^^
  File "/home/gavin/Discordbot/.venv/lib/python3.12/site-packages/aiohttp/connector.py", line 672, in connect
    proto = await self._create_connection(req, traces, timeout)
            ^^^^^^^^^^^^^^^^^^^^^^^^^^^^^^^^^^^^^^^^^^^^^^^^^^^
  File "/home/gavin/Discordbot/.venv/lib/python3.12/site-packages/aiohttp/connector.py", line 1239, in _create_connection
    _, proto = await self._create_direct_connection(req, traces, timeout)
               ^^^^^^^^^^^^^^^^^^^^^^^^^^^^^^^^^^^^^^^^^^^^^^^^^^^^^^^^^^
  File "/home/gavin/Discordbot/.venv/lib/python3.12/site-packages/aiohttp/connector.py", line 1568, in _create_direct_connection
    raise ClientConnectorDNSError(req.connection_key, exc) from exc
aiohttp.client_exceptions.ClientConnectorDNSError: Cannot connect to host gateway-us-east1-b.discord.gg:443 ssl:default [Name or service not known]
2026-03-23 18:30:28,798 | ERROR    | discord.client | Attempting a reconnect in 21.06s
Traceback (most recent call last):
  File "/home/gavin/Discordbot/.venv/lib/python3.12/site-packages/aiohttp/connector.py", line 1562, in _create_direct_connection
    hosts = await self._resolve_host(host, port, traces=traces)
            ^^^^^^^^^^^^^^^^^^^^^^^^^^^^^^^^^^^^^^^^^^^^^^^^^^^
  File "/home/gavin/Discordbot/.venv/lib/python3.12/site-packages/aiohttp/connector.py", line 1178, in _resolve_host
    return await asyncio.shield(resolved_host_task)
           ^^^^^^^^^^^^^^^^^^^^^^^^^^^^^^^^^^^^^^^^
  File "/home/gavin/Discordbot/.venv/lib/python3.12/site-packages/aiohttp/connector.py", line 1209, in _resolve_host_with_throttle
    addrs = await self._resolver.resolve(host, port, family=self._family)
            ^^^^^^^^^^^^^^^^^^^^^^^^^^^^^^^^^^^^^^^^^^^^^^^^^^^^^^^^^^^^^
  File "/home/gavin/Discordbot/.venv/lib/python3.12/site-packages/aiohttp/resolver.py", line 40, in resolve
    infos = await self._loop.getaddrinfo(
            ^^^^^^^^^^^^^^^^^^^^^^^^^^^^^
  File "/usr/lib/python3.12/asyncio/base_events.py", line 901, in getaddrinfo
    return await self.run_in_executor(
           ^^^^^^^^^^^^^^^^^^^^^^^^^^^
  File "/usr/lib/python3.12/concurrent/futures/thread.py", line 58, in run
    result = self.fn(*self.args, **self.kwargs)
             ^^^^^^^^^^^^^^^^^^^^^^^^^^^^^^^^^^
  File "/usr/lib/python3.12/socket.py", line 963, in getaddrinfo
    for res in _socket.getaddrinfo(host, port, family, type, proto, flags):
               ^^^^^^^^^^^^^^^^^^^^^^^^^^^^^^^^^^^^^^^^^^^^^^^^^^^^^^^^^^^
socket.gaierror: [Errno -2] Name or service not known

The above exception was the direct cause of the following exception:

Traceback (most recent call last):
  File "/home/gavin/Discordbot/.venv/lib/python3.12/site-packages/discord/client.py", line 728, in connect
    self.ws = await asyncio.wait_for(coro, timeout=60.0)
              ^^^^^^^^^^^^^^^^^^^^^^^^^^^^^^^^^^^^^^^^^^
  File "/usr/lib/python3.12/asyncio/tasks.py", line 520, in wait_for
    return await fut
           ^^^^^^^^^
  File "/home/gavin/Discordbot/.venv/lib/python3.12/site-packages/discord/gateway.py", line 392, in from_client
    socket = await client.http.ws_connect(str(url))
             ^^^^^^^^^^^^^^^^^^^^^^^^^^^^^^^^^^^^^^
  File "/home/gavin/Discordbot/.venv/lib/python3.12/site-packages/discord/http.py", line 571, in ws_connect
    return await self.__session.ws_connect(url, **kwargs)
           ^^^^^^^^^^^^^^^^^^^^^^^^^^^^^^^^^^^^^^^^^^^^^^
  File "/home/gavin/Discordbot/.venv/lib/python3.12/site-packages/aiohttp/client.py", line 1076, in _ws_connect
    resp = await self.request(
           ^^^^^^^^^^^^^^^^^^^
  File "/home/gavin/Discordbot/.venv/lib/python3.12/site-packages/aiohttp/client.py", line 779, in _request
    resp = await handler(req)
           ^^^^^^^^^^^^^^^^^^
  File "/home/gavin/Discordbot/.venv/lib/python3.12/site-packages/aiohttp/client.py", line 734, in _connect_and_send_request
    conn = await self._connector.connect(
           ^^^^^^^^^^^^^^^^^^^^^^^^^^^^^^
  File "/home/gavin/Discordbot/.venv/lib/python3.12/site-packages/aiohttp/connector.py", line 672, in connect
    proto = await self._create_connection(req, traces, timeout)
            ^^^^^^^^^^^^^^^^^^^^^^^^^^^^^^^^^^^^^^^^^^^^^^^^^^^
  File "/home/gavin/Discordbot/.venv/lib/python3.12/site-packages/aiohttp/connector.py", line 1239, in _create_connection
    _, proto = await self._create_direct_connection(req, traces, timeout)
               ^^^^^^^^^^^^^^^^^^^^^^^^^^^^^^^^^^^^^^^^^^^^^^^^^^^^^^^^^^
  File "/home/gavin/Discordbot/.venv/lib/python3.12/site-packages/aiohttp/connector.py", line 1568, in _create_direct_connection
    raise ClientConnectorDNSError(req.connection_key, exc) from exc
aiohttp.client_exceptions.ClientConnectorDNSError: Cannot connect to host gateway-us-east1-b.discord.gg:443 ssl:default [Name or service not known]
2026-03-23 18:30:49,882 | ERROR    | discord.client | Attempting a reconnect in 83.76s
Traceback (most recent call last):
  File "/home/gavin/Discordbot/.venv/lib/python3.12/site-packages/aiohttp/connector.py", line 1562, in _create_direct_connection
    hosts = await self._resolve_host(host, port, traces=traces)
            ^^^^^^^^^^^^^^^^^^^^^^^^^^^^^^^^^^^^^^^^^^^^^^^^^^^
  File "/home/gavin/Discordbot/.venv/lib/python3.12/site-packages/aiohttp/connector.py", line 1178, in _resolve_host
    return await asyncio.shield(resolved_host_task)
           ^^^^^^^^^^^^^^^^^^^^^^^^^^^^^^^^^^^^^^^^
  File "/home/gavin/Discordbot/.venv/lib/python3.12/site-packages/aiohttp/connector.py", line 1209, in _resolve_host_with_throttle
    addrs = await self._resolver.resolve(host, port, family=self._family)
            ^^^^^^^^^^^^^^^^^^^^^^^^^^^^^^^^^^^^^^^^^^^^^^^^^^^^^^^^^^^^^
  File "/home/gavin/Discordbot/.venv/lib/python3.12/site-packages/aiohttp/resolver.py", line 40, in resolve
    infos = await self._loop.getaddrinfo(
            ^^^^^^^^^^^^^^^^^^^^^^^^^^^^^
  File "/usr/lib/python3.12/asyncio/base_events.py", line 901, in getaddrinfo
    return await self.run_in_executor(
           ^^^^^^^^^^^^^^^^^^^^^^^^^^^
  File "/usr/lib/python3.12/concurrent/futures/thread.py", line 58, in run
    result = self.fn(*self.args, **self.kwargs)
             ^^^^^^^^^^^^^^^^^^^^^^^^^^^^^^^^^^
  File "/usr/lib/python3.12/socket.py", line 963, in getaddrinfo
    for res in _socket.getaddrinfo(host, port, family, type, proto, flags):
               ^^^^^^^^^^^^^^^^^^^^^^^^^^^^^^^^^^^^^^^^^^^^^^^^^^^^^^^^^^^
socket.gaierror: [Errno -2] Name or service not known

The above exception was the direct cause of the following exception:

Traceback (most recent call last):
  File "/home/gavin/Discordbot/.venv/lib/python3.12/site-packages/discord/client.py", line 728, in connect
    self.ws = await asyncio.wait_for(coro, timeout=60.0)
              ^^^^^^^^^^^^^^^^^^^^^^^^^^^^^^^^^^^^^^^^^^
  File "/usr/lib/python3.12/asyncio/tasks.py", line 520, in wait_for
    return await fut
           ^^^^^^^^^
  File "/home/gavin/Discordbot/.venv/lib/python3.12/site-packages/discord/gateway.py", line 392, in from_client
    socket = await client.http.ws_connect(str(url))
             ^^^^^^^^^^^^^^^^^^^^^^^^^^^^^^^^^^^^^^
  File "/home/gavin/Discordbot/.venv/lib/python3.12/site-packages/discord/http.py", line 571, in ws_connect
    return await self.__session.ws_connect(url, **kwargs)
           ^^^^^^^^^^^^^^^^^^^^^^^^^^^^^^^^^^^^^^^^^^^^^^
  File "/home/gavin/Discordbot/.venv/lib/python3.12/site-packages/aiohttp/client.py", line 1076, in _ws_connect
    resp = await self.request(
           ^^^^^^^^^^^^^^^^^^^
  File "/home/gavin/Discordbot/.venv/lib/python3.12/site-packages/aiohttp/client.py", line 779, in _request
    resp = await handler(req)
           ^^^^^^^^^^^^^^^^^^
  File "/home/gavin/Discordbot/.venv/lib/python3.12/site-packages/aiohttp/client.py", line 734, in _connect_and_send_request
    conn = await self._connector.connect(
           ^^^^^^^^^^^^^^^^^^^^^^^^^^^^^^
  File "/home/gavin/Discordbot/.venv/lib/python3.12/site-packages/aiohttp/connector.py", line 672, in connect
    proto = await self._create_connection(req, traces, timeout)
            ^^^^^^^^^^^^^^^^^^^^^^^^^^^^^^^^^^^^^^^^^^^^^^^^^^^
  File "/home/gavin/Discordbot/.venv/lib/python3.12/site-packages/aiohttp/connector.py", line 1239, in _create_connection
    _, proto = await self._create_direct_connection(req, traces, timeout)
               ^^^^^^^^^^^^^^^^^^^^^^^^^^^^^^^^^^^^^^^^^^^^^^^^^^^^^^^^^^
  File "/home/gavin/Discordbot/.venv/lib/python3.12/site-packages/aiohttp/connector.py", line 1568, in _create_direct_connection
    raise ClientConnectorDNSError(req.connection_key, exc) from exc
aiohttp.client_exceptions.ClientConnectorDNSError: Cannot connect to host gateway-us-east1-b.discord.gg:443 ssl:default [Name or service not known]
2026-03-23 18:32:13,684 | ERROR    | discord.client | Attempting a reconnect in 227.80s
Traceback (most recent call last):
  File "/home/gavin/Discordbot/.venv/lib/python3.12/site-packages/aiohttp/connector.py", line 1562, in _create_direct_connection
    hosts = await self._resolve_host(host, port, traces=traces)
            ^^^^^^^^^^^^^^^^^^^^^^^^^^^^^^^^^^^^^^^^^^^^^^^^^^^
  File "/home/gavin/Discordbot/.venv/lib/python3.12/site-packages/aiohttp/connector.py", line 1178, in _resolve_host
    return await asyncio.shield(resolved_host_task)
           ^^^^^^^^^^^^^^^^^^^^^^^^^^^^^^^^^^^^^^^^
  File "/home/gavin/Discordbot/.venv/lib/python3.12/site-packages/aiohttp/connector.py", line 1209, in _resolve_host_with_throttle
    addrs = await self._resolver.resolve(host, port, family=self._family)
            ^^^^^^^^^^^^^^^^^^^^^^^^^^^^^^^^^^^^^^^^^^^^^^^^^^^^^^^^^^^^^
  File "/home/gavin/Discordbot/.venv/lib/python3.12/site-packages/aiohttp/resolver.py", line 40, in resolve
    infos = await self._loop.getaddrinfo(
            ^^^^^^^^^^^^^^^^^^^^^^^^^^^^^
  File "/usr/lib/python3.12/asyncio/base_events.py", line 901, in getaddrinfo
    return await self.run_in_executor(
           ^^^^^^^^^^^^^^^^^^^^^^^^^^^
  File "/usr/lib/python3.12/concurrent/futures/thread.py", line 58, in run
    result = self.fn(*self.args, **self.kwargs)
             ^^^^^^^^^^^^^^^^^^^^^^^^^^^^^^^^^^
  File "/usr/lib/python3.12/socket.py", line 963, in getaddrinfo
    for res in _socket.getaddrinfo(host, port, family, type, proto, flags):
               ^^^^^^^^^^^^^^^^^^^^^^^^^^^^^^^^^^^^^^^^^^^^^^^^^^^^^^^^^^^
socket.gaierror: [Errno -2] Name or service not known

The above exception was the direct cause of the following exception:

Traceback (most recent call last):
  File "/home/gavin/Discordbot/.venv/lib/python3.12/site-packages/discord/client.py", line 728, in connect
    self.ws = await asyncio.wait_for(coro, timeout=60.0)
              ^^^^^^^^^^^^^^^^^^^^^^^^^^^^^^^^^^^^^^^^^^
  File "/usr/lib/python3.12/asyncio/tasks.py", line 520, in wait_for
    return await fut
           ^^^^^^^^^
  File "/home/gavin/Discordbot/.venv/lib/python3.12/site-packages/discord/gateway.py", line 392, in from_client
    socket = await client.http.ws_connect(str(url))
             ^^^^^^^^^^^^^^^^^^^^^^^^^^^^^^^^^^^^^^
  File "/home/gavin/Discordbot/.venv/lib/python3.12/site-packages/discord/http.py", line 571, in ws_connect
    return await self.__session.ws_connect(url, **kwargs)
           ^^^^^^^^^^^^^^^^^^^^^^^^^^^^^^^^^^^^^^^^^^^^^^
  File "/home/gavin/Discordbot/.venv/lib/python3.12/site-packages/aiohttp/client.py", line 1076, in _ws_connect
    resp = await self.request(
           ^^^^^^^^^^^^^^^^^^^
  File "/home/gavin/Discordbot/.venv/lib/python3.12/site-packages/aiohttp/client.py", line 779, in _request
    resp = await handler(req)
           ^^^^^^^^^^^^^^^^^^
  File "/home/gavin/Discordbot/.venv/lib/python3.12/site-packages/aiohttp/client.py", line 734, in _connect_and_send_request
    conn = await self._connector.connect(
           ^^^^^^^^^^^^^^^^^^^^^^^^^^^^^^
  File "/home/gavin/Discordbot/.venv/lib/python3.12/site-packages/aiohttp/connector.py", line 672, in connect
    proto = await self._create_connection(req, traces, timeout)
            ^^^^^^^^^^^^^^^^^^^^^^^^^^^^^^^^^^^^^^^^^^^^^^^^^^^
  File "/home/gavin/Discordbot/.venv/lib/python3.12/site-packages/aiohttp/connector.py", line 1239, in _create_connection
    _, proto = await self._create_direct_connection(req, traces, timeout)
               ^^^^^^^^^^^^^^^^^^^^^^^^^^^^^^^^^^^^^^^^^^^^^^^^^^^^^^^^^^
  File "/home/gavin/Discordbot/.venv/lib/python3.12/site-packages/aiohttp/connector.py", line 1568, in _create_direct_connection
    raise ClientConnectorDNSError(req.connection_key, exc) from exc
aiohttp.client_exceptions.ClientConnectorDNSError: Cannot connect to host gateway-us-east1-b.discord.gg:443 ssl:default [Name or service not known]
2026-03-23 18:36:01,584 | ERROR    | discord.client | Attempting a reconnect in 490.31s
Traceback (most recent call last):
  File "/home/gavin/Discordbot/.venv/lib/python3.12/site-packages/aiohttp/connector.py", line 1562, in _create_direct_connection
    hosts = await self._resolve_host(host, port, traces=traces)
            ^^^^^^^^^^^^^^^^^^^^^^^^^^^^^^^^^^^^^^^^^^^^^^^^^^^
  File "/home/gavin/Discordbot/.venv/lib/python3.12/site-packages/aiohttp/connector.py", line 1178, in _resolve_host
    return await asyncio.shield(resolved_host_task)
           ^^^^^^^^^^^^^^^^^^^^^^^^^^^^^^^^^^^^^^^^
  File "/home/gavin/Discordbot/.venv/lib/python3.12/site-packages/aiohttp/connector.py", line 1209, in _resolve_host_with_throttle
    addrs = await self._resolver.resolve(host, port, family=self._family)
            ^^^^^^^^^^^^^^^^^^^^^^^^^^^^^^^^^^^^^^^^^^^^^^^^^^^^^^^^^^^^^
  File "/home/gavin/Discordbot/.venv/lib/python3.12/site-packages/aiohttp/resolver.py", line 40, in resolve
    infos = await self._loop.getaddrinfo(
            ^^^^^^^^^^^^^^^^^^^^^^^^^^^^^
  File "/usr/lib/python3.12/asyncio/base_events.py", line 901, in getaddrinfo
    return await self.run_in_executor(
           ^^^^^^^^^^^^^^^^^^^^^^^^^^^
  File "/usr/lib/python3.12/concurrent/futures/thread.py", line 58, in run
    result = self.fn(*self.args, **self.kwargs)
             ^^^^^^^^^^^^^^^^^^^^^^^^^^^^^^^^^^
  File "/usr/lib/python3.12/socket.py", line 963, in getaddrinfo
    for res in _socket.getaddrinfo(host, port, family, type, proto, flags):
               ^^^^^^^^^^^^^^^^^^^^^^^^^^^^^^^^^^^^^^^^^^^^^^^^^^^^^^^^^^^
socket.gaierror: [Errno -2] Name or service not known

The above exception was the direct cause of the following exception:

Traceback (most recent call last):
  File "/home/gavin/Discordbot/.venv/lib/python3.12/site-packages/discord/client.py", line 728, in connect
    self.ws = await asyncio.wait_for(coro, timeout=60.0)
              ^^^^^^^^^^^^^^^^^^^^^^^^^^^^^^^^^^^^^^^^^^
  File "/usr/lib/python3.12/asyncio/tasks.py", line 520, in wait_for
    return await fut
           ^^^^^^^^^
  File "/home/gavin/Discordbot/.venv/lib/python3.12/site-packages/discord/gateway.py", line 392, in from_client
    socket = await client.http.ws_connect(str(url))
             ^^^^^^^^^^^^^^^^^^^^^^^^^^^^^^^^^^^^^^
  File "/home/gavin/Discordbot/.venv/lib/python3.12/site-packages/discord/http.py", line 571, in ws_connect
    return await self.__session.ws_connect(url, **kwargs)
           ^^^^^^^^^^^^^^^^^^^^^^^^^^^^^^^^^^^^^^^^^^^^^^
  File "/home/gavin/Discordbot/.venv/lib/python3.12/site-packages/aiohttp/client.py", line 1076, in _ws_connect
    resp = await self.request(
           ^^^^^^^^^^^^^^^^^^^
  File "/home/gavin/Discordbot/.venv/lib/python3.12/site-packages/aiohttp/client.py", line 779, in _request
    resp = await handler(req)
           ^^^^^^^^^^^^^^^^^^
  File "/home/gavin/Discordbot/.venv/lib/python3.12/site-packages/aiohttp/client.py", line 734, in _connect_and_send_request
    conn = await self._connector.connect(
           ^^^^^^^^^^^^^^^^^^^^^^^^^^^^^^
  File "/home/gavin/Discordbot/.venv/lib/python3.12/site-packages/aiohttp/connector.py", line 672, in connect
    proto = await self._create_connection(req, traces, timeout)
            ^^^^^^^^^^^^^^^^^^^^^^^^^^^^^^^^^^^^^^^^^^^^^^^^^^^
  File "/home/gavin/Discordbot/.venv/lib/python3.12/site-packages/aiohttp/connector.py", line 1239, in _create_connection
    _, proto = await self._create_direct_connection(req, traces, timeout)
               ^^^^^^^^^^^^^^^^^^^^^^^^^^^^^^^^^^^^^^^^^^^^^^^^^^^^^^^^^^
  File "/home/gavin/Discordbot/.venv/lib/python3.12/site-packages/aiohttp/connector.py", line 1568, in _create_direct_connection
    raise ClientConnectorDNSError(req.connection_key, exc) from exc
aiohttp.client_exceptions.ClientConnectorDNSError: Cannot connect to host gateway-us-east1-b.discord.gg:443 ssl:default [Name or service not known]
2026-03-23 18:44:11,995 | ERROR    | discord.client | Attempting a reconnect in 113.73s
Traceback (most recent call last):
  File "/home/gavin/Discordbot/.venv/lib/python3.12/site-packages/aiohttp/connector.py", line 1562, in _create_direct_connection
    hosts = await self._resolve_host(host, port, traces=traces)
            ^^^^^^^^^^^^^^^^^^^^^^^^^^^^^^^^^^^^^^^^^^^^^^^^^^^
  File "/home/gavin/Discordbot/.venv/lib/python3.12/site-packages/aiohttp/connector.py", line 1178, in _resolve_host
    return await asyncio.shield(resolved_host_task)
           ^^^^^^^^^^^^^^^^^^^^^^^^^^^^^^^^^^^^^^^^
  File "/home/gavin/Discordbot/.venv/lib/python3.12/site-packages/aiohttp/connector.py", line 1209, in _resolve_host_with_throttle
    addrs = await self._resolver.resolve(host, port, family=self._family)
            ^^^^^^^^^^^^^^^^^^^^^^^^^^^^^^^^^^^^^^^^^^^^^^^^^^^^^^^^^^^^^
  File "/home/gavin/Discordbot/.venv/lib/python3.12/site-packages/aiohttp/resolver.py", line 40, in resolve
    infos = await self._loop.getaddrinfo(
            ^^^^^^^^^^^^^^^^^^^^^^^^^^^^^
  File "/usr/lib/python3.12/asyncio/base_events.py", line 901, in getaddrinfo
    return await self.run_in_executor(
           ^^^^^^^^^^^^^^^^^^^^^^^^^^^
  File "/usr/lib/python3.12/concurrent/futures/thread.py", line 58, in run
    result = self.fn(*self.args, **self.kwargs)
             ^^^^^^^^^^^^^^^^^^^^^^^^^^^^^^^^^^
  File "/usr/lib/python3.12/socket.py", line 963, in getaddrinfo
    for res in _socket.getaddrinfo(host, port, family, type, proto, flags):
               ^^^^^^^^^^^^^^^^^^^^^^^^^^^^^^^^^^^^^^^^^^^^^^^^^^^^^^^^^^^
socket.gaierror: [Errno -2] Name or service not known

The above exception was the direct cause of the following exception:

Traceback (most recent call last):
  File "/home/gavin/Discordbot/.venv/lib/python3.12/site-packages/discord/client.py", line 728, in connect
    self.ws = await asyncio.wait_for(coro, timeout=60.0)
              ^^^^^^^^^^^^^^^^^^^^^^^^^^^^^^^^^^^^^^^^^^
  File "/usr/lib/python3.12/asyncio/tasks.py", line 520, in wait_for
    return await fut
           ^^^^^^^^^
  File "/home/gavin/Discordbot/.venv/lib/python3.12/site-packages/discord/gateway.py", line 392, in from_client
    socket = await client.http.ws_connect(str(url))
             ^^^^^^^^^^^^^^^^^^^^^^^^^^^^^^^^^^^^^^
  File "/home/gavin/Discordbot/.venv/lib/python3.12/site-packages/discord/http.py", line 571, in ws_connect
    return await self.__session.ws_connect(url, **kwargs)
           ^^^^^^^^^^^^^^^^^^^^^^^^^^^^^^^^^^^^^^^^^^^^^^
  File "/home/gavin/Discordbot/.venv/lib/python3.12/site-packages/aiohttp/client.py", line 1076, in _ws_connect
    resp = await self.request(
           ^^^^^^^^^^^^^^^^^^^
  File "/home/gavin/Discordbot/.venv/lib/python3.12/site-packages/aiohttp/client.py", line 779, in _request
    resp = await handler(req)
           ^^^^^^^^^^^^^^^^^^
  File "/home/gavin/Discordbot/.venv/lib/python3.12/site-packages/aiohttp/client.py", line 734, in _connect_and_send_request
    conn = await self._connector.connect(
           ^^^^^^^^^^^^^^^^^^^^^^^^^^^^^^
  File "/home/gavin/Discordbot/.venv/lib/python3.12/site-packages/aiohttp/connector.py", line 672, in connect
    proto = await self._create_connection(req, traces, timeout)
            ^^^^^^^^^^^^^^^^^^^^^^^^^^^^^^^^^^^^^^^^^^^^^^^^^^^
  File "/home/gavin/Discordbot/.venv/lib/python3.12/site-packages/aiohttp/connector.py", line 1239, in _create_connection
    _, proto = await self._create_direct_connection(req, traces, timeout)
               ^^^^^^^^^^^^^^^^^^^^^^^^^^^^^^^^^^^^^^^^^^^^^^^^^^^^^^^^^^
  File "/home/gavin/Discordbot/.venv/lib/python3.12/site-packages/aiohttp/connector.py", line 1568, in _create_direct_connection
    raise ClientConnectorDNSError(req.connection_key, exc) from exc
aiohttp.client_exceptions.ClientConnectorDNSError: Cannot connect to host gateway-us-east1-b.discord.gg:443 ssl:default [Name or service not known]
2026-03-23 18:46:05,820 | ERROR    | discord.client | Attempting a reconnect in 931.92s
Traceback (most recent call last):
  File "/home/gavin/Discordbot/.venv/lib/python3.12/site-packages/aiohttp/connector.py", line 1562, in _create_direct_connection
    hosts = await self._resolve_host(host, port, traces=traces)
            ^^^^^^^^^^^^^^^^^^^^^^^^^^^^^^^^^^^^^^^^^^^^^^^^^^^
  File "/home/gavin/Discordbot/.venv/lib/python3.12/site-packages/aiohttp/connector.py", line 1178, in _resolve_host
    return await asyncio.shield(resolved_host_task)
           ^^^^^^^^^^^^^^^^^^^^^^^^^^^^^^^^^^^^^^^^
  File "/home/gavin/Discordbot/.venv/lib/python3.12/site-packages/aiohttp/connector.py", line 1209, in _resolve_host_with_throttle
    addrs = await self._resolver.resolve(host, port, family=self._family)
            ^^^^^^^^^^^^^^^^^^^^^^^^^^^^^^^^^^^^^^^^^^^^^^^^^^^^^^^^^^^^^
  File "/home/gavin/Discordbot/.venv/lib/python3.12/site-packages/aiohttp/resolver.py", line 40, in resolve
    infos = await self._loop.getaddrinfo(
            ^^^^^^^^^^^^^^^^^^^^^^^^^^^^^
  File "/usr/lib/python3.12/asyncio/base_events.py", line 901, in getaddrinfo
    return await self.run_in_executor(
           ^^^^^^^^^^^^^^^^^^^^^^^^^^^
  File "/usr/lib/python3.12/concurrent/futures/thread.py", line 58, in run
    result = self.fn(*self.args, **self.kwargs)
             ^^^^^^^^^^^^^^^^^^^^^^^^^^^^^^^^^^
  File "/usr/lib/python3.12/socket.py", line 963, in getaddrinfo
    for res in _socket.getaddrinfo(host, port, family, type, proto, flags):
               ^^^^^^^^^^^^^^^^^^^^^^^^^^^^^^^^^^^^^^^^^^^^^^^^^^^^^^^^^^^
socket.gaierror: [Errno -2] Name or service not known

The above exception was the direct cause of the following exception:

Traceback (most recent call last):
  File "/home/gavin/Discordbot/.venv/lib/python3.12/site-packages/discord/client.py", line 728, in connect
    self.ws = await asyncio.wait_for(coro, timeout=60.0)
              ^^^^^^^^^^^^^^^^^^^^^^^^^^^^^^^^^^^^^^^^^^
  File "/usr/lib/python3.12/asyncio/tasks.py", line 520, in wait_for
    return await fut
           ^^^^^^^^^
  File "/home/gavin/Discordbot/.venv/lib/python3.12/site-packages/discord/gateway.py", line 392, in from_client
    socket = await client.http.ws_connect(str(url))
             ^^^^^^^^^^^^^^^^^^^^^^^^^^^^^^^^^^^^^^
  File "/home/gavin/Discordbot/.venv/lib/python3.12/site-packages/discord/http.py", line 571, in ws_connect
    return await self.__session.ws_connect(url, **kwargs)
           ^^^^^^^^^^^^^^^^^^^^^^^^^^^^^^^^^^^^^^^^^^^^^^
  File "/home/gavin/Discordbot/.venv/lib/python3.12/site-packages/aiohttp/client.py", line 1076, in _ws_connect
    resp = await self.request(
           ^^^^^^^^^^^^^^^^^^^
  File "/home/gavin/Discordbot/.venv/lib/python3.12/site-packages/aiohttp/client.py", line 779, in _request
    resp = await handler(req)
           ^^^^^^^^^^^^^^^^^^
  File "/home/gavin/Discordbot/.venv/lib/python3.12/site-packages/aiohttp/client.py", line 734, in _connect_and_send_request
    conn = await self._connector.connect(
           ^^^^^^^^^^^^^^^^^^^^^^^^^^^^^^
  File "/home/gavin/Discordbot/.venv/lib/python3.12/site-packages/aiohttp/connector.py", line 672, in connect
    proto = await self._create_connection(req, traces, timeout)
            ^^^^^^^^^^^^^^^^^^^^^^^^^^^^^^^^^^^^^^^^^^^^^^^^^^^
  File "/home/gavin/Discordbot/.venv/lib/python3.12/site-packages/aiohttp/connector.py", line 1239, in _create_connection
    _, proto = await self._create_direct_connection(req, traces, timeout)
               ^^^^^^^^^^^^^^^^^^^^^^^^^^^^^^^^^^^^^^^^^^^^^^^^^^^^^^^^^^
  File "/home/gavin/Discordbot/.venv/lib/python3.12/site-packages/aiohttp/connector.py", line 1568, in _create_direct_connection
    raise ClientConnectorDNSError(req.connection_key, exc) from exc
aiohttp.client_exceptions.ClientConnectorDNSError: Cannot connect to host gateway-us-east1-b.discord.gg:443 ssl:default [Name or service not known]
2026-03-23 19:01:37,846 | ERROR    | discord.client | Attempting a reconnect in 284.82s
Traceback (most recent call last):
  File "/home/gavin/Discordbot/.venv/lib/python3.12/site-packages/aiohttp/connector.py", line 1562, in _create_direct_connection
    hosts = await self._resolve_host(host, port, traces=traces)
            ^^^^^^^^^^^^^^^^^^^^^^^^^^^^^^^^^^^^^^^^^^^^^^^^^^^
  File "/home/gavin/Discordbot/.venv/lib/python3.12/site-packages/aiohttp/connector.py", line 1178, in _resolve_host
    return await asyncio.shield(resolved_host_task)
           ^^^^^^^^^^^^^^^^^^^^^^^^^^^^^^^^^^^^^^^^
  File "/home/gavin/Discordbot/.venv/lib/python3.12/site-packages/aiohttp/connector.py", line 1209, in _resolve_host_with_throttle
    addrs = await self._resolver.resolve(host, port, family=self._family)
            ^^^^^^^^^^^^^^^^^^^^^^^^^^^^^^^^^^^^^^^^^^^^^^^^^^^^^^^^^^^^^
  File "/home/gavin/Discordbot/.venv/lib/python3.12/site-packages/aiohttp/resolver.py", line 40, in resolve
    infos = await self._loop.getaddrinfo(
            ^^^^^^^^^^^^^^^^^^^^^^^^^^^^^
  File "/usr/lib/python3.12/asyncio/base_events.py", line 901, in getaddrinfo
    return await self.run_in_executor(
           ^^^^^^^^^^^^^^^^^^^^^^^^^^^
  File "/usr/lib/python3.12/concurrent/futures/thread.py", line 58, in run
    result = self.fn(*self.args, **self.kwargs)
             ^^^^^^^^^^^^^^^^^^^^^^^^^^^^^^^^^^
  File "/usr/lib/python3.12/socket.py", line 963, in getaddrinfo
    for res in _socket.getaddrinfo(host, port, family, type, proto, flags):
               ^^^^^^^^^^^^^^^^^^^^^^^^^^^^^^^^^^^^^^^^^^^^^^^^^^^^^^^^^^^
socket.gaierror: [Errno -2] Name or service not known

The above exception was the direct cause of the following exception:

Traceback (most recent call last):
  File "/home/gavin/Discordbot/.venv/lib/python3.12/site-packages/discord/client.py", line 728, in connect
    self.ws = await asyncio.wait_for(coro, timeout=60.0)
              ^^^^^^^^^^^^^^^^^^^^^^^^^^^^^^^^^^^^^^^^^^
  File "/usr/lib/python3.12/asyncio/tasks.py", line 520, in wait_for
    return await fut
           ^^^^^^^^^
  File "/home/gavin/Discordbot/.venv/lib/python3.12/site-packages/discord/gateway.py", line 392, in from_client
    socket = await client.http.ws_connect(str(url))
             ^^^^^^^^^^^^^^^^^^^^^^^^^^^^^^^^^^^^^^
  File "/home/gavin/Discordbot/.venv/lib/python3.12/site-packages/discord/http.py", line 571, in ws_connect
    return await self.__session.ws_connect(url, **kwargs)
           ^^^^^^^^^^^^^^^^^^^^^^^^^^^^^^^^^^^^^^^^^^^^^^
  File "/home/gavin/Discordbot/.venv/lib/python3.12/site-packages/aiohttp/client.py", line 1076, in _ws_connect
    resp = await self.request(
           ^^^^^^^^^^^^^^^^^^^
  File "/home/gavin/Discordbot/.venv/lib/python3.12/site-packages/aiohttp/client.py", line 779, in _request
    resp = await handler(req)
           ^^^^^^^^^^^^^^^^^^
  File "/home/gavin/Discordbot/.venv/lib/python3.12/site-packages/aiohttp/client.py", line 734, in _connect_and_send_request
    conn = await self._connector.connect(
           ^^^^^^^^^^^^^^^^^^^^^^^^^^^^^^
  File "/home/gavin/Discordbot/.venv/lib/python3.12/site-packages/aiohttp/connector.py", line 672, in connect
    proto = await self._create_connection(req, traces, timeout)
            ^^^^^^^^^^^^^^^^^^^^^^^^^^^^^^^^^^^^^^^^^^^^^^^^^^^
  File "/home/gavin/Discordbot/.venv/lib/python3.12/site-packages/aiohttp/connector.py", line 1239, in _create_connection
    _, proto = await self._create_direct_connection(req, traces, timeout)
               ^^^^^^^^^^^^^^^^^^^^^^^^^^^^^^^^^^^^^^^^^^^^^^^^^^^^^^^^^^
  File "/home/gavin/Discordbot/.venv/lib/python3.12/site-packages/aiohttp/connector.py", line 1568, in _create_direct_connection
    raise ClientConnectorDNSError(req.connection_key, exc) from exc
aiohttp.client_exceptions.ClientConnectorDNSError: Cannot connect to host gateway-us-east1-b.discord.gg:443 ssl:default [Name or service not known]
2026-03-23 19:06:22,772 | ERROR    | discord.client | Attempting a reconnect in 638.49s
Traceback (most recent call last):
  File "/home/gavin/Discordbot/.venv/lib/python3.12/site-packages/aiohttp/connector.py", line 1562, in _create_direct_connection
    hosts = await self._resolve_host(host, port, traces=traces)
            ^^^^^^^^^^^^^^^^^^^^^^^^^^^^^^^^^^^^^^^^^^^^^^^^^^^
  File "/home/gavin/Discordbot/.venv/lib/python3.12/site-packages/aiohttp/connector.py", line 1178, in _resolve_host
    return await asyncio.shield(resolved_host_task)
           ^^^^^^^^^^^^^^^^^^^^^^^^^^^^^^^^^^^^^^^^
  File "/home/gavin/Discordbot/.venv/lib/python3.12/site-packages/aiohttp/connector.py", line 1209, in _resolve_host_with_throttle
    addrs = await self._resolver.resolve(host, port, family=self._family)
            ^^^^^^^^^^^^^^^^^^^^^^^^^^^^^^^^^^^^^^^^^^^^^^^^^^^^^^^^^^^^^
  File "/home/gavin/Discordbot/.venv/lib/python3.12/site-packages/aiohttp/resolver.py", line 40, in resolve
    infos = await self._loop.getaddrinfo(
            ^^^^^^^^^^^^^^^^^^^^^^^^^^^^^
  File "/usr/lib/python3.12/asyncio/base_events.py", line 901, in getaddrinfo
    return await self.run_in_executor(
           ^^^^^^^^^^^^^^^^^^^^^^^^^^^
  File "/usr/lib/python3.12/concurrent/futures/thread.py", line 58, in run
    result = self.fn(*self.args, **self.kwargs)
             ^^^^^^^^^^^^^^^^^^^^^^^^^^^^^^^^^^
  File "/usr/lib/python3.12/socket.py", line 963, in getaddrinfo
    for res in _socket.getaddrinfo(host, port, family, type, proto, flags):
               ^^^^^^^^^^^^^^^^^^^^^^^^^^^^^^^^^^^^^^^^^^^^^^^^^^^^^^^^^^^
socket.gaierror: [Errno -2] Name or service not known

The above exception was the direct cause of the following exception:

Traceback (most recent call last):
  File "/home/gavin/Discordbot/.venv/lib/python3.12/site-packages/discord/client.py", line 728, in connect
    self.ws = await asyncio.wait_for(coro, timeout=60.0)
              ^^^^^^^^^^^^^^^^^^^^^^^^^^^^^^^^^^^^^^^^^^
  File "/usr/lib/python3.12/asyncio/tasks.py", line 520, in wait_for
    return await fut
           ^^^^^^^^^
  File "/home/gavin/Discordbot/.venv/lib/python3.12/site-packages/discord/gateway.py", line 392, in from_client
    socket = await client.http.ws_connect(str(url))
             ^^^^^^^^^^^^^^^^^^^^^^^^^^^^^^^^^^^^^^
  File "/home/gavin/Discordbot/.venv/lib/python3.12/site-packages/discord/http.py", line 571, in ws_connect
    return await self.__session.ws_connect(url, **kwargs)
           ^^^^^^^^^^^^^^^^^^^^^^^^^^^^^^^^^^^^^^^^^^^^^^
  File "/home/gavin/Discordbot/.venv/lib/python3.12/site-packages/aiohttp/client.py", line 1076, in _ws_connect
    resp = await self.request(
           ^^^^^^^^^^^^^^^^^^^
  File "/home/gavin/Discordbot/.venv/lib/python3.12/site-packages/aiohttp/client.py", line 779, in _request
    resp = await handler(req)
           ^^^^^^^^^^^^^^^^^^
  File "/home/gavin/Discordbot/.venv/lib/python3.12/site-packages/aiohttp/client.py", line 734, in _connect_and_send_request
    conn = await self._connector.connect(
           ^^^^^^^^^^^^^^^^^^^^^^^^^^^^^^
  File "/home/gavin/Discordbot/.venv/lib/python3.12/site-packages/aiohttp/connector.py", line 672, in connect
    proto = await self._create_connection(req, traces, timeout)
            ^^^^^^^^^^^^^^^^^^^^^^^^^^^^^^^^^^^^^^^^^^^^^^^^^^^
  File "/home/gavin/Discordbot/.venv/lib/python3.12/site-packages/aiohttp/connector.py", line 1239, in _create_connection
    _, proto = await self._create_direct_connection(req, traces, timeout)
               ^^^^^^^^^^^^^^^^^^^^^^^^^^^^^^^^^^^^^^^^^^^^^^^^^^^^^^^^^^
  File "/home/gavin/Discordbot/.venv/lib/python3.12/site-packages/aiohttp/connector.py", line 1568, in _create_direct_connection
    raise ClientConnectorDNSError(req.connection_key, exc) from exc
aiohttp.client_exceptions.ClientConnectorDNSError: Cannot connect to host gateway-us-east1-b.discord.gg:443 ssl:default [Name or service not known]
2026-03-23 19:17:01,362 | ERROR    | discord.client | Attempting a reconnect in 754.78s
Traceback (most recent call last):
  File "/home/gavin/Discordbot/.venv/lib/python3.12/site-packages/aiohttp/connector.py", line 1562, in _create_direct_connection
    hosts = await self._resolve_host(host, port, traces=traces)
            ^^^^^^^^^^^^^^^^^^^^^^^^^^^^^^^^^^^^^^^^^^^^^^^^^^^
  File "/home/gavin/Discordbot/.venv/lib/python3.12/site-packages/aiohttp/connector.py", line 1178, in _resolve_host
    return await asyncio.shield(resolved_host_task)
           ^^^^^^^^^^^^^^^^^^^^^^^^^^^^^^^^^^^^^^^^
  File "/home/gavin/Discordbot/.venv/lib/python3.12/site-packages/aiohttp/connector.py", line 1209, in _resolve_host_with_throttle
    addrs = await self._resolver.resolve(host, port, family=self._family)
            ^^^^^^^^^^^^^^^^^^^^^^^^^^^^^^^^^^^^^^^^^^^^^^^^^^^^^^^^^^^^^
  File "/home/gavin/Discordbot/.venv/lib/python3.12/site-packages/aiohttp/resolver.py", line 40, in resolve
    infos = await self._loop.getaddrinfo(
            ^^^^^^^^^^^^^^^^^^^^^^^^^^^^^
  File "/usr/lib/python3.12/asyncio/base_events.py", line 901, in getaddrinfo
    return await self.run_in_executor(
           ^^^^^^^^^^^^^^^^^^^^^^^^^^^
  File "/usr/lib/python3.12/concurrent/futures/thread.py", line 58, in run
    result = self.fn(*self.args, **self.kwargs)
             ^^^^^^^^^^^^^^^^^^^^^^^^^^^^^^^^^^
  File "/usr/lib/python3.12/socket.py", line 963, in getaddrinfo
    for res in _socket.getaddrinfo(host, port, family, type, proto, flags):
               ^^^^^^^^^^^^^^^^^^^^^^^^^^^^^^^^^^^^^^^^^^^^^^^^^^^^^^^^^^^
socket.gaierror: [Errno -2] Name or service not known

The above exception was the direct cause of the following exception:

Traceback (most recent call last):
  File "/home/gavin/Discordbot/.venv/lib/python3.12/site-packages/discord/client.py", line 728, in connect
    self.ws = await asyncio.wait_for(coro, timeout=60.0)
              ^^^^^^^^^^^^^^^^^^^^^^^^^^^^^^^^^^^^^^^^^^
  File "/usr/lib/python3.12/asyncio/tasks.py", line 520, in wait_for
    return await fut
           ^^^^^^^^^
  File "/home/gavin/Discordbot/.venv/lib/python3.12/site-packages/discord/gateway.py", line 392, in from_client
    socket = await client.http.ws_connect(str(url))
             ^^^^^^^^^^^^^^^^^^^^^^^^^^^^^^^^^^^^^^
  File "/home/gavin/Discordbot/.venv/lib/python3.12/site-packages/discord/http.py", line 571, in ws_connect
    return await self.__session.ws_connect(url, **kwargs)
           ^^^^^^^^^^^^^^^^^^^^^^^^^^^^^^^^^^^^^^^^^^^^^^
  File "/home/gavin/Discordbot/.venv/lib/python3.12/site-packages/aiohttp/client.py", line 1076, in _ws_connect
    resp = await self.request(
           ^^^^^^^^^^^^^^^^^^^
  File "/home/gavin/Discordbot/.venv/lib/python3.12/site-packages/aiohttp/client.py", line 779, in _request
    resp = await handler(req)
           ^^^^^^^^^^^^^^^^^^
  File "/home/gavin/Discordbot/.venv/lib/python3.12/site-packages/aiohttp/client.py", line 734, in _connect_and_send_request
    conn = await self._connector.connect(
           ^^^^^^^^^^^^^^^^^^^^^^^^^^^^^^
  File "/home/gavin/Discordbot/.venv/lib/python3.12/site-packages/aiohttp/connector.py", line 672, in connect
    proto = await self._create_connection(req, traces, timeout)
            ^^^^^^^^^^^^^^^^^^^^^^^^^^^^^^^^^^^^^^^^^^^^^^^^^^^
  File "/home/gavin/Discordbot/.venv/lib/python3.12/site-packages/aiohttp/connector.py", line 1239, in _create_connection
    _, proto = await self._create_direct_connection(req, traces, timeout)
               ^^^^^^^^^^^^^^^^^^^^^^^^^^^^^^^^^^^^^^^^^^^^^^^^^^^^^^^^^^
  File "/home/gavin/Discordbot/.venv/lib/python3.12/site-packages/aiohttp/connector.py", line 1568, in _create_direct_connection
    raise ClientConnectorDNSError(req.connection_key, exc) from exc
aiohttp.client_exceptions.ClientConnectorDNSError: Cannot connect to host gateway-us-east1-b.discord.gg:443 ssl:default [Name or service not known]
2026-03-23 19:29:36,244 | ERROR    | discord.client | Attempting a reconnect in 437.37s
Traceback (most recent call last):
  File "/home/gavin/Discordbot/.venv/lib/python3.12/site-packages/aiohttp/connector.py", line 1562, in _create_direct_connection
    hosts = await self._resolve_host(host, port, traces=traces)
            ^^^^^^^^^^^^^^^^^^^^^^^^^^^^^^^^^^^^^^^^^^^^^^^^^^^
  File "/home/gavin/Discordbot/.venv/lib/python3.12/site-packages/aiohttp/connector.py", line 1178, in _resolve_host
    return await asyncio.shield(resolved_host_task)
           ^^^^^^^^^^^^^^^^^^^^^^^^^^^^^^^^^^^^^^^^
  File "/home/gavin/Discordbot/.venv/lib/python3.12/site-packages/aiohttp/connector.py", line 1209, in _resolve_host_with_throttle
    addrs = await self._resolver.resolve(host, port, family=self._family)
            ^^^^^^^^^^^^^^^^^^^^^^^^^^^^^^^^^^^^^^^^^^^^^^^^^^^^^^^^^^^^^
  File "/home/gavin/Discordbot/.venv/lib/python3.12/site-packages/aiohttp/resolver.py", line 40, in resolve
    infos = await self._loop.getaddrinfo(
            ^^^^^^^^^^^^^^^^^^^^^^^^^^^^^
  File "/usr/lib/python3.12/asyncio/base_events.py", line 901, in getaddrinfo
    return await self.run_in_executor(
           ^^^^^^^^^^^^^^^^^^^^^^^^^^^
  File "/usr/lib/python3.12/concurrent/futures/thread.py", line 58, in run
    result = self.fn(*self.args, **self.kwargs)
             ^^^^^^^^^^^^^^^^^^^^^^^^^^^^^^^^^^
  File "/usr/lib/python3.12/socket.py", line 963, in getaddrinfo
    for res in _socket.getaddrinfo(host, port, family, type, proto, flags):
               ^^^^^^^^^^^^^^^^^^^^^^^^^^^^^^^^^^^^^^^^^^^^^^^^^^^^^^^^^^^
socket.gaierror: [Errno -2] Name or service not known

The above exception was the direct cause of the following exception:

Traceback (most recent call last):
  File "/home/gavin/Discordbot/.venv/lib/python3.12/site-packages/discord/client.py", line 728, in connect
    self.ws = await asyncio.wait_for(coro, timeout=60.0)
              ^^^^^^^^^^^^^^^^^^^^^^^^^^^^^^^^^^^^^^^^^^
  File "/usr/lib/python3.12/asyncio/tasks.py", line 520, in wait_for
    return await fut
           ^^^^^^^^^
  File "/home/gavin/Discordbot/.venv/lib/python3.12/site-packages/discord/gateway.py", line 392, in from_client
    socket = await client.http.ws_connect(str(url))
             ^^^^^^^^^^^^^^^^^^^^^^^^^^^^^^^^^^^^^^
  File "/home/gavin/Discordbot/.venv/lib/python3.12/site-packages/discord/http.py", line 571, in ws_connect
    return await self.__session.ws_connect(url, **kwargs)
           ^^^^^^^^^^^^^^^^^^^^^^^^^^^^^^^^^^^^^^^^^^^^^^
  File "/home/gavin/Discordbot/.venv/lib/python3.12/site-packages/aiohttp/client.py", line 1076, in _ws_connect
    resp = await self.request(
           ^^^^^^^^^^^^^^^^^^^
  File "/home/gavin/Discordbot/.venv/lib/python3.12/site-packages/aiohttp/client.py", line 779, in _request
    resp = await handler(req)
           ^^^^^^^^^^^^^^^^^^
  File "/home/gavin/Discordbot/.venv/lib/python3.12/site-packages/aiohttp/client.py", line 734, in _connect_and_send_request
    conn = await self._connector.connect(
           ^^^^^^^^^^^^^^^^^^^^^^^^^^^^^^
  File "/home/gavin/Discordbot/.venv/lib/python3.12/site-packages/aiohttp/connector.py", line 672, in connect
    proto = await self._create_connection(req, traces, timeout)
            ^^^^^^^^^^^^^^^^^^^^^^^^^^^^^^^^^^^^^^^^^^^^^^^^^^^
  File "/home/gavin/Discordbot/.venv/lib/python3.12/site-packages/aiohttp/connector.py", line 1239, in _create_connection
    _, proto = await self._create_direct_connection(req, traces, timeout)
               ^^^^^^^^^^^^^^^^^^^^^^^^^^^^^^^^^^^^^^^^^^^^^^^^^^^^^^^^^^
  File "/home/gavin/Discordbot/.venv/lib/python3.12/site-packages/aiohttp/connector.py", line 1568, in _create_direct_connection
    raise ClientConnectorDNSError(req.connection_key, exc) from exc
aiohttp.client_exceptions.ClientConnectorDNSError: Cannot connect to host gateway-us-east1-b.discord.gg:443 ssl:default [Name or service not known]
2026-03-23 19:36:53,718 | ERROR    | discord.client | Attempting a reconnect in 416.55s
Traceback (most recent call last):
  File "/home/gavin/Discordbot/.venv/lib/python3.12/site-packages/aiohttp/connector.py", line 1562, in _create_direct_connection
    hosts = await self._resolve_host(host, port, traces=traces)
            ^^^^^^^^^^^^^^^^^^^^^^^^^^^^^^^^^^^^^^^^^^^^^^^^^^^
  File "/home/gavin/Discordbot/.venv/lib/python3.12/site-packages/aiohttp/connector.py", line 1178, in _resolve_host
    return await asyncio.shield(resolved_host_task)
           ^^^^^^^^^^^^^^^^^^^^^^^^^^^^^^^^^^^^^^^^
  File "/home/gavin/Discordbot/.venv/lib/python3.12/site-packages/aiohttp/connector.py", line 1209, in _resolve_host_with_throttle
    addrs = await self._resolver.resolve(host, port, family=self._family)
            ^^^^^^^^^^^^^^^^^^^^^^^^^^^^^^^^^^^^^^^^^^^^^^^^^^^^^^^^^^^^^
  File "/home/gavin/Discordbot/.venv/lib/python3.12/site-packages/aiohttp/resolver.py", line 40, in resolve
    infos = await self._loop.getaddrinfo(
            ^^^^^^^^^^^^^^^^^^^^^^^^^^^^^
  File "/usr/lib/python3.12/asyncio/base_events.py", line 901, in getaddrinfo
    return await self.run_in_executor(
           ^^^^^^^^^^^^^^^^^^^^^^^^^^^
  File "/usr/lib/python3.12/concurrent/futures/thread.py", line 58, in run
    result = self.fn(*self.args, **self.kwargs)
             ^^^^^^^^^^^^^^^^^^^^^^^^^^^^^^^^^^
  File "/usr/lib/python3.12/socket.py", line 963, in getaddrinfo
    for res in _socket.getaddrinfo(host, port, family, type, proto, flags):
               ^^^^^^^^^^^^^^^^^^^^^^^^^^^^^^^^^^^^^^^^^^^^^^^^^^^^^^^^^^^
socket.gaierror: [Errno -2] Name or service not known

The above exception was the direct cause of the following exception:

Traceback (most recent call last):
  File "/home/gavin/Discordbot/.venv/lib/python3.12/site-packages/discord/client.py", line 728, in connect
    self.ws = await asyncio.wait_for(coro, timeout=60.0)
              ^^^^^^^^^^^^^^^^^^^^^^^^^^^^^^^^^^^^^^^^^^
  File "/usr/lib/python3.12/asyncio/tasks.py", line 520, in wait_for
    return await fut
           ^^^^^^^^^
  File "/home/gavin/Discordbot/.venv/lib/python3.12/site-packages/discord/gateway.py", line 392, in from_client
    socket = await client.http.ws_connect(str(url))
             ^^^^^^^^^^^^^^^^^^^^^^^^^^^^^^^^^^^^^^
  File "/home/gavin/Discordbot/.venv/lib/python3.12/site-packages/discord/http.py", line 571, in ws_connect
    return await self.__session.ws_connect(url, **kwargs)
           ^^^^^^^^^^^^^^^^^^^^^^^^^^^^^^^^^^^^^^^^^^^^^^
  File "/home/gavin/Discordbot/.venv/lib/python3.12/site-packages/aiohttp/client.py", line 1076, in _ws_connect
    resp = await self.request(
           ^^^^^^^^^^^^^^^^^^^
  File "/home/gavin/Discordbot/.venv/lib/python3.12/site-packages/aiohttp/client.py", line 779, in _request
    resp = await handler(req)
           ^^^^^^^^^^^^^^^^^^
  File "/home/gavin/Discordbot/.venv/lib/python3.12/site-packages/aiohttp/client.py", line 734, in _connect_and_send_request
    conn = await self._connector.connect(
           ^^^^^^^^^^^^^^^^^^^^^^^^^^^^^^
  File "/home/gavin/Discordbot/.venv/lib/python3.12/site-packages/aiohttp/connector.py", line 672, in connect
    proto = await self._create_connection(req, traces, timeout)
            ^^^^^^^^^^^^^^^^^^^^^^^^^^^^^^^^^^^^^^^^^^^^^^^^^^^
  File "/home/gavin/Discordbot/.venv/lib/python3.12/site-packages/aiohttp/connector.py", line 1239, in _create_connection
    _, proto = await self._create_direct_connection(req, traces, timeout)
               ^^^^^^^^^^^^^^^^^^^^^^^^^^^^^^^^^^^^^^^^^^^^^^^^^^^^^^^^^^
  File "/home/gavin/Discordbot/.venv/lib/python3.12/site-packages/aiohttp/connector.py", line 1568, in _create_direct_connection
    raise ClientConnectorDNSError(req.connection_key, exc) from exc
aiohttp.client_exceptions.ClientConnectorDNSError: Cannot connect to host gateway-us-east1-b.discord.gg:443 ssl:default [Name or service not known]
2026-03-23 19:43:50,376 | ERROR    | discord.client | Attempting a reconnect in 719.95s
Traceback (most recent call last):
  File "/home/gavin/Discordbot/.venv/lib/python3.12/site-packages/aiohttp/connector.py", line 1562, in _create_direct_connection
    hosts = await self._resolve_host(host, port, traces=traces)
            ^^^^^^^^^^^^^^^^^^^^^^^^^^^^^^^^^^^^^^^^^^^^^^^^^^^
  File "/home/gavin/Discordbot/.venv/lib/python3.12/site-packages/aiohttp/connector.py", line 1178, in _resolve_host
    return await asyncio.shield(resolved_host_task)
           ^^^^^^^^^^^^^^^^^^^^^^^^^^^^^^^^^^^^^^^^
  File "/home/gavin/Discordbot/.venv/lib/python3.12/site-packages/aiohttp/connector.py", line 1209, in _resolve_host_with_throttle
    addrs = await self._resolver.resolve(host, port, family=self._family)
            ^^^^^^^^^^^^^^^^^^^^^^^^^^^^^^^^^^^^^^^^^^^^^^^^^^^^^^^^^^^^^
  File "/home/gavin/Discordbot/.venv/lib/python3.12/site-packages/aiohttp/resolver.py", line 40, in resolve
    infos = await self._loop.getaddrinfo(
            ^^^^^^^^^^^^^^^^^^^^^^^^^^^^^
  File "/usr/lib/python3.12/asyncio/base_events.py", line 901, in getaddrinfo
    return await self.run_in_executor(
           ^^^^^^^^^^^^^^^^^^^^^^^^^^^
  File "/usr/lib/python3.12/concurrent/futures/thread.py", line 58, in run
    result = self.fn(*self.args, **self.kwargs)
             ^^^^^^^^^^^^^^^^^^^^^^^^^^^^^^^^^^
  File "/usr/lib/python3.12/socket.py", line 963, in getaddrinfo
    for res in _socket.getaddrinfo(host, port, family, type, proto, flags):
               ^^^^^^^^^^^^^^^^^^^^^^^^^^^^^^^^^^^^^^^^^^^^^^^^^^^^^^^^^^^
socket.gaierror: [Errno -2] Name or service not known

The above exception was the direct cause of the following exception:

Traceback (most recent call last):
  File "/home/gavin/Discordbot/.venv/lib/python3.12/site-packages/discord/client.py", line 728, in connect
    self.ws = await asyncio.wait_for(coro, timeout=60.0)
              ^^^^^^^^^^^^^^^^^^^^^^^^^^^^^^^^^^^^^^^^^^
  File "/usr/lib/python3.12/asyncio/tasks.py", line 520, in wait_for
    return await fut
           ^^^^^^^^^
  File "/home/gavin/Discordbot/.venv/lib/python3.12/site-packages/discord/gateway.py", line 392, in from_client
    socket = await client.http.ws_connect(str(url))
             ^^^^^^^^^^^^^^^^^^^^^^^^^^^^^^^^^^^^^^
  File "/home/gavin/Discordbot/.venv/lib/python3.12/site-packages/discord/http.py", line 571, in ws_connect
    return await self.__session.ws_connect(url, **kwargs)
           ^^^^^^^^^^^^^^^^^^^^^^^^^^^^^^^^^^^^^^^^^^^^^^
  File "/home/gavin/Discordbot/.venv/lib/python3.12/site-packages/aiohttp/client.py", line 1076, in _ws_connect
    resp = await self.request(
           ^^^^^^^^^^^^^^^^^^^
  File "/home/gavin/Discordbot/.venv/lib/python3.12/site-packages/aiohttp/client.py", line 779, in _request
    resp = await handler(req)
           ^^^^^^^^^^^^^^^^^^
  File "/home/gavin/Discordbot/.venv/lib/python3.12/site-packages/aiohttp/client.py", line 734, in _connect_and_send_request
    conn = await self._connector.connect(
           ^^^^^^^^^^^^^^^^^^^^^^^^^^^^^^
  File "/home/gavin/Discordbot/.venv/lib/python3.12/site-packages/aiohttp/connector.py", line 672, in connect
    proto = await self._create_connection(req, traces, timeout)
            ^^^^^^^^^^^^^^^^^^^^^^^^^^^^^^^^^^^^^^^^^^^^^^^^^^^
  File "/home/gavin/Discordbot/.venv/lib/python3.12/site-packages/aiohttp/connector.py", line 1239, in _create_connection
    _, proto = await self._create_direct_connection(req, traces, timeout)
               ^^^^^^^^^^^^^^^^^^^^^^^^^^^^^^^^^^^^^^^^^^^^^^^^^^^^^^^^^^
  File "/home/gavin/Discordbot/.venv/lib/python3.12/site-packages/aiohttp/connector.py", line 1568, in _create_direct_connection
    raise ClientConnectorDNSError(req.connection_key, exc) from exc
aiohttp.client_exceptions.ClientConnectorDNSError: Cannot connect to host gateway-us-east1-b.discord.gg:443 ssl:default [Name or service not known]
2026-03-23 19:55:50,433 | ERROR    | discord.client | Attempting a reconnect in 633.18s
Traceback (most recent call last):
  File "/home/gavin/Discordbot/.venv/lib/python3.12/site-packages/aiohttp/connector.py", line 1562, in _create_direct_connection
    hosts = await self._resolve_host(host, port, traces=traces)
            ^^^^^^^^^^^^^^^^^^^^^^^^^^^^^^^^^^^^^^^^^^^^^^^^^^^
  File "/home/gavin/Discordbot/.venv/lib/python3.12/site-packages/aiohttp/connector.py", line 1178, in _resolve_host
    return await asyncio.shield(resolved_host_task)
           ^^^^^^^^^^^^^^^^^^^^^^^^^^^^^^^^^^^^^^^^
  File "/home/gavin/Discordbot/.venv/lib/python3.12/site-packages/aiohttp/connector.py", line 1209, in _resolve_host_with_throttle
    addrs = await self._resolver.resolve(host, port, family=self._family)
            ^^^^^^^^^^^^^^^^^^^^^^^^^^^^^^^^^^^^^^^^^^^^^^^^^^^^^^^^^^^^^
  File "/home/gavin/Discordbot/.venv/lib/python3.12/site-packages/aiohttp/resolver.py", line 40, in resolve
    infos = await self._loop.getaddrinfo(
            ^^^^^^^^^^^^^^^^^^^^^^^^^^^^^
  File "/usr/lib/python3.12/asyncio/base_events.py", line 901, in getaddrinfo
    return await self.run_in_executor(
           ^^^^^^^^^^^^^^^^^^^^^^^^^^^
  File "/usr/lib/python3.12/concurrent/futures/thread.py", line 58, in run
    result = self.fn(*self.args, **self.kwargs)
             ^^^^^^^^^^^^^^^^^^^^^^^^^^^^^^^^^^
  File "/usr/lib/python3.12/socket.py", line 963, in getaddrinfo
    for res in _socket.getaddrinfo(host, port, family, type, proto, flags):
               ^^^^^^^^^^^^^^^^^^^^^^^^^^^^^^^^^^^^^^^^^^^^^^^^^^^^^^^^^^^
socket.gaierror: [Errno -2] Name or service not known

The above exception was the direct cause of the following exception:

Traceback (most recent call last):
  File "/home/gavin/Discordbot/.venv/lib/python3.12/site-packages/discord/client.py", line 728, in connect
    self.ws = await asyncio.wait_for(coro, timeout=60.0)
              ^^^^^^^^^^^^^^^^^^^^^^^^^^^^^^^^^^^^^^^^^^
  File "/usr/lib/python3.12/asyncio/tasks.py", line 520, in wait_for
    return await fut
           ^^^^^^^^^
  File "/home/gavin/Discordbot/.venv/lib/python3.12/site-packages/discord/gateway.py", line 392, in from_client
    socket = await client.http.ws_connect(str(url))
             ^^^^^^^^^^^^^^^^^^^^^^^^^^^^^^^^^^^^^^
  File "/home/gavin/Discordbot/.venv/lib/python3.12/site-packages/discord/http.py", line 571, in ws_connect
    return await self.__session.ws_connect(url, **kwargs)
           ^^^^^^^^^^^^^^^^^^^^^^^^^^^^^^^^^^^^^^^^^^^^^^
  File "/home/gavin/Discordbot/.venv/lib/python3.12/site-packages/aiohttp/client.py", line 1076, in _ws_connect
    resp = await self.request(
           ^^^^^^^^^^^^^^^^^^^
  File "/home/gavin/Discordbot/.venv/lib/python3.12/site-packages/aiohttp/client.py", line 779, in _request
    resp = await handler(req)
           ^^^^^^^^^^^^^^^^^^
  File "/home/gavin/Discordbot/.venv/lib/python3.12/site-packages/aiohttp/client.py", line 734, in _connect_and_send_request
    conn = await self._connector.connect(
           ^^^^^^^^^^^^^^^^^^^^^^^^^^^^^^
  File "/home/gavin/Discordbot/.venv/lib/python3.12/site-packages/aiohttp/connector.py", line 672, in connect
    proto = await self._create_connection(req, traces, timeout)
            ^^^^^^^^^^^^^^^^^^^^^^^^^^^^^^^^^^^^^^^^^^^^^^^^^^^
  File "/home/gavin/Discordbot/.venv/lib/python3.12/site-packages/aiohttp/connector.py", line 1239, in _create_connection
    _, proto = await self._create_direct_connection(req, traces, timeout)
               ^^^^^^^^^^^^^^^^^^^^^^^^^^^^^^^^^^^^^^^^^^^^^^^^^^^^^^^^^^
  File "/home/gavin/Discordbot/.venv/lib/python3.12/site-packages/aiohttp/connector.py", line 1568, in _create_direct_connection
    raise ClientConnectorDNSError(req.connection_key, exc) from exc
aiohttp.client_exceptions.ClientConnectorDNSError: Cannot connect to host gateway-us-east1-b.discord.gg:443 ssl:default [Name or service not known]
2026-03-23 20:06:23,689 | ERROR    | discord.client | Attempting a reconnect in 304.46s
Traceback (most recent call last):
  File "/home/gavin/Discordbot/.venv/lib/python3.12/site-packages/aiohttp/connector.py", line 1562, in _create_direct_connection
    hosts = await self._resolve_host(host, port, traces=traces)
            ^^^^^^^^^^^^^^^^^^^^^^^^^^^^^^^^^^^^^^^^^^^^^^^^^^^
  File "/home/gavin/Discordbot/.venv/lib/python3.12/site-packages/aiohttp/connector.py", line 1178, in _resolve_host
    return await asyncio.shield(resolved_host_task)
           ^^^^^^^^^^^^^^^^^^^^^^^^^^^^^^^^^^^^^^^^
  File "/home/gavin/Discordbot/.venv/lib/python3.12/site-packages/aiohttp/connector.py", line 1209, in _resolve_host_with_throttle
    addrs = await self._resolver.resolve(host, port, family=self._family)
            ^^^^^^^^^^^^^^^^^^^^^^^^^^^^^^^^^^^^^^^^^^^^^^^^^^^^^^^^^^^^^
  File "/home/gavin/Discordbot/.venv/lib/python3.12/site-packages/aiohttp/resolver.py", line 40, in resolve
    infos = await self._loop.getaddrinfo(
            ^^^^^^^^^^^^^^^^^^^^^^^^^^^^^
  File "/usr/lib/python3.12/asyncio/base_events.py", line 901, in getaddrinfo
    return await self.run_in_executor(
           ^^^^^^^^^^^^^^^^^^^^^^^^^^^
  File "/usr/lib/python3.12/concurrent/futures/thread.py", line 58, in run
    result = self.fn(*self.args, **self.kwargs)
             ^^^^^^^^^^^^^^^^^^^^^^^^^^^^^^^^^^
  File "/usr/lib/python3.12/socket.py", line 963, in getaddrinfo
    for res in _socket.getaddrinfo(host, port, family, type, proto, flags):
               ^^^^^^^^^^^^^^^^^^^^^^^^^^^^^^^^^^^^^^^^^^^^^^^^^^^^^^^^^^^
socket.gaierror: [Errno -2] Name or service not known

The above exception was the direct cause of the following exception:

Traceback (most recent call last):
  File "/home/gavin/Discordbot/.venv/lib/python3.12/site-packages/discord/client.py", line 728, in connect
    self.ws = await asyncio.wait_for(coro, timeout=60.0)
              ^^^^^^^^^^^^^^^^^^^^^^^^^^^^^^^^^^^^^^^^^^
  File "/usr/lib/python3.12/asyncio/tasks.py", line 520, in wait_for
    return await fut
           ^^^^^^^^^
  File "/home/gavin/Discordbot/.venv/lib/python3.12/site-packages/discord/gateway.py", line 392, in from_client
    socket = await client.http.ws_connect(str(url))
             ^^^^^^^^^^^^^^^^^^^^^^^^^^^^^^^^^^^^^^
  File "/home/gavin/Discordbot/.venv/lib/python3.12/site-packages/discord/http.py", line 571, in ws_connect
    return await self.__session.ws_connect(url, **kwargs)
           ^^^^^^^^^^^^^^^^^^^^^^^^^^^^^^^^^^^^^^^^^^^^^^
  File "/home/gavin/Discordbot/.venv/lib/python3.12/site-packages/aiohttp/client.py", line 1076, in _ws_connect
    resp = await self.request(
           ^^^^^^^^^^^^^^^^^^^
  File "/home/gavin/Discordbot/.venv/lib/python3.12/site-packages/aiohttp/client.py", line 779, in _request
    resp = await handler(req)
           ^^^^^^^^^^^^^^^^^^
  File "/home/gavin/Discordbot/.venv/lib/python3.12/site-packages/aiohttp/client.py", line 734, in _connect_and_send_request
    conn = await self._connector.connect(
           ^^^^^^^^^^^^^^^^^^^^^^^^^^^^^^
  File "/home/gavin/Discordbot/.venv/lib/python3.12/site-packages/aiohttp/connector.py", line 672, in connect
    proto = await self._create_connection(req, traces, timeout)
            ^^^^^^^^^^^^^^^^^^^^^^^^^^^^^^^^^^^^^^^^^^^^^^^^^^^
  File "/home/gavin/Discordbot/.venv/lib/python3.12/site-packages/aiohttp/connector.py", line 1239, in _create_connection
    _, proto = await self._create_direct_connection(req, traces, timeout)
               ^^^^^^^^^^^^^^^^^^^^^^^^^^^^^^^^^^^^^^^^^^^^^^^^^^^^^^^^^^
  File "/home/gavin/Discordbot/.venv/lib/python3.12/site-packages/aiohttp/connector.py", line 1568, in _create_direct_connection
    raise ClientConnectorDNSError(req.connection_key, exc) from exc
aiohttp.client_exceptions.ClientConnectorDNSError: Cannot connect to host gateway-us-east1-b.discord.gg:443 ssl:default [Name or service not known]
2026-03-23 20:11:28,248 | ERROR    | discord.client | Attempting a reconnect in 504.83s
Traceback (most recent call last):
  File "/home/gavin/Discordbot/.venv/lib/python3.12/site-packages/aiohttp/connector.py", line 1562, in _create_direct_connection
    hosts = await self._resolve_host(host, port, traces=traces)
            ^^^^^^^^^^^^^^^^^^^^^^^^^^^^^^^^^^^^^^^^^^^^^^^^^^^
  File "/home/gavin/Discordbot/.venv/lib/python3.12/site-packages/aiohttp/connector.py", line 1178, in _resolve_host
    return await asyncio.shield(resolved_host_task)
           ^^^^^^^^^^^^^^^^^^^^^^^^^^^^^^^^^^^^^^^^
  File "/home/gavin/Discordbot/.venv/lib/python3.12/site-packages/aiohttp/connector.py", line 1209, in _resolve_host_with_throttle
    addrs = await self._resolver.resolve(host, port, family=self._family)
            ^^^^^^^^^^^^^^^^^^^^^^^^^^^^^^^^^^^^^^^^^^^^^^^^^^^^^^^^^^^^^
  File "/home/gavin/Discordbot/.venv/lib/python3.12/site-packages/aiohttp/resolver.py", line 40, in resolve
    infos = await self._loop.getaddrinfo(
            ^^^^^^^^^^^^^^^^^^^^^^^^^^^^^
  File "/usr/lib/python3.12/asyncio/base_events.py", line 901, in getaddrinfo
    return await self.run_in_executor(
           ^^^^^^^^^^^^^^^^^^^^^^^^^^^
  File "/usr/lib/python3.12/concurrent/futures/thread.py", line 58, in run
    result = self.fn(*self.args, **self.kwargs)
             ^^^^^^^^^^^^^^^^^^^^^^^^^^^^^^^^^^
  File "/usr/lib/python3.12/socket.py", line 963, in getaddrinfo
    for res in _socket.getaddrinfo(host, port, family, type, proto, flags):
               ^^^^^^^^^^^^^^^^^^^^^^^^^^^^^^^^^^^^^^^^^^^^^^^^^^^^^^^^^^^
socket.gaierror: [Errno -2] Name or service not known

The above exception was the direct cause of the following exception:

Traceback (most recent call last):
  File "/home/gavin/Discordbot/.venv/lib/python3.12/site-packages/discord/client.py", line 728, in connect
    self.ws = await asyncio.wait_for(coro, timeout=60.0)
              ^^^^^^^^^^^^^^^^^^^^^^^^^^^^^^^^^^^^^^^^^^
  File "/usr/lib/python3.12/asyncio/tasks.py", line 520, in wait_for
    return await fut
           ^^^^^^^^^
  File "/home/gavin/Discordbot/.venv/lib/python3.12/site-packages/discord/gateway.py", line 392, in from_client
    socket = await client.http.ws_connect(str(url))
             ^^^^^^^^^^^^^^^^^^^^^^^^^^^^^^^^^^^^^^
  File "/home/gavin/Discordbot/.venv/lib/python3.12/site-packages/discord/http.py", line 571, in ws_connect
    return await self.__session.ws_connect(url, **kwargs)
           ^^^^^^^^^^^^^^^^^^^^^^^^^^^^^^^^^^^^^^^^^^^^^^
  File "/home/gavin/Discordbot/.venv/lib/python3.12/site-packages/aiohttp/client.py", line 1076, in _ws_connect
    resp = await self.request(
           ^^^^^^^^^^^^^^^^^^^
  File "/home/gavin/Discordbot/.venv/lib/python3.12/site-packages/aiohttp/client.py", line 779, in _request
    resp = await handler(req)
           ^^^^^^^^^^^^^^^^^^
  File "/home/gavin/Discordbot/.venv/lib/python3.12/site-packages/aiohttp/client.py", line 734, in _connect_and_send_request
    conn = await self._connector.connect(
           ^^^^^^^^^^^^^^^^^^^^^^^^^^^^^^
  File "/home/gavin/Discordbot/.venv/lib/python3.12/site-packages/aiohttp/connector.py", line 672, in connect
    proto = await self._create_connection(req, traces, timeout)
            ^^^^^^^^^^^^^^^^^^^^^^^^^^^^^^^^^^^^^^^^^^^^^^^^^^^
  File "/home/gavin/Discordbot/.venv/lib/python3.12/site-packages/aiohttp/connector.py", line 1239, in _create_connection
    _, proto = await self._create_direct_connection(req, traces, timeout)
               ^^^^^^^^^^^^^^^^^^^^^^^^^^^^^^^^^^^^^^^^^^^^^^^^^^^^^^^^^^
  File "/home/gavin/Discordbot/.venv/lib/python3.12/site-packages/aiohttp/connector.py", line 1568, in _create_direct_connection
    raise ClientConnectorDNSError(req.connection_key, exc) from exc
aiohttp.client_exceptions.ClientConnectorDNSError: Cannot connect to host gateway-us-east1-b.discord.gg:443 ssl:default [Name or service not known]
2026-03-23 20:19:53,178 | ERROR    | discord.client | Attempting a reconnect in 623.79s
Traceback (most recent call last):
  File "/home/gavin/Discordbot/.venv/lib/python3.12/site-packages/aiohttp/connector.py", line 1562, in _create_direct_connection
    hosts = await self._resolve_host(host, port, traces=traces)
            ^^^^^^^^^^^^^^^^^^^^^^^^^^^^^^^^^^^^^^^^^^^^^^^^^^^
  File "/home/gavin/Discordbot/.venv/lib/python3.12/site-packages/aiohttp/connector.py", line 1178, in _resolve_host
    return await asyncio.shield(resolved_host_task)
           ^^^^^^^^^^^^^^^^^^^^^^^^^^^^^^^^^^^^^^^^
  File "/home/gavin/Discordbot/.venv/lib/python3.12/site-packages/aiohttp/connector.py", line 1209, in _resolve_host_with_throttle
    addrs = await self._resolver.resolve(host, port, family=self._family)
            ^^^^^^^^^^^^^^^^^^^^^^^^^^^^^^^^^^^^^^^^^^^^^^^^^^^^^^^^^^^^^
  File "/home/gavin/Discordbot/.venv/lib/python3.12/site-packages/aiohttp/resolver.py", line 40, in resolve
    infos = await self._loop.getaddrinfo(
            ^^^^^^^^^^^^^^^^^^^^^^^^^^^^^
  File "/usr/lib/python3.12/asyncio/base_events.py", line 901, in getaddrinfo
    return await self.run_in_executor(
           ^^^^^^^^^^^^^^^^^^^^^^^^^^^
  File "/usr/lib/python3.12/concurrent/futures/thread.py", line 58, in run
    result = self.fn(*self.args, **self.kwargs)
             ^^^^^^^^^^^^^^^^^^^^^^^^^^^^^^^^^^
  File "/usr/lib/python3.12/socket.py", line 963, in getaddrinfo
    for res in _socket.getaddrinfo(host, port, family, type, proto, flags):
               ^^^^^^^^^^^^^^^^^^^^^^^^^^^^^^^^^^^^^^^^^^^^^^^^^^^^^^^^^^^
socket.gaierror: [Errno -2] Name or service not known

The above exception was the direct cause of the following exception:

Traceback (most recent call last):
  File "/home/gavin/Discordbot/.venv/lib/python3.12/site-packages/discord/client.py", line 728, in connect
    self.ws = await asyncio.wait_for(coro, timeout=60.0)
              ^^^^^^^^^^^^^^^^^^^^^^^^^^^^^^^^^^^^^^^^^^
  File "/usr/lib/python3.12/asyncio/tasks.py", line 520, in wait_for
    return await fut
           ^^^^^^^^^
  File "/home/gavin/Discordbot/.venv/lib/python3.12/site-packages/discord/gateway.py", line 392, in from_client
    socket = await client.http.ws_connect(str(url))
             ^^^^^^^^^^^^^^^^^^^^^^^^^^^^^^^^^^^^^^
  File "/home/gavin/Discordbot/.venv/lib/python3.12/site-packages/discord/http.py", line 571, in ws_connect
    return await self.__session.ws_connect(url, **kwargs)
           ^^^^^^^^^^^^^^^^^^^^^^^^^^^^^^^^^^^^^^^^^^^^^^
  File "/home/gavin/Discordbot/.venv/lib/python3.12/site-packages/aiohttp/client.py", line 1076, in _ws_connect
    resp = await self.request(
           ^^^^^^^^^^^^^^^^^^^
  File "/home/gavin/Discordbot/.venv/lib/python3.12/site-packages/aiohttp/client.py", line 779, in _request
    resp = await handler(req)
           ^^^^^^^^^^^^^^^^^^
  File "/home/gavin/Discordbot/.venv/lib/python3.12/site-packages/aiohttp/client.py", line 734, in _connect_and_send_request
    conn = await self._connector.connect(
           ^^^^^^^^^^^^^^^^^^^^^^^^^^^^^^
  File "/home/gavin/Discordbot/.venv/lib/python3.12/site-packages/aiohttp/connector.py", line 672, in connect
    proto = await self._create_connection(req, traces, timeout)
            ^^^^^^^^^^^^^^^^^^^^^^^^^^^^^^^^^^^^^^^^^^^^^^^^^^^
  File "/home/gavin/Discordbot/.venv/lib/python3.12/site-packages/aiohttp/connector.py", line 1239, in _create_connection
    _, proto = await self._create_direct_connection(req, traces, timeout)
               ^^^^^^^^^^^^^^^^^^^^^^^^^^^^^^^^^^^^^^^^^^^^^^^^^^^^^^^^^^
  File "/home/gavin/Discordbot/.venv/lib/python3.12/site-packages/aiohttp/connector.py", line 1568, in _create_direct_connection
    raise ClientConnectorDNSError(req.connection_key, exc) from exc
aiohttp.client_exceptions.ClientConnectorDNSError: Cannot connect to host gateway-us-east1-b.discord.gg:443 ssl:default [Name or service not known]
2026-03-23 20:30:17,038 | ERROR    | discord.client | Attempting a reconnect in 660.21s
Traceback (most recent call last):
  File "/home/gavin/Discordbot/.venv/lib/python3.12/site-packages/aiohttp/connector.py", line 1562, in _create_direct_connection
    hosts = await self._resolve_host(host, port, traces=traces)
            ^^^^^^^^^^^^^^^^^^^^^^^^^^^^^^^^^^^^^^^^^^^^^^^^^^^
  File "/home/gavin/Discordbot/.venv/lib/python3.12/site-packages/aiohttp/connector.py", line 1178, in _resolve_host
    return await asyncio.shield(resolved_host_task)
           ^^^^^^^^^^^^^^^^^^^^^^^^^^^^^^^^^^^^^^^^
  File "/home/gavin/Discordbot/.venv/lib/python3.12/site-packages/aiohttp/connector.py", line 1209, in _resolve_host_with_throttle
    addrs = await self._resolver.resolve(host, port, family=self._family)
            ^^^^^^^^^^^^^^^^^^^^^^^^^^^^^^^^^^^^^^^^^^^^^^^^^^^^^^^^^^^^^
  File "/home/gavin/Discordbot/.venv/lib/python3.12/site-packages/aiohttp/resolver.py", line 40, in resolve
    infos = await self._loop.getaddrinfo(
            ^^^^^^^^^^^^^^^^^^^^^^^^^^^^^
  File "/usr/lib/python3.12/asyncio/base_events.py", line 901, in getaddrinfo
    return await self.run_in_executor(
           ^^^^^^^^^^^^^^^^^^^^^^^^^^^
  File "/usr/lib/python3.12/concurrent/futures/thread.py", line 58, in run
    result = self.fn(*self.args, **self.kwargs)
             ^^^^^^^^^^^^^^^^^^^^^^^^^^^^^^^^^^
  File "/usr/lib/python3.12/socket.py", line 963, in getaddrinfo
    for res in _socket.getaddrinfo(host, port, family, type, proto, flags):
               ^^^^^^^^^^^^^^^^^^^^^^^^^^^^^^^^^^^^^^^^^^^^^^^^^^^^^^^^^^^
socket.gaierror: [Errno -2] Name or service not known

The above exception was the direct cause of the following exception:

Traceback (most recent call last):
  File "/home/gavin/Discordbot/.venv/lib/python3.12/site-packages/discord/client.py", line 728, in connect
    self.ws = await asyncio.wait_for(coro, timeout=60.0)
              ^^^^^^^^^^^^^^^^^^^^^^^^^^^^^^^^^^^^^^^^^^
  File "/usr/lib/python3.12/asyncio/tasks.py", line 520, in wait_for
    return await fut
           ^^^^^^^^^
  File "/home/gavin/Discordbot/.venv/lib/python3.12/site-packages/discord/gateway.py", line 392, in from_client
    socket = await client.http.ws_connect(str(url))
             ^^^^^^^^^^^^^^^^^^^^^^^^^^^^^^^^^^^^^^
  File "/home/gavin/Discordbot/.venv/lib/python3.12/site-packages/discord/http.py", line 571, in ws_connect
    return await self.__session.ws_connect(url, **kwargs)
           ^^^^^^^^^^^^^^^^^^^^^^^^^^^^^^^^^^^^^^^^^^^^^^
  File "/home/gavin/Discordbot/.venv/lib/python3.12/site-packages/aiohttp/client.py", line 1076, in _ws_connect
    resp = await self.request(
           ^^^^^^^^^^^^^^^^^^^
  File "/home/gavin/Discordbot/.venv/lib/python3.12/site-packages/aiohttp/client.py", line 779, in _request
    resp = await handler(req)
           ^^^^^^^^^^^^^^^^^^
  File "/home/gavin/Discordbot/.venv/lib/python3.12/site-packages/aiohttp/client.py", line 734, in _connect_and_send_request
    conn = await self._connector.connect(
           ^^^^^^^^^^^^^^^^^^^^^^^^^^^^^^
  File "/home/gavin/Discordbot/.venv/lib/python3.12/site-packages/aiohttp/connector.py", line 672, in connect
    proto = await self._create_connection(req, traces, timeout)
            ^^^^^^^^^^^^^^^^^^^^^^^^^^^^^^^^^^^^^^^^^^^^^^^^^^^
  File "/home/gavin/Discordbot/.venv/lib/python3.12/site-packages/aiohttp/connector.py", line 1239, in _create_connection
    _, proto = await self._create_direct_connection(req, traces, timeout)
               ^^^^^^^^^^^^^^^^^^^^^^^^^^^^^^^^^^^^^^^^^^^^^^^^^^^^^^^^^^
  File "/home/gavin/Discordbot/.venv/lib/python3.12/site-packages/aiohttp/connector.py", line 1568, in _create_direct_connection
    raise ClientConnectorDNSError(req.connection_key, exc) from exc
aiohttp.client_exceptions.ClientConnectorDNSError: Cannot connect to host gateway-us-east1-b.discord.gg:443 ssl:default [Name or service not known]
2026-03-23 20:41:17,355 | ERROR    | discord.client | Attempting a reconnect in 526.80s
Traceback (most recent call last):
  File "/home/gavin/Discordbot/.venv/lib/python3.12/site-packages/aiohttp/connector.py", line 1562, in _create_direct_connection
    hosts = await self._resolve_host(host, port, traces=traces)
            ^^^^^^^^^^^^^^^^^^^^^^^^^^^^^^^^^^^^^^^^^^^^^^^^^^^
  File "/home/gavin/Discordbot/.venv/lib/python3.12/site-packages/aiohttp/connector.py", line 1178, in _resolve_host
    return await asyncio.shield(resolved_host_task)
           ^^^^^^^^^^^^^^^^^^^^^^^^^^^^^^^^^^^^^^^^
  File "/home/gavin/Discordbot/.venv/lib/python3.12/site-packages/aiohttp/connector.py", line 1209, in _resolve_host_with_throttle
    addrs = await self._resolver.resolve(host, port, family=self._family)
            ^^^^^^^^^^^^^^^^^^^^^^^^^^^^^^^^^^^^^^^^^^^^^^^^^^^^^^^^^^^^^
  File "/home/gavin/Discordbot/.venv/lib/python3.12/site-packages/aiohttp/resolver.py", line 40, in resolve
    infos = await self._loop.getaddrinfo(
            ^^^^^^^^^^^^^^^^^^^^^^^^^^^^^
  File "/usr/lib/python3.12/asyncio/base_events.py", line 901, in getaddrinfo
    return await self.run_in_executor(
           ^^^^^^^^^^^^^^^^^^^^^^^^^^^
  File "/usr/lib/python3.12/concurrent/futures/thread.py", line 58, in run
    result = self.fn(*self.args, **self.kwargs)
             ^^^^^^^^^^^^^^^^^^^^^^^^^^^^^^^^^^
  File "/usr/lib/python3.12/socket.py", line 963, in getaddrinfo
    for res in _socket.getaddrinfo(host, port, family, type, proto, flags):
               ^^^^^^^^^^^^^^^^^^^^^^^^^^^^^^^^^^^^^^^^^^^^^^^^^^^^^^^^^^^
socket.gaierror: [Errno -2] Name or service not known

The above exception was the direct cause of the following exception:

Traceback (most recent call last):
  File "/home/gavin/Discordbot/.venv/lib/python3.12/site-packages/discord/client.py", line 728, in connect
    self.ws = await asyncio.wait_for(coro, timeout=60.0)
              ^^^^^^^^^^^^^^^^^^^^^^^^^^^^^^^^^^^^^^^^^^
  File "/usr/lib/python3.12/asyncio/tasks.py", line 520, in wait_for
    return await fut
           ^^^^^^^^^
  File "/home/gavin/Discordbot/.venv/lib/python3.12/site-packages/discord/gateway.py", line 392, in from_client
    socket = await client.http.ws_connect(str(url))
             ^^^^^^^^^^^^^^^^^^^^^^^^^^^^^^^^^^^^^^
  File "/home/gavin/Discordbot/.venv/lib/python3.12/site-packages/discord/http.py", line 571, in ws_connect
    return await self.__session.ws_connect(url, **kwargs)
           ^^^^^^^^^^^^^^^^^^^^^^^^^^^^^^^^^^^^^^^^^^^^^^
  File "/home/gavin/Discordbot/.venv/lib/python3.12/site-packages/aiohttp/client.py", line 1076, in _ws_connect
    resp = await self.request(
           ^^^^^^^^^^^^^^^^^^^
  File "/home/gavin/Discordbot/.venv/lib/python3.12/site-packages/aiohttp/client.py", line 779, in _request
    resp = await handler(req)
           ^^^^^^^^^^^^^^^^^^
  File "/home/gavin/Discordbot/.venv/lib/python3.12/site-packages/aiohttp/client.py", line 734, in _connect_and_send_request
    conn = await self._connector.connect(
           ^^^^^^^^^^^^^^^^^^^^^^^^^^^^^^
  File "/home/gavin/Discordbot/.venv/lib/python3.12/site-packages/aiohttp/connector.py", line 672, in connect
    proto = await self._create_connection(req, traces, timeout)
            ^^^^^^^^^^^^^^^^^^^^^^^^^^^^^^^^^^^^^^^^^^^^^^^^^^^
  File "/home/gavin/Discordbot/.venv/lib/python3.12/site-packages/aiohttp/connector.py", line 1239, in _create_connection
    _, proto = await self._create_direct_connection(req, traces, timeout)
               ^^^^^^^^^^^^^^^^^^^^^^^^^^^^^^^^^^^^^^^^^^^^^^^^^^^^^^^^^^
  File "/home/gavin/Discordbot/.venv/lib/python3.12/site-packages/aiohttp/connector.py", line 1568, in _create_direct_connection
    raise ClientConnectorDNSError(req.connection_key, exc) from exc
aiohttp.client_exceptions.ClientConnectorDNSError: Cannot connect to host gateway-us-east1-b.discord.gg:443 ssl:default [Name or service not known]
2026-03-23 20:50:04,260 | ERROR    | discord.client | Attempting a reconnect in 90.47s
Traceback (most recent call last):
  File "/home/gavin/Discordbot/.venv/lib/python3.12/site-packages/aiohttp/connector.py", line 1562, in _create_direct_connection
    hosts = await self._resolve_host(host, port, traces=traces)
            ^^^^^^^^^^^^^^^^^^^^^^^^^^^^^^^^^^^^^^^^^^^^^^^^^^^
  File "/home/gavin/Discordbot/.venv/lib/python3.12/site-packages/aiohttp/connector.py", line 1178, in _resolve_host
    return await asyncio.shield(resolved_host_task)
           ^^^^^^^^^^^^^^^^^^^^^^^^^^^^^^^^^^^^^^^^
  File "/home/gavin/Discordbot/.venv/lib/python3.12/site-packages/aiohttp/connector.py", line 1209, in _resolve_host_with_throttle
    addrs = await self._resolver.resolve(host, port, family=self._family)
            ^^^^^^^^^^^^^^^^^^^^^^^^^^^^^^^^^^^^^^^^^^^^^^^^^^^^^^^^^^^^^
  File "/home/gavin/Discordbot/.venv/lib/python3.12/site-packages/aiohttp/resolver.py", line 40, in resolve
    infos = await self._loop.getaddrinfo(
            ^^^^^^^^^^^^^^^^^^^^^^^^^^^^^
  File "/usr/lib/python3.12/asyncio/base_events.py", line 901, in getaddrinfo
    return await self.run_in_executor(
           ^^^^^^^^^^^^^^^^^^^^^^^^^^^
  File "/usr/lib/python3.12/concurrent/futures/thread.py", line 58, in run
    result = self.fn(*self.args, **self.kwargs)
             ^^^^^^^^^^^^^^^^^^^^^^^^^^^^^^^^^^
  File "/usr/lib/python3.12/socket.py", line 963, in getaddrinfo
    for res in _socket.getaddrinfo(host, port, family, type, proto, flags):
               ^^^^^^^^^^^^^^^^^^^^^^^^^^^^^^^^^^^^^^^^^^^^^^^^^^^^^^^^^^^
socket.gaierror: [Errno -2] Name or service not known

The above exception was the direct cause of the following exception:

Traceback (most recent call last):
  File "/home/gavin/Discordbot/.venv/lib/python3.12/site-packages/discord/client.py", line 728, in connect
    self.ws = await asyncio.wait_for(coro, timeout=60.0)
              ^^^^^^^^^^^^^^^^^^^^^^^^^^^^^^^^^^^^^^^^^^
  File "/usr/lib/python3.12/asyncio/tasks.py", line 520, in wait_for
    return await fut
           ^^^^^^^^^
  File "/home/gavin/Discordbot/.venv/lib/python3.12/site-packages/discord/gateway.py", line 392, in from_client
    socket = await client.http.ws_connect(str(url))
             ^^^^^^^^^^^^^^^^^^^^^^^^^^^^^^^^^^^^^^
  File "/home/gavin/Discordbot/.venv/lib/python3.12/site-packages/discord/http.py", line 571, in ws_connect
    return await self.__session.ws_connect(url, **kwargs)
           ^^^^^^^^^^^^^^^^^^^^^^^^^^^^^^^^^^^^^^^^^^^^^^
  File "/home/gavin/Discordbot/.venv/lib/python3.12/site-packages/aiohttp/client.py", line 1076, in _ws_connect
    resp = await self.request(
           ^^^^^^^^^^^^^^^^^^^
  File "/home/gavin/Discordbot/.venv/lib/python3.12/site-packages/aiohttp/client.py", line 779, in _request
    resp = await handler(req)
           ^^^^^^^^^^^^^^^^^^
  File "/home/gavin/Discordbot/.venv/lib/python3.12/site-packages/aiohttp/client.py", line 734, in _connect_and_send_request
    conn = await self._connector.connect(
           ^^^^^^^^^^^^^^^^^^^^^^^^^^^^^^
  File "/home/gavin/Discordbot/.venv/lib/python3.12/site-packages/aiohttp/connector.py", line 672, in connect
    proto = await self._create_connection(req, traces, timeout)
            ^^^^^^^^^^^^^^^^^^^^^^^^^^^^^^^^^^^^^^^^^^^^^^^^^^^
  File "/home/gavin/Discordbot/.venv/lib/python3.12/site-packages/aiohttp/connector.py", line 1239, in _create_connection
    _, proto = await self._create_direct_connection(req, traces, timeout)
               ^^^^^^^^^^^^^^^^^^^^^^^^^^^^^^^^^^^^^^^^^^^^^^^^^^^^^^^^^^
  File "/home/gavin/Discordbot/.venv/lib/python3.12/site-packages/aiohttp/connector.py", line 1568, in _create_direct_connection
    raise ClientConnectorDNSError(req.connection_key, exc) from exc
aiohttp.client_exceptions.ClientConnectorDNSError: Cannot connect to host gateway-us-east1-b.discord.gg:443 ssl:default [Name or service not known]
2026-03-23 20:51:34,826 | ERROR    | discord.client | Attempting a reconnect in 836.82s
Traceback (most recent call last):
  File "/home/gavin/Discordbot/.venv/lib/python3.12/site-packages/aiohttp/connector.py", line 1562, in _create_direct_connection
    hosts = await self._resolve_host(host, port, traces=traces)
            ^^^^^^^^^^^^^^^^^^^^^^^^^^^^^^^^^^^^^^^^^^^^^^^^^^^
  File "/home/gavin/Discordbot/.venv/lib/python3.12/site-packages/aiohttp/connector.py", line 1178, in _resolve_host
    return await asyncio.shield(resolved_host_task)
           ^^^^^^^^^^^^^^^^^^^^^^^^^^^^^^^^^^^^^^^^
  File "/home/gavin/Discordbot/.venv/lib/python3.12/site-packages/aiohttp/connector.py", line 1209, in _resolve_host_with_throttle
    addrs = await self._resolver.resolve(host, port, family=self._family)
            ^^^^^^^^^^^^^^^^^^^^^^^^^^^^^^^^^^^^^^^^^^^^^^^^^^^^^^^^^^^^^
  File "/home/gavin/Discordbot/.venv/lib/python3.12/site-packages/aiohttp/resolver.py", line 40, in resolve
    infos = await self._loop.getaddrinfo(
            ^^^^^^^^^^^^^^^^^^^^^^^^^^^^^
  File "/usr/lib/python3.12/asyncio/base_events.py", line 901, in getaddrinfo
    return await self.run_in_executor(
           ^^^^^^^^^^^^^^^^^^^^^^^^^^^
  File "/usr/lib/python3.12/concurrent/futures/thread.py", line 58, in run
    result = self.fn(*self.args, **self.kwargs)
             ^^^^^^^^^^^^^^^^^^^^^^^^^^^^^^^^^^
  File "/usr/lib/python3.12/socket.py", line 963, in getaddrinfo
    for res in _socket.getaddrinfo(host, port, family, type, proto, flags):
               ^^^^^^^^^^^^^^^^^^^^^^^^^^^^^^^^^^^^^^^^^^^^^^^^^^^^^^^^^^^
socket.gaierror: [Errno -2] Name or service not known

The above exception was the direct cause of the following exception:

Traceback (most recent call last):
  File "/home/gavin/Discordbot/.venv/lib/python3.12/site-packages/discord/client.py", line 728, in connect
    self.ws = await asyncio.wait_for(coro, timeout=60.0)
              ^^^^^^^^^^^^^^^^^^^^^^^^^^^^^^^^^^^^^^^^^^
  File "/usr/lib/python3.12/asyncio/tasks.py", line 520, in wait_for
    return await fut
           ^^^^^^^^^
  File "/home/gavin/Discordbot/.venv/lib/python3.12/site-packages/discord/gateway.py", line 392, in from_client
    socket = await client.http.ws_connect(str(url))
             ^^^^^^^^^^^^^^^^^^^^^^^^^^^^^^^^^^^^^^
  File "/home/gavin/Discordbot/.venv/lib/python3.12/site-packages/discord/http.py", line 571, in ws_connect
    return await self.__session.ws_connect(url, **kwargs)
           ^^^^^^^^^^^^^^^^^^^^^^^^^^^^^^^^^^^^^^^^^^^^^^
  File "/home/gavin/Discordbot/.venv/lib/python3.12/site-packages/aiohttp/client.py", line 1076, in _ws_connect
    resp = await self.request(
           ^^^^^^^^^^^^^^^^^^^
  File "/home/gavin/Discordbot/.venv/lib/python3.12/site-packages/aiohttp/client.py", line 779, in _request
    resp = await handler(req)
           ^^^^^^^^^^^^^^^^^^
  File "/home/gavin/Discordbot/.venv/lib/python3.12/site-packages/aiohttp/client.py", line 734, in _connect_and_send_request
    conn = await self._connector.connect(
           ^^^^^^^^^^^^^^^^^^^^^^^^^^^^^^
  File "/home/gavin/Discordbot/.venv/lib/python3.12/site-packages/aiohttp/connector.py", line 672, in connect
    proto = await self._create_connection(req, traces, timeout)
            ^^^^^^^^^^^^^^^^^^^^^^^^^^^^^^^^^^^^^^^^^^^^^^^^^^^
  File "/home/gavin/Discordbot/.venv/lib/python3.12/site-packages/aiohttp/connector.py", line 1239, in _create_connection
    _, proto = await self._create_direct_connection(req, traces, timeout)
               ^^^^^^^^^^^^^^^^^^^^^^^^^^^^^^^^^^^^^^^^^^^^^^^^^^^^^^^^^^
  File "/home/gavin/Discordbot/.venv/lib/python3.12/site-packages/aiohttp/connector.py", line 1568, in _create_direct_connection
    raise ClientConnectorDNSError(req.connection_key, exc) from exc
aiohttp.client_exceptions.ClientConnectorDNSError: Cannot connect to host gateway-us-east1-b.discord.gg:443 ssl:default [Name or service not known]
2026-03-23 21:05:31,744 | ERROR    | discord.client | Attempting a reconnect in 1016.82s
Traceback (most recent call last):
  File "/home/gavin/Discordbot/.venv/lib/python3.12/site-packages/aiohttp/connector.py", line 1562, in _create_direct_connection
    hosts = await self._resolve_host(host, port, traces=traces)
            ^^^^^^^^^^^^^^^^^^^^^^^^^^^^^^^^^^^^^^^^^^^^^^^^^^^
  File "/home/gavin/Discordbot/.venv/lib/python3.12/site-packages/aiohttp/connector.py", line 1178, in _resolve_host
    return await asyncio.shield(resolved_host_task)
           ^^^^^^^^^^^^^^^^^^^^^^^^^^^^^^^^^^^^^^^^
  File "/home/gavin/Discordbot/.venv/lib/python3.12/site-packages/aiohttp/connector.py", line 1209, in _resolve_host_with_throttle
    addrs = await self._resolver.resolve(host, port, family=self._family)
            ^^^^^^^^^^^^^^^^^^^^^^^^^^^^^^^^^^^^^^^^^^^^^^^^^^^^^^^^^^^^^
  File "/home/gavin/Discordbot/.venv/lib/python3.12/site-packages/aiohttp/resolver.py", line 40, in resolve
    infos = await self._loop.getaddrinfo(
            ^^^^^^^^^^^^^^^^^^^^^^^^^^^^^
  File "/usr/lib/python3.12/asyncio/base_events.py", line 901, in getaddrinfo
    return await self.run_in_executor(
           ^^^^^^^^^^^^^^^^^^^^^^^^^^^
  File "/usr/lib/python3.12/concurrent/futures/thread.py", line 58, in run
    result = self.fn(*self.args, **self.kwargs)
             ^^^^^^^^^^^^^^^^^^^^^^^^^^^^^^^^^^
  File "/usr/lib/python3.12/socket.py", line 963, in getaddrinfo
    for res in _socket.getaddrinfo(host, port, family, type, proto, flags):
               ^^^^^^^^^^^^^^^^^^^^^^^^^^^^^^^^^^^^^^^^^^^^^^^^^^^^^^^^^^^
socket.gaierror: [Errno -2] Name or service not known

The above exception was the direct cause of the following exception:

Traceback (most recent call last):
  File "/home/gavin/Discordbot/.venv/lib/python3.12/site-packages/discord/client.py", line 728, in connect
    self.ws = await asyncio.wait_for(coro, timeout=60.0)
              ^^^^^^^^^^^^^^^^^^^^^^^^^^^^^^^^^^^^^^^^^^
  File "/usr/lib/python3.12/asyncio/tasks.py", line 520, in wait_for
    return await fut
           ^^^^^^^^^
  File "/home/gavin/Discordbot/.venv/lib/python3.12/site-packages/discord/gateway.py", line 392, in from_client
    socket = await client.http.ws_connect(str(url))
             ^^^^^^^^^^^^^^^^^^^^^^^^^^^^^^^^^^^^^^
  File "/home/gavin/Discordbot/.venv/lib/python3.12/site-packages/discord/http.py", line 571, in ws_connect
    return await self.__session.ws_connect(url, **kwargs)
           ^^^^^^^^^^^^^^^^^^^^^^^^^^^^^^^^^^^^^^^^^^^^^^
  File "/home/gavin/Discordbot/.venv/lib/python3.12/site-packages/aiohttp/client.py", line 1076, in _ws_connect
    resp = await self.request(
           ^^^^^^^^^^^^^^^^^^^
  File "/home/gavin/Discordbot/.venv/lib/python3.12/site-packages/aiohttp/client.py", line 779, in _request
    resp = await handler(req)
           ^^^^^^^^^^^^^^^^^^
  File "/home/gavin/Discordbot/.venv/lib/python3.12/site-packages/aiohttp/client.py", line 734, in _connect_and_send_request
    conn = await self._connector.connect(
           ^^^^^^^^^^^^^^^^^^^^^^^^^^^^^^
  File "/home/gavin/Discordbot/.venv/lib/python3.12/site-packages/aiohttp/connector.py", line 672, in connect
    proto = await self._create_connection(req, traces, timeout)
            ^^^^^^^^^^^^^^^^^^^^^^^^^^^^^^^^^^^^^^^^^^^^^^^^^^^
  File "/home/gavin/Discordbot/.venv/lib/python3.12/site-packages/aiohttp/connector.py", line 1239, in _create_connection
    _, proto = await self._create_direct_connection(req, traces, timeout)
               ^^^^^^^^^^^^^^^^^^^^^^^^^^^^^^^^^^^^^^^^^^^^^^^^^^^^^^^^^^
  File "/home/gavin/Discordbot/.venv/lib/python3.12/site-packages/aiohttp/connector.py", line 1568, in _create_direct_connection
    raise ClientConnectorDNSError(req.connection_key, exc) from exc
aiohttp.client_exceptions.ClientConnectorDNSError: Cannot connect to host gateway-us-east1-b.discord.gg:443 ssl:default [Name or service not known]
2026-03-23 21:22:28,668 | ERROR    | discord.client | Attempting a reconnect in 914.98s
Traceback (most recent call last):
  File "/home/gavin/Discordbot/.venv/lib/python3.12/site-packages/aiohttp/connector.py", line 1562, in _create_direct_connection
    hosts = await self._resolve_host(host, port, traces=traces)
            ^^^^^^^^^^^^^^^^^^^^^^^^^^^^^^^^^^^^^^^^^^^^^^^^^^^
  File "/home/gavin/Discordbot/.venv/lib/python3.12/site-packages/aiohttp/connector.py", line 1178, in _resolve_host
    return await asyncio.shield(resolved_host_task)
           ^^^^^^^^^^^^^^^^^^^^^^^^^^^^^^^^^^^^^^^^
  File "/home/gavin/Discordbot/.venv/lib/python3.12/site-packages/aiohttp/connector.py", line 1209, in _resolve_host_with_throttle
    addrs = await self._resolver.resolve(host, port, family=self._family)
            ^^^^^^^^^^^^^^^^^^^^^^^^^^^^^^^^^^^^^^^^^^^^^^^^^^^^^^^^^^^^^
  File "/home/gavin/Discordbot/.venv/lib/python3.12/site-packages/aiohttp/resolver.py", line 40, in resolve
    infos = await self._loop.getaddrinfo(
            ^^^^^^^^^^^^^^^^^^^^^^^^^^^^^
  File "/usr/lib/python3.12/asyncio/base_events.py", line 901, in getaddrinfo
    return await self.run_in_executor(
           ^^^^^^^^^^^^^^^^^^^^^^^^^^^
  File "/usr/lib/python3.12/concurrent/futures/thread.py", line 58, in run
    result = self.fn(*self.args, **self.kwargs)
             ^^^^^^^^^^^^^^^^^^^^^^^^^^^^^^^^^^
  File "/usr/lib/python3.12/socket.py", line 963, in getaddrinfo
    for res in _socket.getaddrinfo(host, port, family, type, proto, flags):
               ^^^^^^^^^^^^^^^^^^^^^^^^^^^^^^^^^^^^^^^^^^^^^^^^^^^^^^^^^^^
socket.gaierror: [Errno -2] Name or service not known

The above exception was the direct cause of the following exception:

Traceback (most recent call last):
  File "/home/gavin/Discordbot/.venv/lib/python3.12/site-packages/discord/client.py", line 728, in connect
    self.ws = await asyncio.wait_for(coro, timeout=60.0)
              ^^^^^^^^^^^^^^^^^^^^^^^^^^^^^^^^^^^^^^^^^^
  File "/usr/lib/python3.12/asyncio/tasks.py", line 520, in wait_for
    return await fut
           ^^^^^^^^^
  File "/home/gavin/Discordbot/.venv/lib/python3.12/site-packages/discord/gateway.py", line 392, in from_client
    socket = await client.http.ws_connect(str(url))
             ^^^^^^^^^^^^^^^^^^^^^^^^^^^^^^^^^^^^^^
  File "/home/gavin/Discordbot/.venv/lib/python3.12/site-packages/discord/http.py", line 571, in ws_connect
    return await self.__session.ws_connect(url, **kwargs)
           ^^^^^^^^^^^^^^^^^^^^^^^^^^^^^^^^^^^^^^^^^^^^^^
  File "/home/gavin/Discordbot/.venv/lib/python3.12/site-packages/aiohttp/client.py", line 1076, in _ws_connect
    resp = await self.request(
           ^^^^^^^^^^^^^^^^^^^
  File "/home/gavin/Discordbot/.venv/lib/python3.12/site-packages/aiohttp/client.py", line 779, in _request
    resp = await handler(req)
           ^^^^^^^^^^^^^^^^^^
  File "/home/gavin/Discordbot/.venv/lib/python3.12/site-packages/aiohttp/client.py", line 734, in _connect_and_send_request
    conn = await self._connector.connect(
           ^^^^^^^^^^^^^^^^^^^^^^^^^^^^^^
  File "/home/gavin/Discordbot/.venv/lib/python3.12/site-packages/aiohttp/connector.py", line 672, in connect
    proto = await self._create_connection(req, traces, timeout)
            ^^^^^^^^^^^^^^^^^^^^^^^^^^^^^^^^^^^^^^^^^^^^^^^^^^^
  File "/home/gavin/Discordbot/.venv/lib/python3.12/site-packages/aiohttp/connector.py", line 1239, in _create_connection
    _, proto = await self._create_direct_connection(req, traces, timeout)
               ^^^^^^^^^^^^^^^^^^^^^^^^^^^^^^^^^^^^^^^^^^^^^^^^^^^^^^^^^^
  File "/home/gavin/Discordbot/.venv/lib/python3.12/site-packages/aiohttp/connector.py", line 1568, in _create_direct_connection
    raise ClientConnectorDNSError(req.connection_key, exc) from exc
aiohttp.client_exceptions.ClientConnectorDNSError: Cannot connect to host gateway-us-east1-b.discord.gg:443 ssl:default [Name or service not known]
2026-03-23 21:37:43,743 | ERROR    | discord.client | Attempting a reconnect in 993.91s
Traceback (most recent call last):
  File "/home/gavin/Discordbot/.venv/lib/python3.12/site-packages/aiohttp/connector.py", line 1562, in _create_direct_connection
    hosts = await self._resolve_host(host, port, traces=traces)
            ^^^^^^^^^^^^^^^^^^^^^^^^^^^^^^^^^^^^^^^^^^^^^^^^^^^
  File "/home/gavin/Discordbot/.venv/lib/python3.12/site-packages/aiohttp/connector.py", line 1178, in _resolve_host
    return await asyncio.shield(resolved_host_task)
           ^^^^^^^^^^^^^^^^^^^^^^^^^^^^^^^^^^^^^^^^
  File "/home/gavin/Discordbot/.venv/lib/python3.12/site-packages/aiohttp/connector.py", line 1209, in _resolve_host_with_throttle
    addrs = await self._resolver.resolve(host, port, family=self._family)
            ^^^^^^^^^^^^^^^^^^^^^^^^^^^^^^^^^^^^^^^^^^^^^^^^^^^^^^^^^^^^^
  File "/home/gavin/Discordbot/.venv/lib/python3.12/site-packages/aiohttp/resolver.py", line 40, in resolve
    infos = await self._loop.getaddrinfo(
            ^^^^^^^^^^^^^^^^^^^^^^^^^^^^^
  File "/usr/lib/python3.12/asyncio/base_events.py", line 901, in getaddrinfo
    return await self.run_in_executor(
           ^^^^^^^^^^^^^^^^^^^^^^^^^^^
  File "/usr/lib/python3.12/concurrent/futures/thread.py", line 58, in run
    result = self.fn(*self.args, **self.kwargs)
             ^^^^^^^^^^^^^^^^^^^^^^^^^^^^^^^^^^
  File "/usr/lib/python3.12/socket.py", line 963, in getaddrinfo
    for res in _socket.getaddrinfo(host, port, family, type, proto, flags):
               ^^^^^^^^^^^^^^^^^^^^^^^^^^^^^^^^^^^^^^^^^^^^^^^^^^^^^^^^^^^
socket.gaierror: [Errno -2] Name or service not known

The above exception was the direct cause of the following exception:

Traceback (most recent call last):
  File "/home/gavin/Discordbot/.venv/lib/python3.12/site-packages/discord/client.py", line 728, in connect
    self.ws = await asyncio.wait_for(coro, timeout=60.0)
              ^^^^^^^^^^^^^^^^^^^^^^^^^^^^^^^^^^^^^^^^^^
  File "/usr/lib/python3.12/asyncio/tasks.py", line 520, in wait_for
    return await fut
           ^^^^^^^^^
  File "/home/gavin/Discordbot/.venv/lib/python3.12/site-packages/discord/gateway.py", line 392, in from_client
    socket = await client.http.ws_connect(str(url))
             ^^^^^^^^^^^^^^^^^^^^^^^^^^^^^^^^^^^^^^
  File "/home/gavin/Discordbot/.venv/lib/python3.12/site-packages/discord/http.py", line 571, in ws_connect
    return await self.__session.ws_connect(url, **kwargs)
           ^^^^^^^^^^^^^^^^^^^^^^^^^^^^^^^^^^^^^^^^^^^^^^
  File "/home/gavin/Discordbot/.venv/lib/python3.12/site-packages/aiohttp/client.py", line 1076, in _ws_connect
    resp = await self.request(
           ^^^^^^^^^^^^^^^^^^^
  File "/home/gavin/Discordbot/.venv/lib/python3.12/site-packages/aiohttp/client.py", line 779, in _request
    resp = await handler(req)
           ^^^^^^^^^^^^^^^^^^
  File "/home/gavin/Discordbot/.venv/lib/python3.12/site-packages/aiohttp/client.py", line 734, in _connect_and_send_request
    conn = await self._connector.connect(
           ^^^^^^^^^^^^^^^^^^^^^^^^^^^^^^
  File "/home/gavin/Discordbot/.venv/lib/python3.12/site-packages/aiohttp/connector.py", line 672, in connect
    proto = await self._create_connection(req, traces, timeout)
            ^^^^^^^^^^^^^^^^^^^^^^^^^^^^^^^^^^^^^^^^^^^^^^^^^^^
  File "/home/gavin/Discordbot/.venv/lib/python3.12/site-packages/aiohttp/connector.py", line 1239, in _create_connection
    _, proto = await self._create_direct_connection(req, traces, timeout)
               ^^^^^^^^^^^^^^^^^^^^^^^^^^^^^^^^^^^^^^^^^^^^^^^^^^^^^^^^^^
  File "/home/gavin/Discordbot/.venv/lib/python3.12/site-packages/aiohttp/connector.py", line 1568, in _create_direct_connection
    raise ClientConnectorDNSError(req.connection_key, exc) from exc
aiohttp.client_exceptions.ClientConnectorDNSError: Cannot connect to host gateway-us-east1-b.discord.gg:443 ssl:default [Name or service not known]
2026-03-24 08:46:13,360 | WARNING  | discord.client | PyNaCl is not installed, voice will NOT be supported
2026-03-24 08:46:13,360 | WARNING  | discord.client | davey is not installed, voice will NOT be supported
2026-03-24 08:46:13,594 | INFO     | discord.client | logging in using static token
2026-03-24 08:46:14,928 | INFO     | discord.gateway | Shard ID None has connected to Gateway (Session ID: e09f3e3f9a97ec50f9675e217c4a446d).
2026-03-24 10:15:59,413 | WARNING  | discord.client | PyNaCl is not installed, voice will NOT be supported
2026-03-24 10:15:59,413 | WARNING  | discord.client | davey is not installed, voice will NOT be supported
2026-03-24 10:15:59,668 | INFO     | discord.client | logging in using static token
2026-03-24 10:16:00,800 | INFO     | discord.gateway | Shard ID None has connected to Gateway (Session ID: 996610abbfa610a9f90d656a0e670146).
2026-03-24 13:03:46,827 | INFO     | discord.gateway | Shard ID None has successfully RESUMED session 996610abbfa610a9f90d656a0e670146.
2026-03-24 14:41:08,300 | INFO     | discord.gateway | Shard ID None has successfully RESUMED session 996610abbfa610a9f90d656a0e670146.
2026-03-24 15:38:12,133 | INFO     | discord.gateway | Shard ID None has successfully RESUMED session 996610abbfa610a9f90d656a0e670146.
2026-03-24 16:13:25,830 | INFO     | discord.gateway | Shard ID None has successfully RESUMED session 996610abbfa610a9f90d656a0e670146.
2026-03-24 19:12:45,438 | WARNING  | discord.client | PyNaCl is not installed, voice will NOT be supported
2026-03-24 19:12:45,439 | WARNING  | discord.client | davey is not installed, voice will NOT be supported
2026-03-24 19:12:45,693 | INFO     | discord.client | logging in using static token
2026-03-24 19:12:46,689 | INFO     | discord.gateway | Shard ID None has connected to Gateway (Session ID: 554a3b92ad1ce96465a2f299cb6f592f).
2026-03-24 23:11:56,938 | INFO     | discord.gateway | Shard ID None has successfully RESUMED session 554a3b92ad1ce96465a2f299cb6f592f.
2026-03-24 23:38:03,134 | INFO     | discord.gateway | Shard ID None has successfully RESUMED session 554a3b92ad1ce96465a2f299cb6f592f.
2026-03-25 01:48:42,127 | INFO     | discord.gateway | Shard ID None has successfully RESUMED session 554a3b92ad1ce96465a2f299cb6f592f.
2026-03-25 02:49:12,520 | INFO     | discord.gateway | Shard ID None has successfully RESUMED session 554a3b92ad1ce96465a2f299cb6f592f.
2026-03-25 03:04:23,657 | INFO     | discord.gateway | Shard ID None has successfully RESUMED session 554a3b92ad1ce96465a2f299cb6f592f.
2026-03-25 03:41:31,559 | INFO     | discord.gateway | Shard ID None has successfully RESUMED session 554a3b92ad1ce96465a2f299cb6f592f.
2026-03-25 05:50:55,613 | INFO     | discord.gateway | Shard ID None has successfully RESUMED session 554a3b92ad1ce96465a2f299cb6f592f.
2026-03-25 06:57:43,274 | INFO     | discord.gateway | Shard ID None has successfully RESUMED session 554a3b92ad1ce96465a2f299cb6f592f.
2026-03-25 07:52:37,748 | INFO     | discord.gateway | Shard ID None has successfully RESUMED session 554a3b92ad1ce96465a2f299cb6f592f.
2026-03-25 10:51:07,093 | WARNING  | discord.client | PyNaCl is not installed, voice will NOT be supported
2026-03-25 10:51:07,094 | WARNING  | discord.client | davey is not installed, voice will NOT be supported
2026-03-25 10:51:07,267 | INFO     | discord.client | logging in using static token
2026-03-25 10:51:08,460 | INFO     | discord.gateway | Shard ID None has connected to Gateway (Session ID: c418c793179d0689e052c4cabbd3d5b1).
2026-03-25 12:02:21,027 | INFO     | discord.gateway | Shard ID None has successfully RESUMED session c418c793179d0689e052c4cabbd3d5b1.
2026-03-25 13:04:48,721 | INFO     | discord.gateway | Shard ID None has successfully RESUMED session c418c793179d0689e052c4cabbd3d5b1.
2026-03-25 14:39:00,657 | INFO     | discord.gateway | Shard ID None has successfully RESUMED session c418c793179d0689e052c4cabbd3d5b1.
2026-03-25 16:59:35,448 | INFO     | discord.gateway | Shard ID None has successfully RESUMED session c418c793179d0689e052c4cabbd3d5b1.
2026-03-25 17:25:37,194 | INFO     | discord.gateway | Shard ID None has successfully RESUMED session c418c793179d0689e052c4cabbd3d5b1.
2026-03-25 20:49:21,474 | WARNING  | discord.client | PyNaCl is not installed, voice will NOT be supported
2026-03-25 20:49:21,474 | WARNING  | discord.client | davey is not installed, voice will NOT be supported
2026-03-25 20:49:21,711 | INFO     | discord.client | logging in using static token
2026-03-25 20:49:23,608 | INFO     | discord.gateway | Shard ID None has connected to Gateway (Session ID: 6cfc7e5b375fde93767e26e725671840).
2026-03-25 21:04:19,833 | INFO     | discord.gateway | Shard ID None session has been invalidated.
2026-03-25 21:04:25,492 | INFO     | discord.gateway | Shard ID None has connected to Gateway (Session ID: 400671a94145cb95d4fbc6abe6d5b9fd).
2026-03-25 21:33:29,092 | INFO     | discord.gateway | Shard ID None session has been invalidated.
2026-03-25 21:33:34,597 | INFO     | discord.gateway | Shard ID None has connected to Gateway (Session ID: 8c156c2c88dfc18edc9fa55dc727c7fa).
2026-03-25 22:09:56,446 | INFO     | discord.gateway | Shard ID None session has been invalidated.
2026-03-25 22:10:02,003 | INFO     | discord.gateway | Shard ID None has connected to Gateway (Session ID: d409edc29c26273e49f231b37789b32f).
2026-03-25 22:12:53,807 | INFO     | discord.gateway | Shard ID None session has been invalidated.
2026-03-25 22:12:59,273 | INFO     | discord.gateway | Shard ID None has connected to Gateway (Session ID: b2e04edfe9599045f96cc38996f2d41b).
2026-03-25 22:21:27,738 | INFO     | discord.gateway | Shard ID None session has been invalidated.
2026-03-25 22:21:33,191 | INFO     | discord.gateway | Shard ID None has connected to Gateway (Session ID: 863e03ee7ce11bfa2c5e0b9b039db547).
2026-03-25 22:47:23,516 | INFO     | discord.gateway | Shard ID None session has been invalidated.
2026-03-25 22:47:29,029 | INFO     | discord.gateway | Shard ID None has connected to Gateway (Session ID: bf72a1b9af19b2160b8f93347da690ef).
2026-03-25 23:57:10,126 | INFO     | discord.gateway | Shard ID None session has been invalidated.
2026-03-25 23:57:15,788 | INFO     | discord.gateway | Shard ID None has connected to Gateway (Session ID: 82f1b0fdab71679923172a157d617550).
2026-03-26 08:39:43,662 | INFO     | discord.gateway | Shard ID None session has been invalidated.
2026-03-26 08:39:49,179 | INFO     | discord.gateway | Shard ID None has connected to Gateway (Session ID: a61e64694201d06047af06f7f7247d64).
2026-03-26 08:39:57,246 | WARNING  | discord.client | PyNaCl is not installed, voice will NOT be supported
2026-03-26 08:39:57,247 | WARNING  | discord.client | davey is not installed, voice will NOT be supported
2026-03-26 08:39:57,391 | INFO     | discord.client | logging in using static token
2026-03-26 08:39:58,443 | INFO     | discord.gateway | Shard ID None has connected to Gateway (Session ID: 67efa250303dd13c80aaf8c6ae368f2e).
2026-03-26 08:49:48,882 | INFO     | discord.gateway | Shard ID None has successfully RESUMED session 67efa250303dd13c80aaf8c6ae368f2e.
2026-03-26 09:01:09,551 | INFO     | discord.gateway | Shard ID None session has been invalidated.
2026-03-26 09:01:15,054 | INFO     | discord.gateway | Shard ID None has connected to Gateway (Session ID: 1869aa6922e3c65e5a117aa393a661a6).
2026-03-26 09:14:32,472 | INFO     | discord.gateway | Shard ID None has successfully RESUMED session 1869aa6922e3c65e5a117aa393a661a6.
2026-03-26 09:18:59,605 | INFO     | discord.gateway | Shard ID None session has been invalidated.
2026-03-26 09:19:05,216 | INFO     | discord.gateway | Shard ID None has connected to Gateway (Session ID: c9c8c6efc2422282861f97c1f1299721).
2026-03-26 11:41:14,610 | INFO     | discord.gateway | Shard ID None session has been invalidated.
2026-03-26 11:41:20,095 | INFO     | discord.gateway | Shard ID None has connected to Gateway (Session ID: 9e80d97f74c562e732bfa7dce2934ea1).
2026-03-26 11:47:03,277 | INFO     | discord.gateway | Shard ID None session has been invalidated.
2026-03-26 11:47:08,787 | INFO     | discord.gateway | Shard ID None has connected to Gateway (Session ID: 8d085ecb46c3fb6813cca91d7a2184f6).
2026-03-26 11:55:47,978 | INFO     | discord.gateway | Shard ID None session has been invalidated.
2026-03-26 11:55:53,480 | INFO     | discord.gateway | Shard ID None has connected to Gateway (Session ID: f4ef962c9ca1c6e7541ab7d4aa2f6565).
2026-03-26 11:59:08,001 | INFO     | discord.gateway | Shard ID None has successfully RESUMED session f4ef962c9ca1c6e7541ab7d4aa2f6565.
2026-03-26 12:18:35,620 | INFO     | discord.gateway | Shard ID None session has been invalidated.
2026-03-26 12:18:41,089 | INFO     | discord.gateway | Shard ID None has connected to Gateway (Session ID: a9ab6260e055efecb1a5619b2e0e2ad2).
2026-03-26 13:14:56,032 | INFO     | discord.gateway | Shard ID None session has been invalidated.
2026-03-26 13:15:01,872 | INFO     | discord.gateway | Shard ID None has connected to Gateway (Session ID: 5475c5202d34341c95d2efba50b3b5dd).
2026-03-26 13:30:17,505 | INFO     | discord.gateway | Shard ID None has successfully RESUMED session 5475c5202d34341c95d2efba50b3b5dd.
2026-03-26 13:36:22,094 | INFO     | discord.gateway | Shard ID None has successfully RESUMED session 5475c5202d34341c95d2efba50b3b5dd.
2026-03-26 13:37:26,459 | INFO     | discord.gateway | Shard ID None has successfully RESUMED session 5475c5202d34341c95d2efba50b3b5dd.
2026-03-26 14:06:31,211 | INFO     | discord.gateway | Shard ID None session has been invalidated.
2026-03-26 14:06:36,726 | INFO     | discord.gateway | Shard ID None has connected to Gateway (Session ID: 8d8be18e0dc7ff7188e137cd3ddbe5e9).
2026-03-26 14:35:24,699 | INFO     | discord.gateway | Shard ID None session has been invalidated.
2026-03-26 14:35:30,412 | INFO     | discord.gateway | Shard ID None has connected to Gateway (Session ID: 001dfb663602495ea7a29bedf4ba702d).
2026-03-26 14:51:30,969 | INFO     | discord.gateway | Shard ID None session has been invalidated.
2026-03-26 14:51:36,495 | INFO     | discord.gateway | Shard ID None has connected to Gateway (Session ID: 1d1970ea60839044e770e1392ef7e82c).
2026-03-26 15:07:57,097 | INFO     | discord.gateway | Shard ID None session has been invalidated.
2026-03-26 15:08:02,574 | INFO     | discord.gateway | Shard ID None has connected to Gateway (Session ID: da1dd268c3ef117e550eb41101e3d88f).
2026-03-26 15:50:11,927 | INFO     | discord.gateway | Shard ID None has successfully RESUMED session da1dd268c3ef117e550eb41101e3d88f.
2026-03-26 16:40:41,130 | INFO     | discord.gateway | Shard ID None session has been invalidated.
2026-03-26 16:40:46,651 | INFO     | discord.gateway | Shard ID None has connected to Gateway (Session ID: c6262555e7357ac345c2be2cd83315cb).
2026-03-26 19:34:58,571 | INFO     | discord.gateway | Shard ID None session has been invalidated.
2026-03-26 19:35:04,178 | INFO     | discord.gateway | Shard ID None has connected to Gateway (Session ID: c567cd2eff3f0b5d712e68d2dc400b15).
2026-03-26 22:56:31,266 | INFO     | discord.gateway | Shard ID None session has been invalidated.
2026-03-26 22:56:36,874 | INFO     | discord.gateway | Shard ID None has connected to Gateway (Session ID: becfc84fa5217a8d779b00c55bb46b4a).
2026-03-27 00:06:03,411 | INFO     | discord.gateway | Shard ID None session has been invalidated.
2026-03-27 00:06:09,117 | INFO     | discord.gateway | Shard ID None has connected to Gateway (Session ID: ba4beef902d952bbb0413393c034e68d).
2026-03-27 00:06:19,291 | WARNING  | discord.client | PyNaCl is not installed, voice will NOT be supported
2026-03-27 00:06:19,291 | WARNING  | discord.client | davey is not installed, voice will NOT be supported
2026-03-27 00:06:19,506 | INFO     | discord.client | logging in using static token
2026-03-27 00:06:20,689 | INFO     | discord.gateway | Shard ID None has connected to Gateway (Session ID: 6fc7c96914950c9b00b2857f89a6f054).
2026-03-27 08:02:40,241 | INFO     | discord.gateway | Shard ID None session has been invalidated.
2026-03-27 08:02:46,256 | INFO     | discord.gateway | Shard ID None has connected to Gateway (Session ID: 784c9f776de5d9e65ec858cee60f9e08).
2026-03-27 08:17:59,740 | INFO     | discord.gateway | Shard ID None session has been invalidated.
2026-03-27 08:18:05,414 | INFO     | discord.gateway | Shard ID None has connected to Gateway (Session ID: 5c937d0ade5728742ee9d75565e1b191).
2026-03-27 08:53:01,808 | INFO     | discord.gateway | Shard ID None session has been invalidated.
2026-03-27 08:53:07,655 | INFO     | discord.gateway | Shard ID None has connected to Gateway (Session ID: 7e6e513f8ca29ebaf0292a08162a8bb5).
2026-03-27 09:11:54,592 | INFO     | discord.gateway | Shard ID None session has been invalidated.
2026-03-27 09:12:00,070 | INFO     | discord.gateway | Shard ID None has connected to Gateway (Session ID: a4196871c4418d5b5c57b995d3cce0da).
2026-03-27 11:02:00,851 | ERROR    | discord.client | Attempting a reconnect in 1.79s
Traceback (most recent call last):
  File "/home/gavin/Discordbot/.venv/lib/python3.12/site-packages/aiohttp/connector.py", line 1562, in _create_direct_connection
    hosts = await self._resolve_host(host, port, traces=traces)
            ^^^^^^^^^^^^^^^^^^^^^^^^^^^^^^^^^^^^^^^^^^^^^^^^^^^
  File "/home/gavin/Discordbot/.venv/lib/python3.12/site-packages/aiohttp/connector.py", line 1178, in _resolve_host
    return await asyncio.shield(resolved_host_task)
           ^^^^^^^^^^^^^^^^^^^^^^^^^^^^^^^^^^^^^^^^
  File "/home/gavin/Discordbot/.venv/lib/python3.12/site-packages/aiohttp/connector.py", line 1209, in _resolve_host_with_throttle
    addrs = await self._resolver.resolve(host, port, family=self._family)
            ^^^^^^^^^^^^^^^^^^^^^^^^^^^^^^^^^^^^^^^^^^^^^^^^^^^^^^^^^^^^^
  File "/home/gavin/Discordbot/.venv/lib/python3.12/site-packages/aiohttp/resolver.py", line 40, in resolve
    infos = await self._loop.getaddrinfo(
            ^^^^^^^^^^^^^^^^^^^^^^^^^^^^^
  File "/usr/lib/python3.12/asyncio/base_events.py", line 901, in getaddrinfo
    return await self.run_in_executor(
           ^^^^^^^^^^^^^^^^^^^^^^^^^^^
  File "/usr/lib/python3.12/concurrent/futures/thread.py", line 58, in run
    result = self.fn(*self.args, **self.kwargs)
             ^^^^^^^^^^^^^^^^^^^^^^^^^^^^^^^^^^
  File "/usr/lib/python3.12/socket.py", line 963, in getaddrinfo
    for res in _socket.getaddrinfo(host, port, family, type, proto, flags):
               ^^^^^^^^^^^^^^^^^^^^^^^^^^^^^^^^^^^^^^^^^^^^^^^^^^^^^^^^^^^
socket.gaierror: [Errno -2] Name or service not known

The above exception was the direct cause of the following exception:

Traceback (most recent call last):
  File "/home/gavin/Discordbot/.venv/lib/python3.12/site-packages/discord/client.py", line 728, in connect
    self.ws = await asyncio.wait_for(coro, timeout=60.0)
              ^^^^^^^^^^^^^^^^^^^^^^^^^^^^^^^^^^^^^^^^^^
  File "/usr/lib/python3.12/asyncio/tasks.py", line 520, in wait_for
    return await fut
           ^^^^^^^^^
  File "/home/gavin/Discordbot/.venv/lib/python3.12/site-packages/discord/gateway.py", line 392, in from_client
    socket = await client.http.ws_connect(str(url))
             ^^^^^^^^^^^^^^^^^^^^^^^^^^^^^^^^^^^^^^
  File "/home/gavin/Discordbot/.venv/lib/python3.12/site-packages/discord/http.py", line 571, in ws_connect
    return await self.__session.ws_connect(url, **kwargs)
           ^^^^^^^^^^^^^^^^^^^^^^^^^^^^^^^^^^^^^^^^^^^^^^
  File "/home/gavin/Discordbot/.venv/lib/python3.12/site-packages/aiohttp/client.py", line 1076, in _ws_connect
    resp = await self.request(
           ^^^^^^^^^^^^^^^^^^^
  File "/home/gavin/Discordbot/.venv/lib/python3.12/site-packages/aiohttp/client.py", line 779, in _request
    resp = await handler(req)
           ^^^^^^^^^^^^^^^^^^
  File "/home/gavin/Discordbot/.venv/lib/python3.12/site-packages/aiohttp/client.py", line 734, in _connect_and_send_request
    conn = await self._connector.connect(
           ^^^^^^^^^^^^^^^^^^^^^^^^^^^^^^
  File "/home/gavin/Discordbot/.venv/lib/python3.12/site-packages/aiohttp/connector.py", line 672, in connect
    proto = await self._create_connection(req, traces, timeout)
            ^^^^^^^^^^^^^^^^^^^^^^^^^^^^^^^^^^^^^^^^^^^^^^^^^^^
  File "/home/gavin/Discordbot/.venv/lib/python3.12/site-packages/aiohttp/connector.py", line 1239, in _create_connection
    _, proto = await self._create_direct_connection(req, traces, timeout)
               ^^^^^^^^^^^^^^^^^^^^^^^^^^^^^^^^^^^^^^^^^^^^^^^^^^^^^^^^^^
  File "/home/gavin/Discordbot/.venv/lib/python3.12/site-packages/aiohttp/connector.py", line 1568, in _create_direct_connection
    raise ClientConnectorDNSError(req.connection_key, exc) from exc
aiohttp.client_exceptions.ClientConnectorDNSError: Cannot connect to host gateway-us-east1-c.discord.gg:443 ssl:default [Name or service not known]
2026-03-27 11:02:02,659 | ERROR    | discord.client | Attempting a reconnect in 3.03s
Traceback (most recent call last):
  File "/home/gavin/Discordbot/.venv/lib/python3.12/site-packages/aiohttp/connector.py", line 1562, in _create_direct_connection
    hosts = await self._resolve_host(host, port, traces=traces)
            ^^^^^^^^^^^^^^^^^^^^^^^^^^^^^^^^^^^^^^^^^^^^^^^^^^^
  File "/home/gavin/Discordbot/.venv/lib/python3.12/site-packages/aiohttp/connector.py", line 1178, in _resolve_host
    return await asyncio.shield(resolved_host_task)
           ^^^^^^^^^^^^^^^^^^^^^^^^^^^^^^^^^^^^^^^^
  File "/home/gavin/Discordbot/.venv/lib/python3.12/site-packages/aiohttp/connector.py", line 1209, in _resolve_host_with_throttle
    addrs = await self._resolver.resolve(host, port, family=self._family)
            ^^^^^^^^^^^^^^^^^^^^^^^^^^^^^^^^^^^^^^^^^^^^^^^^^^^^^^^^^^^^^
  File "/home/gavin/Discordbot/.venv/lib/python3.12/site-packages/aiohttp/resolver.py", line 40, in resolve
    infos = await self._loop.getaddrinfo(
            ^^^^^^^^^^^^^^^^^^^^^^^^^^^^^
  File "/usr/lib/python3.12/asyncio/base_events.py", line 901, in getaddrinfo
    return await self.run_in_executor(
           ^^^^^^^^^^^^^^^^^^^^^^^^^^^
  File "/usr/lib/python3.12/concurrent/futures/thread.py", line 58, in run
    result = self.fn(*self.args, **self.kwargs)
             ^^^^^^^^^^^^^^^^^^^^^^^^^^^^^^^^^^
  File "/usr/lib/python3.12/socket.py", line 963, in getaddrinfo
    for res in _socket.getaddrinfo(host, port, family, type, proto, flags):
               ^^^^^^^^^^^^^^^^^^^^^^^^^^^^^^^^^^^^^^^^^^^^^^^^^^^^^^^^^^^
socket.gaierror: [Errno -2] Name or service not known

The above exception was the direct cause of the following exception:

Traceback (most recent call last):
  File "/home/gavin/Discordbot/.venv/lib/python3.12/site-packages/discord/client.py", line 728, in connect
    self.ws = await asyncio.wait_for(coro, timeout=60.0)
              ^^^^^^^^^^^^^^^^^^^^^^^^^^^^^^^^^^^^^^^^^^
  File "/usr/lib/python3.12/asyncio/tasks.py", line 520, in wait_for
    return await fut
           ^^^^^^^^^
  File "/home/gavin/Discordbot/.venv/lib/python3.12/site-packages/discord/gateway.py", line 392, in from_client
    socket = await client.http.ws_connect(str(url))
             ^^^^^^^^^^^^^^^^^^^^^^^^^^^^^^^^^^^^^^
  File "/home/gavin/Discordbot/.venv/lib/python3.12/site-packages/discord/http.py", line 571, in ws_connect
    return await self.__session.ws_connect(url, **kwargs)
           ^^^^^^^^^^^^^^^^^^^^^^^^^^^^^^^^^^^^^^^^^^^^^^
  File "/home/gavin/Discordbot/.venv/lib/python3.12/site-packages/aiohttp/client.py", line 1076, in _ws_connect
    resp = await self.request(
           ^^^^^^^^^^^^^^^^^^^
  File "/home/gavin/Discordbot/.venv/lib/python3.12/site-packages/aiohttp/client.py", line 779, in _request
    resp = await handler(req)
           ^^^^^^^^^^^^^^^^^^
  File "/home/gavin/Discordbot/.venv/lib/python3.12/site-packages/aiohttp/client.py", line 734, in _connect_and_send_request
    conn = await self._connector.connect(
           ^^^^^^^^^^^^^^^^^^^^^^^^^^^^^^
  File "/home/gavin/Discordbot/.venv/lib/python3.12/site-packages/aiohttp/connector.py", line 672, in connect
    proto = await self._create_connection(req, traces, timeout)
            ^^^^^^^^^^^^^^^^^^^^^^^^^^^^^^^^^^^^^^^^^^^^^^^^^^^
  File "/home/gavin/Discordbot/.venv/lib/python3.12/site-packages/aiohttp/connector.py", line 1239, in _create_connection
    _, proto = await self._create_direct_connection(req, traces, timeout)
               ^^^^^^^^^^^^^^^^^^^^^^^^^^^^^^^^^^^^^^^^^^^^^^^^^^^^^^^^^^
  File "/home/gavin/Discordbot/.venv/lib/python3.12/site-packages/aiohttp/connector.py", line 1568, in _create_direct_connection
    raise ClientConnectorDNSError(req.connection_key, exc) from exc
aiohttp.client_exceptions.ClientConnectorDNSError: Cannot connect to host gateway-us-east1-c.discord.gg:443 ssl:default [Name or service not known]
2026-03-27 11:02:05,694 | ERROR    | discord.client | Attempting a reconnect in 0.87s
Traceback (most recent call last):
  File "/home/gavin/Discordbot/.venv/lib/python3.12/site-packages/aiohttp/connector.py", line 1562, in _create_direct_connection
    hosts = await self._resolve_host(host, port, traces=traces)
            ^^^^^^^^^^^^^^^^^^^^^^^^^^^^^^^^^^^^^^^^^^^^^^^^^^^
  File "/home/gavin/Discordbot/.venv/lib/python3.12/site-packages/aiohttp/connector.py", line 1178, in _resolve_host
    return await asyncio.shield(resolved_host_task)
           ^^^^^^^^^^^^^^^^^^^^^^^^^^^^^^^^^^^^^^^^
  File "/home/gavin/Discordbot/.venv/lib/python3.12/site-packages/aiohttp/connector.py", line 1209, in _resolve_host_with_throttle
    addrs = await self._resolver.resolve(host, port, family=self._family)
            ^^^^^^^^^^^^^^^^^^^^^^^^^^^^^^^^^^^^^^^^^^^^^^^^^^^^^^^^^^^^^
  File "/home/gavin/Discordbot/.venv/lib/python3.12/site-packages/aiohttp/resolver.py", line 40, in resolve
    infos = await self._loop.getaddrinfo(
            ^^^^^^^^^^^^^^^^^^^^^^^^^^^^^
  File "/usr/lib/python3.12/asyncio/base_events.py", line 901, in getaddrinfo
    return await self.run_in_executor(
           ^^^^^^^^^^^^^^^^^^^^^^^^^^^
  File "/usr/lib/python3.12/concurrent/futures/thread.py", line 58, in run
    result = self.fn(*self.args, **self.kwargs)
             ^^^^^^^^^^^^^^^^^^^^^^^^^^^^^^^^^^
  File "/usr/lib/python3.12/socket.py", line 963, in getaddrinfo
    for res in _socket.getaddrinfo(host, port, family, type, proto, flags):
               ^^^^^^^^^^^^^^^^^^^^^^^^^^^^^^^^^^^^^^^^^^^^^^^^^^^^^^^^^^^
socket.gaierror: [Errno -2] Name or service not known

The above exception was the direct cause of the following exception:

Traceback (most recent call last):
  File "/home/gavin/Discordbot/.venv/lib/python3.12/site-packages/discord/client.py", line 728, in connect
    self.ws = await asyncio.wait_for(coro, timeout=60.0)
              ^^^^^^^^^^^^^^^^^^^^^^^^^^^^^^^^^^^^^^^^^^
  File "/usr/lib/python3.12/asyncio/tasks.py", line 520, in wait_for
    return await fut
           ^^^^^^^^^
  File "/home/gavin/Discordbot/.venv/lib/python3.12/site-packages/discord/gateway.py", line 392, in from_client
    socket = await client.http.ws_connect(str(url))
             ^^^^^^^^^^^^^^^^^^^^^^^^^^^^^^^^^^^^^^
  File "/home/gavin/Discordbot/.venv/lib/python3.12/site-packages/discord/http.py", line 571, in ws_connect
    return await self.__session.ws_connect(url, **kwargs)
           ^^^^^^^^^^^^^^^^^^^^^^^^^^^^^^^^^^^^^^^^^^^^^^
  File "/home/gavin/Discordbot/.venv/lib/python3.12/site-packages/aiohttp/client.py", line 1076, in _ws_connect
    resp = await self.request(
           ^^^^^^^^^^^^^^^^^^^
  File "/home/gavin/Discordbot/.venv/lib/python3.12/site-packages/aiohttp/client.py", line 779, in _request
    resp = await handler(req)
           ^^^^^^^^^^^^^^^^^^
  File "/home/gavin/Discordbot/.venv/lib/python3.12/site-packages/aiohttp/client.py", line 734, in _connect_and_send_request
    conn = await self._connector.connect(
           ^^^^^^^^^^^^^^^^^^^^^^^^^^^^^^
  File "/home/gavin/Discordbot/.venv/lib/python3.12/site-packages/aiohttp/connector.py", line 672, in connect
    proto = await self._create_connection(req, traces, timeout)
            ^^^^^^^^^^^^^^^^^^^^^^^^^^^^^^^^^^^^^^^^^^^^^^^^^^^
  File "/home/gavin/Discordbot/.venv/lib/python3.12/site-packages/aiohttp/connector.py", line 1239, in _create_connection
    _, proto = await self._create_direct_connection(req, traces, timeout)
               ^^^^^^^^^^^^^^^^^^^^^^^^^^^^^^^^^^^^^^^^^^^^^^^^^^^^^^^^^^
  File "/home/gavin/Discordbot/.venv/lib/python3.12/site-packages/aiohttp/connector.py", line 1568, in _create_direct_connection
    raise ClientConnectorDNSError(req.connection_key, exc) from exc
aiohttp.client_exceptions.ClientConnectorDNSError: Cannot connect to host gateway-us-east1-c.discord.gg:443 ssl:default [Name or service not known]
2026-03-27 11:02:06,570 | ERROR    | discord.client | Attempting a reconnect in 13.75s
Traceback (most recent call last):
  File "/home/gavin/Discordbot/.venv/lib/python3.12/site-packages/aiohttp/connector.py", line 1562, in _create_direct_connection
    hosts = await self._resolve_host(host, port, traces=traces)
            ^^^^^^^^^^^^^^^^^^^^^^^^^^^^^^^^^^^^^^^^^^^^^^^^^^^
  File "/home/gavin/Discordbot/.venv/lib/python3.12/site-packages/aiohttp/connector.py", line 1178, in _resolve_host
    return await asyncio.shield(resolved_host_task)
           ^^^^^^^^^^^^^^^^^^^^^^^^^^^^^^^^^^^^^^^^
  File "/home/gavin/Discordbot/.venv/lib/python3.12/site-packages/aiohttp/connector.py", line 1209, in _resolve_host_with_throttle
    addrs = await self._resolver.resolve(host, port, family=self._family)
            ^^^^^^^^^^^^^^^^^^^^^^^^^^^^^^^^^^^^^^^^^^^^^^^^^^^^^^^^^^^^^
  File "/home/gavin/Discordbot/.venv/lib/python3.12/site-packages/aiohttp/resolver.py", line 40, in resolve
    infos = await self._loop.getaddrinfo(
            ^^^^^^^^^^^^^^^^^^^^^^^^^^^^^
  File "/usr/lib/python3.12/asyncio/base_events.py", line 901, in getaddrinfo
    return await self.run_in_executor(
           ^^^^^^^^^^^^^^^^^^^^^^^^^^^
  File "/usr/lib/python3.12/concurrent/futures/thread.py", line 58, in run
    result = self.fn(*self.args, **self.kwargs)
             ^^^^^^^^^^^^^^^^^^^^^^^^^^^^^^^^^^
  File "/usr/lib/python3.12/socket.py", line 963, in getaddrinfo
    for res in _socket.getaddrinfo(host, port, family, type, proto, flags):
               ^^^^^^^^^^^^^^^^^^^^^^^^^^^^^^^^^^^^^^^^^^^^^^^^^^^^^^^^^^^
socket.gaierror: [Errno -2] Name or service not known

The above exception was the direct cause of the following exception:

Traceback (most recent call last):
  File "/home/gavin/Discordbot/.venv/lib/python3.12/site-packages/discord/client.py", line 728, in connect
    self.ws = await asyncio.wait_for(coro, timeout=60.0)
              ^^^^^^^^^^^^^^^^^^^^^^^^^^^^^^^^^^^^^^^^^^
  File "/usr/lib/python3.12/asyncio/tasks.py", line 520, in wait_for
    return await fut
           ^^^^^^^^^
  File "/home/gavin/Discordbot/.venv/lib/python3.12/site-packages/discord/gateway.py", line 392, in from_client
    socket = await client.http.ws_connect(str(url))
             ^^^^^^^^^^^^^^^^^^^^^^^^^^^^^^^^^^^^^^
  File "/home/gavin/Discordbot/.venv/lib/python3.12/site-packages/discord/http.py", line 571, in ws_connect
    return await self.__session.ws_connect(url, **kwargs)
           ^^^^^^^^^^^^^^^^^^^^^^^^^^^^^^^^^^^^^^^^^^^^^^
  File "/home/gavin/Discordbot/.venv/lib/python3.12/site-packages/aiohttp/client.py", line 1076, in _ws_connect
    resp = await self.request(
           ^^^^^^^^^^^^^^^^^^^
  File "/home/gavin/Discordbot/.venv/lib/python3.12/site-packages/aiohttp/client.py", line 779, in _request
    resp = await handler(req)
           ^^^^^^^^^^^^^^^^^^
  File "/home/gavin/Discordbot/.venv/lib/python3.12/site-packages/aiohttp/client.py", line 734, in _connect_and_send_request
    conn = await self._connector.connect(
           ^^^^^^^^^^^^^^^^^^^^^^^^^^^^^^
  File "/home/gavin/Discordbot/.venv/lib/python3.12/site-packages/aiohttp/connector.py", line 672, in connect
    proto = await self._create_connection(req, traces, timeout)
            ^^^^^^^^^^^^^^^^^^^^^^^^^^^^^^^^^^^^^^^^^^^^^^^^^^^
  File "/home/gavin/Discordbot/.venv/lib/python3.12/site-packages/aiohttp/connector.py", line 1239, in _create_connection
    _, proto = await self._create_direct_connection(req, traces, timeout)
               ^^^^^^^^^^^^^^^^^^^^^^^^^^^^^^^^^^^^^^^^^^^^^^^^^^^^^^^^^^
  File "/home/gavin/Discordbot/.venv/lib/python3.12/site-packages/aiohttp/connector.py", line 1568, in _create_direct_connection
    raise ClientConnectorDNSError(req.connection_key, exc) from exc
aiohttp.client_exceptions.ClientConnectorDNSError: Cannot connect to host gateway-us-east1-c.discord.gg:443 ssl:default [Name or service not known]
2026-03-27 11:02:20,336 | ERROR    | discord.client | Attempting a reconnect in 14.62s
Traceback (most recent call last):
  File "/home/gavin/Discordbot/.venv/lib/python3.12/site-packages/aiohttp/connector.py", line 1562, in _create_direct_connection
    hosts = await self._resolve_host(host, port, traces=traces)
            ^^^^^^^^^^^^^^^^^^^^^^^^^^^^^^^^^^^^^^^^^^^^^^^^^^^
  File "/home/gavin/Discordbot/.venv/lib/python3.12/site-packages/aiohttp/connector.py", line 1178, in _resolve_host
    return await asyncio.shield(resolved_host_task)
           ^^^^^^^^^^^^^^^^^^^^^^^^^^^^^^^^^^^^^^^^
  File "/home/gavin/Discordbot/.venv/lib/python3.12/site-packages/aiohttp/connector.py", line 1209, in _resolve_host_with_throttle
    addrs = await self._resolver.resolve(host, port, family=self._family)
            ^^^^^^^^^^^^^^^^^^^^^^^^^^^^^^^^^^^^^^^^^^^^^^^^^^^^^^^^^^^^^
  File "/home/gavin/Discordbot/.venv/lib/python3.12/site-packages/aiohttp/resolver.py", line 40, in resolve
    infos = await self._loop.getaddrinfo(
            ^^^^^^^^^^^^^^^^^^^^^^^^^^^^^
  File "/usr/lib/python3.12/asyncio/base_events.py", line 901, in getaddrinfo
    return await self.run_in_executor(
           ^^^^^^^^^^^^^^^^^^^^^^^^^^^
  File "/usr/lib/python3.12/concurrent/futures/thread.py", line 58, in run
    result = self.fn(*self.args, **self.kwargs)
             ^^^^^^^^^^^^^^^^^^^^^^^^^^^^^^^^^^
  File "/usr/lib/python3.12/socket.py", line 963, in getaddrinfo
    for res in _socket.getaddrinfo(host, port, family, type, proto, flags):
               ^^^^^^^^^^^^^^^^^^^^^^^^^^^^^^^^^^^^^^^^^^^^^^^^^^^^^^^^^^^
socket.gaierror: [Errno -2] Name or service not known

The above exception was the direct cause of the following exception:

Traceback (most recent call last):
  File "/home/gavin/Discordbot/.venv/lib/python3.12/site-packages/discord/client.py", line 728, in connect
    self.ws = await asyncio.wait_for(coro, timeout=60.0)
              ^^^^^^^^^^^^^^^^^^^^^^^^^^^^^^^^^^^^^^^^^^
  File "/usr/lib/python3.12/asyncio/tasks.py", line 520, in wait_for
    return await fut
           ^^^^^^^^^
  File "/home/gavin/Discordbot/.venv/lib/python3.12/site-packages/discord/gateway.py", line 392, in from_client
    socket = await client.http.ws_connect(str(url))
             ^^^^^^^^^^^^^^^^^^^^^^^^^^^^^^^^^^^^^^
  File "/home/gavin/Discordbot/.venv/lib/python3.12/site-packages/discord/http.py", line 571, in ws_connect
    return await self.__session.ws_connect(url, **kwargs)
           ^^^^^^^^^^^^^^^^^^^^^^^^^^^^^^^^^^^^^^^^^^^^^^
  File "/home/gavin/Discordbot/.venv/lib/python3.12/site-packages/aiohttp/client.py", line 1076, in _ws_connect
    resp = await self.request(
           ^^^^^^^^^^^^^^^^^^^
  File "/home/gavin/Discordbot/.venv/lib/python3.12/site-packages/aiohttp/client.py", line 779, in _request
    resp = await handler(req)
           ^^^^^^^^^^^^^^^^^^
  File "/home/gavin/Discordbot/.venv/lib/python3.12/site-packages/aiohttp/client.py", line 734, in _connect_and_send_request
    conn = await self._connector.connect(
           ^^^^^^^^^^^^^^^^^^^^^^^^^^^^^^
  File "/home/gavin/Discordbot/.venv/lib/python3.12/site-packages/aiohttp/connector.py", line 672, in connect
    proto = await self._create_connection(req, traces, timeout)
            ^^^^^^^^^^^^^^^^^^^^^^^^^^^^^^^^^^^^^^^^^^^^^^^^^^^
  File "/home/gavin/Discordbot/.venv/lib/python3.12/site-packages/aiohttp/connector.py", line 1239, in _create_connection
    _, proto = await self._create_direct_connection(req, traces, timeout)
               ^^^^^^^^^^^^^^^^^^^^^^^^^^^^^^^^^^^^^^^^^^^^^^^^^^^^^^^^^^
  File "/home/gavin/Discordbot/.venv/lib/python3.12/site-packages/aiohttp/connector.py", line 1568, in _create_direct_connection
    raise ClientConnectorDNSError(req.connection_key, exc) from exc
aiohttp.client_exceptions.ClientConnectorDNSError: Cannot connect to host gateway-us-east1-c.discord.gg:443 ssl:default [Name or service not known]
2026-03-27 11:02:34,963 | ERROR    | discord.client | Attempting a reconnect in 55.46s
Traceback (most recent call last):
  File "/home/gavin/Discordbot/.venv/lib/python3.12/site-packages/aiohttp/connector.py", line 1562, in _create_direct_connection
    hosts = await self._resolve_host(host, port, traces=traces)
            ^^^^^^^^^^^^^^^^^^^^^^^^^^^^^^^^^^^^^^^^^^^^^^^^^^^
  File "/home/gavin/Discordbot/.venv/lib/python3.12/site-packages/aiohttp/connector.py", line 1178, in _resolve_host
    return await asyncio.shield(resolved_host_task)
           ^^^^^^^^^^^^^^^^^^^^^^^^^^^^^^^^^^^^^^^^
  File "/home/gavin/Discordbot/.venv/lib/python3.12/site-packages/aiohttp/connector.py", line 1209, in _resolve_host_with_throttle
    addrs = await self._resolver.resolve(host, port, family=self._family)
            ^^^^^^^^^^^^^^^^^^^^^^^^^^^^^^^^^^^^^^^^^^^^^^^^^^^^^^^^^^^^^
  File "/home/gavin/Discordbot/.venv/lib/python3.12/site-packages/aiohttp/resolver.py", line 40, in resolve
    infos = await self._loop.getaddrinfo(
            ^^^^^^^^^^^^^^^^^^^^^^^^^^^^^
  File "/usr/lib/python3.12/asyncio/base_events.py", line 901, in getaddrinfo
    return await self.run_in_executor(
           ^^^^^^^^^^^^^^^^^^^^^^^^^^^
  File "/usr/lib/python3.12/concurrent/futures/thread.py", line 58, in run
    result = self.fn(*self.args, **self.kwargs)
             ^^^^^^^^^^^^^^^^^^^^^^^^^^^^^^^^^^
  File "/usr/lib/python3.12/socket.py", line 963, in getaddrinfo
    for res in _socket.getaddrinfo(host, port, family, type, proto, flags):
               ^^^^^^^^^^^^^^^^^^^^^^^^^^^^^^^^^^^^^^^^^^^^^^^^^^^^^^^^^^^
socket.gaierror: [Errno -2] Name or service not known

The above exception was the direct cause of the following exception:

Traceback (most recent call last):
  File "/home/gavin/Discordbot/.venv/lib/python3.12/site-packages/discord/client.py", line 728, in connect
    self.ws = await asyncio.wait_for(coro, timeout=60.0)
              ^^^^^^^^^^^^^^^^^^^^^^^^^^^^^^^^^^^^^^^^^^
  File "/usr/lib/python3.12/asyncio/tasks.py", line 520, in wait_for
    return await fut
           ^^^^^^^^^
  File "/home/gavin/Discordbot/.venv/lib/python3.12/site-packages/discord/gateway.py", line 392, in from_client
    socket = await client.http.ws_connect(str(url))
             ^^^^^^^^^^^^^^^^^^^^^^^^^^^^^^^^^^^^^^
  File "/home/gavin/Discordbot/.venv/lib/python3.12/site-packages/discord/http.py", line 571, in ws_connect
    return await self.__session.ws_connect(url, **kwargs)
           ^^^^^^^^^^^^^^^^^^^^^^^^^^^^^^^^^^^^^^^^^^^^^^
  File "/home/gavin/Discordbot/.venv/lib/python3.12/site-packages/aiohttp/client.py", line 1076, in _ws_connect
    resp = await self.request(
           ^^^^^^^^^^^^^^^^^^^
  File "/home/gavin/Discordbot/.venv/lib/python3.12/site-packages/aiohttp/client.py", line 779, in _request
    resp = await handler(req)
           ^^^^^^^^^^^^^^^^^^
  File "/home/gavin/Discordbot/.venv/lib/python3.12/site-packages/aiohttp/client.py", line 734, in _connect_and_send_request
    conn = await self._connector.connect(
           ^^^^^^^^^^^^^^^^^^^^^^^^^^^^^^
  File "/home/gavin/Discordbot/.venv/lib/python3.12/site-packages/aiohttp/connector.py", line 672, in connect
    proto = await self._create_connection(req, traces, timeout)
            ^^^^^^^^^^^^^^^^^^^^^^^^^^^^^^^^^^^^^^^^^^^^^^^^^^^
  File "/home/gavin/Discordbot/.venv/lib/python3.12/site-packages/aiohttp/connector.py", line 1239, in _create_connection
    _, proto = await self._create_direct_connection(req, traces, timeout)
               ^^^^^^^^^^^^^^^^^^^^^^^^^^^^^^^^^^^^^^^^^^^^^^^^^^^^^^^^^^
  File "/home/gavin/Discordbot/.venv/lib/python3.12/site-packages/aiohttp/connector.py", line 1568, in _create_direct_connection
    raise ClientConnectorDNSError(req.connection_key, exc) from exc
aiohttp.client_exceptions.ClientConnectorDNSError: Cannot connect to host gateway-us-east1-c.discord.gg:443 ssl:default [Name or service not known]
2026-03-27 11:03:30,477 | ERROR    | discord.client | Attempting a reconnect in 85.41s
Traceback (most recent call last):
  File "/home/gavin/Discordbot/.venv/lib/python3.12/site-packages/aiohttp/connector.py", line 1562, in _create_direct_connection
    hosts = await self._resolve_host(host, port, traces=traces)
            ^^^^^^^^^^^^^^^^^^^^^^^^^^^^^^^^^^^^^^^^^^^^^^^^^^^
  File "/home/gavin/Discordbot/.venv/lib/python3.12/site-packages/aiohttp/connector.py", line 1178, in _resolve_host
    return await asyncio.shield(resolved_host_task)
           ^^^^^^^^^^^^^^^^^^^^^^^^^^^^^^^^^^^^^^^^
  File "/home/gavin/Discordbot/.venv/lib/python3.12/site-packages/aiohttp/connector.py", line 1209, in _resolve_host_with_throttle
    addrs = await self._resolver.resolve(host, port, family=self._family)
            ^^^^^^^^^^^^^^^^^^^^^^^^^^^^^^^^^^^^^^^^^^^^^^^^^^^^^^^^^^^^^
  File "/home/gavin/Discordbot/.venv/lib/python3.12/site-packages/aiohttp/resolver.py", line 40, in resolve
    infos = await self._loop.getaddrinfo(
            ^^^^^^^^^^^^^^^^^^^^^^^^^^^^^
  File "/usr/lib/python3.12/asyncio/base_events.py", line 901, in getaddrinfo
    return await self.run_in_executor(
           ^^^^^^^^^^^^^^^^^^^^^^^^^^^
  File "/usr/lib/python3.12/concurrent/futures/thread.py", line 58, in run
    result = self.fn(*self.args, **self.kwargs)
             ^^^^^^^^^^^^^^^^^^^^^^^^^^^^^^^^^^
  File "/usr/lib/python3.12/socket.py", line 963, in getaddrinfo
    for res in _socket.getaddrinfo(host, port, family, type, proto, flags):
               ^^^^^^^^^^^^^^^^^^^^^^^^^^^^^^^^^^^^^^^^^^^^^^^^^^^^^^^^^^^
socket.gaierror: [Errno -2] Name or service not known

The above exception was the direct cause of the following exception:

Traceback (most recent call last):
  File "/home/gavin/Discordbot/.venv/lib/python3.12/site-packages/discord/client.py", line 728, in connect
    self.ws = await asyncio.wait_for(coro, timeout=60.0)
              ^^^^^^^^^^^^^^^^^^^^^^^^^^^^^^^^^^^^^^^^^^
  File "/usr/lib/python3.12/asyncio/tasks.py", line 520, in wait_for
    return await fut
           ^^^^^^^^^
  File "/home/gavin/Discordbot/.venv/lib/python3.12/site-packages/discord/gateway.py", line 392, in from_client
    socket = await client.http.ws_connect(str(url))
             ^^^^^^^^^^^^^^^^^^^^^^^^^^^^^^^^^^^^^^
  File "/home/gavin/Discordbot/.venv/lib/python3.12/site-packages/discord/http.py", line 571, in ws_connect
    return await self.__session.ws_connect(url, **kwargs)
           ^^^^^^^^^^^^^^^^^^^^^^^^^^^^^^^^^^^^^^^^^^^^^^
  File "/home/gavin/Discordbot/.venv/lib/python3.12/site-packages/aiohttp/client.py", line 1076, in _ws_connect
    resp = await self.request(
           ^^^^^^^^^^^^^^^^^^^
  File "/home/gavin/Discordbot/.venv/lib/python3.12/site-packages/aiohttp/client.py", line 779, in _request
    resp = await handler(req)
           ^^^^^^^^^^^^^^^^^^
  File "/home/gavin/Discordbot/.venv/lib/python3.12/site-packages/aiohttp/client.py", line 734, in _connect_and_send_request
    conn = await self._connector.connect(
           ^^^^^^^^^^^^^^^^^^^^^^^^^^^^^^
  File "/home/gavin/Discordbot/.venv/lib/python3.12/site-packages/aiohttp/connector.py", line 672, in connect
    proto = await self._create_connection(req, traces, timeout)
            ^^^^^^^^^^^^^^^^^^^^^^^^^^^^^^^^^^^^^^^^^^^^^^^^^^^
  File "/home/gavin/Discordbot/.venv/lib/python3.12/site-packages/aiohttp/connector.py", line 1239, in _create_connection
    _, proto = await self._create_direct_connection(req, traces, timeout)
               ^^^^^^^^^^^^^^^^^^^^^^^^^^^^^^^^^^^^^^^^^^^^^^^^^^^^^^^^^^
  File "/home/gavin/Discordbot/.venv/lib/python3.12/site-packages/aiohttp/connector.py", line 1568, in _create_direct_connection
    raise ClientConnectorDNSError(req.connection_key, exc) from exc
aiohttp.client_exceptions.ClientConnectorDNSError: Cannot connect to host gateway-us-east1-c.discord.gg:443 ssl:default [Name or service not known]
2026-03-27 11:04:55,958 | ERROR    | discord.client | Attempting a reconnect in 207.18s
Traceback (most recent call last):
  File "/home/gavin/Discordbot/.venv/lib/python3.12/site-packages/aiohttp/connector.py", line 1562, in _create_direct_connection
    hosts = await self._resolve_host(host, port, traces=traces)
            ^^^^^^^^^^^^^^^^^^^^^^^^^^^^^^^^^^^^^^^^^^^^^^^^^^^
  File "/home/gavin/Discordbot/.venv/lib/python3.12/site-packages/aiohttp/connector.py", line 1178, in _resolve_host
    return await asyncio.shield(resolved_host_task)
           ^^^^^^^^^^^^^^^^^^^^^^^^^^^^^^^^^^^^^^^^
  File "/home/gavin/Discordbot/.venv/lib/python3.12/site-packages/aiohttp/connector.py", line 1209, in _resolve_host_with_throttle
    addrs = await self._resolver.resolve(host, port, family=self._family)
            ^^^^^^^^^^^^^^^^^^^^^^^^^^^^^^^^^^^^^^^^^^^^^^^^^^^^^^^^^^^^^
  File "/home/gavin/Discordbot/.venv/lib/python3.12/site-packages/aiohttp/resolver.py", line 40, in resolve
    infos = await self._loop.getaddrinfo(
            ^^^^^^^^^^^^^^^^^^^^^^^^^^^^^
  File "/usr/lib/python3.12/asyncio/base_events.py", line 901, in getaddrinfo
    return await self.run_in_executor(
           ^^^^^^^^^^^^^^^^^^^^^^^^^^^
  File "/usr/lib/python3.12/concurrent/futures/thread.py", line 58, in run
    result = self.fn(*self.args, **self.kwargs)
             ^^^^^^^^^^^^^^^^^^^^^^^^^^^^^^^^^^
  File "/usr/lib/python3.12/socket.py", line 963, in getaddrinfo
    for res in _socket.getaddrinfo(host, port, family, type, proto, flags):
               ^^^^^^^^^^^^^^^^^^^^^^^^^^^^^^^^^^^^^^^^^^^^^^^^^^^^^^^^^^^
socket.gaierror: [Errno -2] Name or service not known

The above exception was the direct cause of the following exception:

Traceback (most recent call last):
  File "/home/gavin/Discordbot/.venv/lib/python3.12/site-packages/discord/client.py", line 728, in connect
    self.ws = await asyncio.wait_for(coro, timeout=60.0)
              ^^^^^^^^^^^^^^^^^^^^^^^^^^^^^^^^^^^^^^^^^^
  File "/usr/lib/python3.12/asyncio/tasks.py", line 520, in wait_for
    return await fut
           ^^^^^^^^^
  File "/home/gavin/Discordbot/.venv/lib/python3.12/site-packages/discord/gateway.py", line 392, in from_client
    socket = await client.http.ws_connect(str(url))
             ^^^^^^^^^^^^^^^^^^^^^^^^^^^^^^^^^^^^^^
  File "/home/gavin/Discordbot/.venv/lib/python3.12/site-packages/discord/http.py", line 571, in ws_connect
    return await self.__session.ws_connect(url, **kwargs)
           ^^^^^^^^^^^^^^^^^^^^^^^^^^^^^^^^^^^^^^^^^^^^^^
  File "/home/gavin/Discordbot/.venv/lib/python3.12/site-packages/aiohttp/client.py", line 1076, in _ws_connect
    resp = await self.request(
           ^^^^^^^^^^^^^^^^^^^
  File "/home/gavin/Discordbot/.venv/lib/python3.12/site-packages/aiohttp/client.py", line 779, in _request
    resp = await handler(req)
           ^^^^^^^^^^^^^^^^^^
  File "/home/gavin/Discordbot/.venv/lib/python3.12/site-packages/aiohttp/client.py", line 734, in _connect_and_send_request
    conn = await self._connector.connect(
           ^^^^^^^^^^^^^^^^^^^^^^^^^^^^^^
  File "/home/gavin/Discordbot/.venv/lib/python3.12/site-packages/aiohttp/connector.py", line 672, in connect
    proto = await self._create_connection(req, traces, timeout)
            ^^^^^^^^^^^^^^^^^^^^^^^^^^^^^^^^^^^^^^^^^^^^^^^^^^^
  File "/home/gavin/Discordbot/.venv/lib/python3.12/site-packages/aiohttp/connector.py", line 1239, in _create_connection
    _, proto = await self._create_direct_connection(req, traces, timeout)
               ^^^^^^^^^^^^^^^^^^^^^^^^^^^^^^^^^^^^^^^^^^^^^^^^^^^^^^^^^^
  File "/home/gavin/Discordbot/.venv/lib/python3.12/site-packages/aiohttp/connector.py", line 1568, in _create_direct_connection
    raise ClientConnectorDNSError(req.connection_key, exc) from exc
aiohttp.client_exceptions.ClientConnectorDNSError: Cannot connect to host gateway-us-east1-c.discord.gg:443 ssl:default [Name or service not known]
2026-03-27 11:08:23,239 | ERROR    | discord.client | Attempting a reconnect in 277.20s
Traceback (most recent call last):
  File "/home/gavin/Discordbot/.venv/lib/python3.12/site-packages/aiohttp/connector.py", line 1562, in _create_direct_connection
    hosts = await self._resolve_host(host, port, traces=traces)
            ^^^^^^^^^^^^^^^^^^^^^^^^^^^^^^^^^^^^^^^^^^^^^^^^^^^
  File "/home/gavin/Discordbot/.venv/lib/python3.12/site-packages/aiohttp/connector.py", line 1178, in _resolve_host
    return await asyncio.shield(resolved_host_task)
           ^^^^^^^^^^^^^^^^^^^^^^^^^^^^^^^^^^^^^^^^
  File "/home/gavin/Discordbot/.venv/lib/python3.12/site-packages/aiohttp/connector.py", line 1209, in _resolve_host_with_throttle
    addrs = await self._resolver.resolve(host, port, family=self._family)
            ^^^^^^^^^^^^^^^^^^^^^^^^^^^^^^^^^^^^^^^^^^^^^^^^^^^^^^^^^^^^^
  File "/home/gavin/Discordbot/.venv/lib/python3.12/site-packages/aiohttp/resolver.py", line 40, in resolve
    infos = await self._loop.getaddrinfo(
            ^^^^^^^^^^^^^^^^^^^^^^^^^^^^^
  File "/usr/lib/python3.12/asyncio/base_events.py", line 901, in getaddrinfo
    return await self.run_in_executor(
           ^^^^^^^^^^^^^^^^^^^^^^^^^^^
  File "/usr/lib/python3.12/concurrent/futures/thread.py", line 58, in run
    result = self.fn(*self.args, **self.kwargs)
             ^^^^^^^^^^^^^^^^^^^^^^^^^^^^^^^^^^
  File "/usr/lib/python3.12/socket.py", line 963, in getaddrinfo
    for res in _socket.getaddrinfo(host, port, family, type, proto, flags):
               ^^^^^^^^^^^^^^^^^^^^^^^^^^^^^^^^^^^^^^^^^^^^^^^^^^^^^^^^^^^
socket.gaierror: [Errno -2] Name or service not known

The above exception was the direct cause of the following exception:

Traceback (most recent call last):
  File "/home/gavin/Discordbot/.venv/lib/python3.12/site-packages/discord/client.py", line 728, in connect
    self.ws = await asyncio.wait_for(coro, timeout=60.0)
              ^^^^^^^^^^^^^^^^^^^^^^^^^^^^^^^^^^^^^^^^^^
  File "/usr/lib/python3.12/asyncio/tasks.py", line 520, in wait_for
    return await fut
           ^^^^^^^^^
  File "/home/gavin/Discordbot/.venv/lib/python3.12/site-packages/discord/gateway.py", line 392, in from_client
    socket = await client.http.ws_connect(str(url))
             ^^^^^^^^^^^^^^^^^^^^^^^^^^^^^^^^^^^^^^
  File "/home/gavin/Discordbot/.venv/lib/python3.12/site-packages/discord/http.py", line 571, in ws_connect
    return await self.__session.ws_connect(url, **kwargs)
           ^^^^^^^^^^^^^^^^^^^^^^^^^^^^^^^^^^^^^^^^^^^^^^
  File "/home/gavin/Discordbot/.venv/lib/python3.12/site-packages/aiohttp/client.py", line 1076, in _ws_connect
    resp = await self.request(
           ^^^^^^^^^^^^^^^^^^^
  File "/home/gavin/Discordbot/.venv/lib/python3.12/site-packages/aiohttp/client.py", line 779, in _request
    resp = await handler(req)
           ^^^^^^^^^^^^^^^^^^
  File "/home/gavin/Discordbot/.venv/lib/python3.12/site-packages/aiohttp/client.py", line 734, in _connect_and_send_request
    conn = await self._connector.connect(
           ^^^^^^^^^^^^^^^^^^^^^^^^^^^^^^
  File "/home/gavin/Discordbot/.venv/lib/python3.12/site-packages/aiohttp/connector.py", line 672, in connect
    proto = await self._create_connection(req, traces, timeout)
            ^^^^^^^^^^^^^^^^^^^^^^^^^^^^^^^^^^^^^^^^^^^^^^^^^^^
  File "/home/gavin/Discordbot/.venv/lib/python3.12/site-packages/aiohttp/connector.py", line 1239, in _create_connection
    _, proto = await self._create_direct_connection(req, traces, timeout)
               ^^^^^^^^^^^^^^^^^^^^^^^^^^^^^^^^^^^^^^^^^^^^^^^^^^^^^^^^^^
  File "/home/gavin/Discordbot/.venv/lib/python3.12/site-packages/aiohttp/connector.py", line 1568, in _create_direct_connection
    raise ClientConnectorDNSError(req.connection_key, exc) from exc
aiohttp.client_exceptions.ClientConnectorDNSError: Cannot connect to host gateway-us-east1-c.discord.gg:443 ssl:default [Name or service not known]
2026-03-27 11:13:00,538 | ERROR    | discord.client | Attempting a reconnect in 895.16s
Traceback (most recent call last):
  File "/home/gavin/Discordbot/.venv/lib/python3.12/site-packages/aiohttp/connector.py", line 1562, in _create_direct_connection
    hosts = await self._resolve_host(host, port, traces=traces)
            ^^^^^^^^^^^^^^^^^^^^^^^^^^^^^^^^^^^^^^^^^^^^^^^^^^^
  File "/home/gavin/Discordbot/.venv/lib/python3.12/site-packages/aiohttp/connector.py", line 1178, in _resolve_host
    return await asyncio.shield(resolved_host_task)
           ^^^^^^^^^^^^^^^^^^^^^^^^^^^^^^^^^^^^^^^^
  File "/home/gavin/Discordbot/.venv/lib/python3.12/site-packages/aiohttp/connector.py", line 1209, in _resolve_host_with_throttle
    addrs = await self._resolver.resolve(host, port, family=self._family)
            ^^^^^^^^^^^^^^^^^^^^^^^^^^^^^^^^^^^^^^^^^^^^^^^^^^^^^^^^^^^^^
  File "/home/gavin/Discordbot/.venv/lib/python3.12/site-packages/aiohttp/resolver.py", line 40, in resolve
    infos = await self._loop.getaddrinfo(
            ^^^^^^^^^^^^^^^^^^^^^^^^^^^^^
  File "/usr/lib/python3.12/asyncio/base_events.py", line 901, in getaddrinfo
    return await self.run_in_executor(
           ^^^^^^^^^^^^^^^^^^^^^^^^^^^
  File "/usr/lib/python3.12/concurrent/futures/thread.py", line 58, in run
    result = self.fn(*self.args, **self.kwargs)
             ^^^^^^^^^^^^^^^^^^^^^^^^^^^^^^^^^^
  File "/usr/lib/python3.12/socket.py", line 963, in getaddrinfo
    for res in _socket.getaddrinfo(host, port, family, type, proto, flags):
               ^^^^^^^^^^^^^^^^^^^^^^^^^^^^^^^^^^^^^^^^^^^^^^^^^^^^^^^^^^^
socket.gaierror: [Errno -2] Name or service not known

The above exception was the direct cause of the following exception:

Traceback (most recent call last):
  File "/home/gavin/Discordbot/.venv/lib/python3.12/site-packages/discord/client.py", line 728, in connect
    self.ws = await asyncio.wait_for(coro, timeout=60.0)
              ^^^^^^^^^^^^^^^^^^^^^^^^^^^^^^^^^^^^^^^^^^
  File "/usr/lib/python3.12/asyncio/tasks.py", line 520, in wait_for
    return await fut
           ^^^^^^^^^
  File "/home/gavin/Discordbot/.venv/lib/python3.12/site-packages/discord/gateway.py", line 392, in from_client
    socket = await client.http.ws_connect(str(url))
             ^^^^^^^^^^^^^^^^^^^^^^^^^^^^^^^^^^^^^^
  File "/home/gavin/Discordbot/.venv/lib/python3.12/site-packages/discord/http.py", line 571, in ws_connect
    return await self.__session.ws_connect(url, **kwargs)
           ^^^^^^^^^^^^^^^^^^^^^^^^^^^^^^^^^^^^^^^^^^^^^^
  File "/home/gavin/Discordbot/.venv/lib/python3.12/site-packages/aiohttp/client.py", line 1076, in _ws_connect
    resp = await self.request(
           ^^^^^^^^^^^^^^^^^^^
  File "/home/gavin/Discordbot/.venv/lib/python3.12/site-packages/aiohttp/client.py", line 779, in _request
    resp = await handler(req)
           ^^^^^^^^^^^^^^^^^^
  File "/home/gavin/Discordbot/.venv/lib/python3.12/site-packages/aiohttp/client.py", line 734, in _connect_and_send_request
    conn = await self._connector.connect(
           ^^^^^^^^^^^^^^^^^^^^^^^^^^^^^^
  File "/home/gavin/Discordbot/.venv/lib/python3.12/site-packages/aiohttp/connector.py", line 672, in connect
    proto = await self._create_connection(req, traces, timeout)
            ^^^^^^^^^^^^^^^^^^^^^^^^^^^^^^^^^^^^^^^^^^^^^^^^^^^
  File "/home/gavin/Discordbot/.venv/lib/python3.12/site-packages/aiohttp/connector.py", line 1239, in _create_connection
    _, proto = await self._create_direct_connection(req, traces, timeout)
               ^^^^^^^^^^^^^^^^^^^^^^^^^^^^^^^^^^^^^^^^^^^^^^^^^^^^^^^^^^
  File "/home/gavin/Discordbot/.venv/lib/python3.12/site-packages/aiohttp/connector.py", line 1568, in _create_direct_connection
    raise ClientConnectorDNSError(req.connection_key, exc) from exc
aiohttp.client_exceptions.ClientConnectorDNSError: Cannot connect to host gateway-us-east1-c.discord.gg:443 ssl:default [Name or service not known]
2026-03-27 11:33:59,874 | INFO     | discord.gateway | Shard ID None session has been invalidated.
2026-03-27 11:34:05,343 | INFO     | discord.gateway | Shard ID None has connected to Gateway (Session ID: fb50754af412036c905d0fd7bab9fa94).
2026-03-27 12:25:55,553 | WARNING  | discord.client | PyNaCl is not installed, voice will NOT be supported
2026-03-27 12:25:55,553 | WARNING  | discord.client | davey is not installed, voice will NOT be supported
2026-03-27 12:25:55,838 | INFO     | discord.client | logging in using static token
2026-03-27 12:25:56,640 | INFO     | discord.gateway | Shard ID None has connected to Gateway (Session ID: 304d7d778c597a6e51e2024d03c4f39b).
2026-03-27 13:18:46,687 | WARNING  | discord.client | PyNaCl is not installed, voice will NOT be supported
2026-03-27 13:18:46,687 | WARNING  | discord.client | davey is not installed, voice will NOT be supported
2026-03-27 13:18:46,853 | INFO     | discord.client | logging in using static token
2026-03-27 13:18:47,883 | INFO     | discord.gateway | Shard ID None has connected to Gateway (Session ID: 761d1a9b4933912d0f3f38a0afbd399c).
2026-03-27 13:53:49,275 | INFO     | discord.gateway | Shard ID None session has been invalidated.
2026-03-27 13:53:54,705 | INFO     | discord.gateway | Shard ID None has connected to Gateway (Session ID: bbde8e47cbe8f423648424ee4cfab2b1).
2026-03-27 17:37:34,824 | INFO     | discord.gateway | Shard ID None has successfully RESUMED session bbde8e47cbe8f423648424ee4cfab2b1.
2026-03-27 20:19:39,063 | INFO     | discord.gateway | Shard ID None has successfully RESUMED session bbde8e47cbe8f423648424ee4cfab2b1.
2026-03-27 20:40:58,754 | INFO     | discord.gateway | Shard ID None has successfully RESUMED session bbde8e47cbe8f423648424ee4cfab2b1.
2026-03-27 22:24:52,427 | INFO     | discord.gateway | Shard ID None has successfully RESUMED session bbde8e47cbe8f423648424ee4cfab2b1.
2026-03-27 22:45:31,594 | INFO     | discord.gateway | Shard ID None has successfully RESUMED session bbde8e47cbe8f423648424ee4cfab2b1.
2026-03-27 23:48:27,508 | INFO     | discord.gateway | Shard ID None has successfully RESUMED session bbde8e47cbe8f423648424ee4cfab2b1.
2026-03-28 03:25:55,242 | INFO     | discord.gateway | Shard ID None has successfully RESUMED session bbde8e47cbe8f423648424ee4cfab2b1.
2026-03-28 05:13:24,111 | INFO     | discord.gateway | Shard ID None has successfully RESUMED session bbde8e47cbe8f423648424ee4cfab2b1.
2026-03-28 07:09:08,105 | INFO     | discord.gateway | Shard ID None has successfully RESUMED session bbde8e47cbe8f423648424ee4cfab2b1.
2026-03-28 07:09:49,684 | INFO     | discord.gateway | Shard ID None has successfully RESUMED session bbde8e47cbe8f423648424ee4cfab2b1.
2026-03-28 10:20:19,450 | INFO     | discord.gateway | Shard ID None has successfully RESUMED session bbde8e47cbe8f423648424ee4cfab2b1.
2026-03-28 11:54:03,295 | WARNING  | discord.gateway | Can't keep up, shard ID None websocket is 12.2s behind.
2026-03-28 14:17:04,215 | INFO     | discord.gateway | Shard ID None has successfully RESUMED session bbde8e47cbe8f423648424ee4cfab2b1.
2026-03-28 17:45:00,329 | INFO     | discord.gateway | Shard ID None has successfully RESUMED session bbde8e47cbe8f423648424ee4cfab2b1.
2026-03-28 18:20:52,249 | INFO     | discord.gateway | Shard ID None has successfully RESUMED session bbde8e47cbe8f423648424ee4cfab2b1.
2026-03-28 19:03:27,490 | INFO     | discord.gateway | Shard ID None has successfully RESUMED session bbde8e47cbe8f423648424ee4cfab2b1.
2026-03-28 21:38:15,216 | INFO     | discord.gateway | Shard ID None has successfully RESUMED session bbde8e47cbe8f423648424ee4cfab2b1.
2026-03-28 22:00:20,476 | INFO     | discord.gateway | Shard ID None has successfully RESUMED session bbde8e47cbe8f423648424ee4cfab2b1.
2026-03-28 22:42:57,436 | INFO     | discord.gateway | Shard ID None has successfully RESUMED session bbde8e47cbe8f423648424ee4cfab2b1.
2026-03-28 23:42:25,783 | INFO     | discord.gateway | Shard ID None has successfully RESUMED session bbde8e47cbe8f423648424ee4cfab2b1.
2026-03-29 01:33:27,153 | INFO     | discord.gateway | Shard ID None has successfully RESUMED session bbde8e47cbe8f423648424ee4cfab2b1.
2026-03-29 03:12:03,110 | INFO     | discord.gateway | Shard ID None has successfully RESUMED session bbde8e47cbe8f423648424ee4cfab2b1.
2026-03-29 04:16:25,071 | INFO     | discord.gateway | Shard ID None has successfully RESUMED session bbde8e47cbe8f423648424ee4cfab2b1.
2026-03-29 06:59:01,528 | INFO     | discord.gateway | Shard ID None has successfully RESUMED session bbde8e47cbe8f423648424ee4cfab2b1.
2026-03-29 08:25:27,239 | INFO     | discord.gateway | Shard ID None has successfully RESUMED session bbde8e47cbe8f423648424ee4cfab2b1.
2026-03-29 09:42:27,825 | WARNING  | discord.client | PyNaCl is not installed, voice will NOT be supported
2026-03-29 09:42:27,825 | WARNING  | discord.client | davey is not installed, voice will NOT be supported
2026-03-29 09:42:28,090 | INFO     | discord.client | logging in using static token
2026-03-29 09:42:28,934 | INFO     | discord.gateway | Shard ID None has connected to Gateway (Session ID: 0ba31e07ca9178b043555d1082d9e267).
2026-03-29 10:03:49,325 | WARNING  | discord.client | PyNaCl is not installed, voice will NOT be supported
2026-03-29 10:03:49,326 | WARNING  | discord.client | davey is not installed, voice will NOT be supported
2026-03-29 10:03:49,925 | INFO     | discord.client | logging in using static token
2026-03-29 10:03:50,884 | INFO     | discord.gateway | Shard ID None has connected to Gateway (Session ID: e54f7ccef79e3571ee70d1c71befb827).
2026-03-29 10:16:02,354 | INFO     | discord.gateway | Shard ID None session has been invalidated.
2026-03-29 10:16:07,903 | INFO     | discord.gateway | Shard ID None has connected to Gateway (Session ID: 4ffae74d896d9a8196311c8e71fdf927).
2026-03-29 10:17:31,529 | INFO     | discord.gateway | Shard ID None has successfully RESUMED session 4ffae74d896d9a8196311c8e71fdf927.
2026-03-29 10:36:55,883 | INFO     | discord.gateway | Shard ID None session has been invalidated.
2026-03-29 10:37:01,907 | INFO     | discord.gateway | Shard ID None has connected to Gateway (Session ID: 207b9e133850f57860f3fa0e899fcc69).
2026-03-29 12:41:16,916 | INFO     | discord.gateway | Shard ID None has successfully RESUMED session 207b9e133850f57860f3fa0e899fcc69.
2026-03-29 13:28:47,656 | INFO     | discord.gateway | Shard ID None has successfully RESUMED session 207b9e133850f57860f3fa0e899fcc69.
2026-03-29 14:14:24,014 | INFO     | discord.gateway | Shard ID None has successfully RESUMED session 207b9e133850f57860f3fa0e899fcc69.
2026-03-29 14:36:37,660 | INFO     | discord.gateway | Shard ID None has successfully RESUMED session 207b9e133850f57860f3fa0e899fcc69.
2026-03-29 17:00:49,776 | INFO     | discord.gateway | Shard ID None has successfully RESUMED session 207b9e133850f57860f3fa0e899fcc69.
2026-03-29 18:27:17,642 | INFO     | discord.gateway | Shard ID None has successfully RESUMED session 207b9e133850f57860f3fa0e899fcc69.
2026-03-29 19:01:05,563 | INFO     | discord.gateway | Shard ID None has successfully RESUMED session 207b9e133850f57860f3fa0e899fcc69.
2026-03-29 22:30:46,889 | INFO     | discord.gateway | Shard ID None has successfully RESUMED session 207b9e133850f57860f3fa0e899fcc69.
2026-03-30 01:06:58,494 | INFO     | discord.gateway | Shard ID None has successfully RESUMED session 207b9e133850f57860f3fa0e899fcc69.
2026-03-30 02:11:39,992 | INFO     | discord.gateway | Shard ID None has successfully RESUMED session 207b9e133850f57860f3fa0e899fcc69.
2026-03-30 03:22:29,491 | INFO     | discord.gateway | Shard ID None has successfully RESUMED session 207b9e133850f57860f3fa0e899fcc69.
2026-03-30 06:54:05,906 | INFO     | discord.gateway | Shard ID None has successfully RESUMED session 207b9e133850f57860f3fa0e899fcc69.
2026-03-30 06:59:56,037 | ERROR    | discord.client | Attempting a reconnect in 0.26s
Traceback (most recent call last):
  File "/home/gavin/Discordbot/.venv/lib/python3.12/site-packages/aiohttp/connector.py", line 1562, in _create_direct_connection
    hosts = await self._resolve_host(host, port, traces=traces)
            ^^^^^^^^^^^^^^^^^^^^^^^^^^^^^^^^^^^^^^^^^^^^^^^^^^^
  File "/home/gavin/Discordbot/.venv/lib/python3.12/site-packages/aiohttp/connector.py", line 1178, in _resolve_host
    return await asyncio.shield(resolved_host_task)
           ^^^^^^^^^^^^^^^^^^^^^^^^^^^^^^^^^^^^^^^^
  File "/home/gavin/Discordbot/.venv/lib/python3.12/site-packages/aiohttp/connector.py", line 1209, in _resolve_host_with_throttle
    addrs = await self._resolver.resolve(host, port, family=self._family)
            ^^^^^^^^^^^^^^^^^^^^^^^^^^^^^^^^^^^^^^^^^^^^^^^^^^^^^^^^^^^^^
  File "/home/gavin/Discordbot/.venv/lib/python3.12/site-packages/aiohttp/resolver.py", line 40, in resolve
    infos = await self._loop.getaddrinfo(
            ^^^^^^^^^^^^^^^^^^^^^^^^^^^^^
  File "/usr/lib/python3.12/asyncio/base_events.py", line 901, in getaddrinfo
    return await self.run_in_executor(
           ^^^^^^^^^^^^^^^^^^^^^^^^^^^
  File "/usr/lib/python3.12/concurrent/futures/thread.py", line 58, in run
    result = self.fn(*self.args, **self.kwargs)
             ^^^^^^^^^^^^^^^^^^^^^^^^^^^^^^^^^^
  File "/usr/lib/python3.12/socket.py", line 963, in getaddrinfo
    for res in _socket.getaddrinfo(host, port, family, type, proto, flags):
               ^^^^^^^^^^^^^^^^^^^^^^^^^^^^^^^^^^^^^^^^^^^^^^^^^^^^^^^^^^^
socket.gaierror: [Errno -2] Name or service not known

The above exception was the direct cause of the following exception:

Traceback (most recent call last):
  File "/home/gavin/Discordbot/.venv/lib/python3.12/site-packages/discord/client.py", line 728, in connect
    self.ws = await asyncio.wait_for(coro, timeout=60.0)
              ^^^^^^^^^^^^^^^^^^^^^^^^^^^^^^^^^^^^^^^^^^
  File "/usr/lib/python3.12/asyncio/tasks.py", line 520, in wait_for
    return await fut
           ^^^^^^^^^
  File "/home/gavin/Discordbot/.venv/lib/python3.12/site-packages/discord/gateway.py", line 392, in from_client
    socket = await client.http.ws_connect(str(url))
             ^^^^^^^^^^^^^^^^^^^^^^^^^^^^^^^^^^^^^^
  File "/home/gavin/Discordbot/.venv/lib/python3.12/site-packages/discord/http.py", line 571, in ws_connect
    return await self.__session.ws_connect(url, **kwargs)
           ^^^^^^^^^^^^^^^^^^^^^^^^^^^^^^^^^^^^^^^^^^^^^^
  File "/home/gavin/Discordbot/.venv/lib/python3.12/site-packages/aiohttp/client.py", line 1076, in _ws_connect
    resp = await self.request(
           ^^^^^^^^^^^^^^^^^^^
  File "/home/gavin/Discordbot/.venv/lib/python3.12/site-packages/aiohttp/client.py", line 779, in _request
    resp = await handler(req)
           ^^^^^^^^^^^^^^^^^^
  File "/home/gavin/Discordbot/.venv/lib/python3.12/site-packages/aiohttp/client.py", line 734, in _connect_and_send_request
    conn = await self._connector.connect(
           ^^^^^^^^^^^^^^^^^^^^^^^^^^^^^^
  File "/home/gavin/Discordbot/.venv/lib/python3.12/site-packages/aiohttp/connector.py", line 672, in connect
    proto = await self._create_connection(req, traces, timeout)
            ^^^^^^^^^^^^^^^^^^^^^^^^^^^^^^^^^^^^^^^^^^^^^^^^^^^
  File "/home/gavin/Discordbot/.venv/lib/python3.12/site-packages/aiohttp/connector.py", line 1239, in _create_connection
    _, proto = await self._create_direct_connection(req, traces, timeout)
               ^^^^^^^^^^^^^^^^^^^^^^^^^^^^^^^^^^^^^^^^^^^^^^^^^^^^^^^^^^
  File "/home/gavin/Discordbot/.venv/lib/python3.12/site-packages/aiohttp/connector.py", line 1568, in _create_direct_connection
    raise ClientConnectorDNSError(req.connection_key, exc) from exc
aiohttp.client_exceptions.ClientConnectorDNSError: Cannot connect to host gateway-us-east1-c.discord.gg:443 ssl:default [Name or service not known]
2026-03-30 06:59:56,331 | ERROR    | discord.client | Attempting a reconnect in 0.58s
Traceback (most recent call last):
  File "/home/gavin/Discordbot/.venv/lib/python3.12/site-packages/aiohttp/connector.py", line 1562, in _create_direct_connection
    hosts = await self._resolve_host(host, port, traces=traces)
            ^^^^^^^^^^^^^^^^^^^^^^^^^^^^^^^^^^^^^^^^^^^^^^^^^^^
  File "/home/gavin/Discordbot/.venv/lib/python3.12/site-packages/aiohttp/connector.py", line 1178, in _resolve_host
    return await asyncio.shield(resolved_host_task)
           ^^^^^^^^^^^^^^^^^^^^^^^^^^^^^^^^^^^^^^^^
  File "/home/gavin/Discordbot/.venv/lib/python3.12/site-packages/aiohttp/connector.py", line 1209, in _resolve_host_with_throttle
    addrs = await self._resolver.resolve(host, port, family=self._family)
            ^^^^^^^^^^^^^^^^^^^^^^^^^^^^^^^^^^^^^^^^^^^^^^^^^^^^^^^^^^^^^
  File "/home/gavin/Discordbot/.venv/lib/python3.12/site-packages/aiohttp/resolver.py", line 40, in resolve
    infos = await self._loop.getaddrinfo(
            ^^^^^^^^^^^^^^^^^^^^^^^^^^^^^
  File "/usr/lib/python3.12/asyncio/base_events.py", line 901, in getaddrinfo
    return await self.run_in_executor(
           ^^^^^^^^^^^^^^^^^^^^^^^^^^^
  File "/usr/lib/python3.12/concurrent/futures/thread.py", line 58, in run
    result = self.fn(*self.args, **self.kwargs)
             ^^^^^^^^^^^^^^^^^^^^^^^^^^^^^^^^^^
  File "/usr/lib/python3.12/socket.py", line 963, in getaddrinfo
    for res in _socket.getaddrinfo(host, port, family, type, proto, flags):
               ^^^^^^^^^^^^^^^^^^^^^^^^^^^^^^^^^^^^^^^^^^^^^^^^^^^^^^^^^^^
socket.gaierror: [Errno -2] Name or service not known

The above exception was the direct cause of the following exception:

Traceback (most recent call last):
  File "/home/gavin/Discordbot/.venv/lib/python3.12/site-packages/discord/client.py", line 728, in connect
    self.ws = await asyncio.wait_for(coro, timeout=60.0)
              ^^^^^^^^^^^^^^^^^^^^^^^^^^^^^^^^^^^^^^^^^^
  File "/usr/lib/python3.12/asyncio/tasks.py", line 520, in wait_for
    return await fut
           ^^^^^^^^^
  File "/home/gavin/Discordbot/.venv/lib/python3.12/site-packages/discord/gateway.py", line 392, in from_client
    socket = await client.http.ws_connect(str(url))
             ^^^^^^^^^^^^^^^^^^^^^^^^^^^^^^^^^^^^^^
  File "/home/gavin/Discordbot/.venv/lib/python3.12/site-packages/discord/http.py", line 571, in ws_connect
    return await self.__session.ws_connect(url, **kwargs)
           ^^^^^^^^^^^^^^^^^^^^^^^^^^^^^^^^^^^^^^^^^^^^^^
  File "/home/gavin/Discordbot/.venv/lib/python3.12/site-packages/aiohttp/client.py", line 1076, in _ws_connect
    resp = await self.request(
           ^^^^^^^^^^^^^^^^^^^
  File "/home/gavin/Discordbot/.venv/lib/python3.12/site-packages/aiohttp/client.py", line 779, in _request
    resp = await handler(req)
           ^^^^^^^^^^^^^^^^^^
  File "/home/gavin/Discordbot/.venv/lib/python3.12/site-packages/aiohttp/client.py", line 734, in _connect_and_send_request
    conn = await self._connector.connect(
           ^^^^^^^^^^^^^^^^^^^^^^^^^^^^^^
  File "/home/gavin/Discordbot/.venv/lib/python3.12/site-packages/aiohttp/connector.py", line 672, in connect
    proto = await self._create_connection(req, traces, timeout)
            ^^^^^^^^^^^^^^^^^^^^^^^^^^^^^^^^^^^^^^^^^^^^^^^^^^^
  File "/home/gavin/Discordbot/.venv/lib/python3.12/site-packages/aiohttp/connector.py", line 1239, in _create_connection
    _, proto = await self._create_direct_connection(req, traces, timeout)
               ^^^^^^^^^^^^^^^^^^^^^^^^^^^^^^^^^^^^^^^^^^^^^^^^^^^^^^^^^^
  File "/home/gavin/Discordbot/.venv/lib/python3.12/site-packages/aiohttp/connector.py", line 1568, in _create_direct_connection
    raise ClientConnectorDNSError(req.connection_key, exc) from exc
aiohttp.client_exceptions.ClientConnectorDNSError: Cannot connect to host gateway-us-east1-c.discord.gg:443 ssl:default [Name or service not known]
2026-03-30 06:59:56,920 | ERROR    | discord.client | Attempting a reconnect in 2.71s
Traceback (most recent call last):
  File "/home/gavin/Discordbot/.venv/lib/python3.12/site-packages/aiohttp/connector.py", line 1562, in _create_direct_connection
    hosts = await self._resolve_host(host, port, traces=traces)
            ^^^^^^^^^^^^^^^^^^^^^^^^^^^^^^^^^^^^^^^^^^^^^^^^^^^
  File "/home/gavin/Discordbot/.venv/lib/python3.12/site-packages/aiohttp/connector.py", line 1178, in _resolve_host
    return await asyncio.shield(resolved_host_task)
           ^^^^^^^^^^^^^^^^^^^^^^^^^^^^^^^^^^^^^^^^
  File "/home/gavin/Discordbot/.venv/lib/python3.12/site-packages/aiohttp/connector.py", line 1209, in _resolve_host_with_throttle
    addrs = await self._resolver.resolve(host, port, family=self._family)
            ^^^^^^^^^^^^^^^^^^^^^^^^^^^^^^^^^^^^^^^^^^^^^^^^^^^^^^^^^^^^^
  File "/home/gavin/Discordbot/.venv/lib/python3.12/site-packages/aiohttp/resolver.py", line 40, in resolve
    infos = await self._loop.getaddrinfo(
            ^^^^^^^^^^^^^^^^^^^^^^^^^^^^^
  File "/usr/lib/python3.12/asyncio/base_events.py", line 901, in getaddrinfo
    return await self.run_in_executor(
           ^^^^^^^^^^^^^^^^^^^^^^^^^^^
  File "/usr/lib/python3.12/concurrent/futures/thread.py", line 58, in run
    result = self.fn(*self.args, **self.kwargs)
             ^^^^^^^^^^^^^^^^^^^^^^^^^^^^^^^^^^
  File "/usr/lib/python3.12/socket.py", line 963, in getaddrinfo
    for res in _socket.getaddrinfo(host, port, family, type, proto, flags):
               ^^^^^^^^^^^^^^^^^^^^^^^^^^^^^^^^^^^^^^^^^^^^^^^^^^^^^^^^^^^
socket.gaierror: [Errno -2] Name or service not known

The above exception was the direct cause of the following exception:

Traceback (most recent call last):
  File "/home/gavin/Discordbot/.venv/lib/python3.12/site-packages/discord/client.py", line 728, in connect
    self.ws = await asyncio.wait_for(coro, timeout=60.0)
              ^^^^^^^^^^^^^^^^^^^^^^^^^^^^^^^^^^^^^^^^^^
  File "/usr/lib/python3.12/asyncio/tasks.py", line 520, in wait_for
    return await fut
           ^^^^^^^^^
  File "/home/gavin/Discordbot/.venv/lib/python3.12/site-packages/discord/gateway.py", line 392, in from_client
    socket = await client.http.ws_connect(str(url))
             ^^^^^^^^^^^^^^^^^^^^^^^^^^^^^^^^^^^^^^
  File "/home/gavin/Discordbot/.venv/lib/python3.12/site-packages/discord/http.py", line 571, in ws_connect
    return await self.__session.ws_connect(url, **kwargs)
           ^^^^^^^^^^^^^^^^^^^^^^^^^^^^^^^^^^^^^^^^^^^^^^
  File "/home/gavin/Discordbot/.venv/lib/python3.12/site-packages/aiohttp/client.py", line 1076, in _ws_connect
    resp = await self.request(
           ^^^^^^^^^^^^^^^^^^^
  File "/home/gavin/Discordbot/.venv/lib/python3.12/site-packages/aiohttp/client.py", line 779, in _request
    resp = await handler(req)
           ^^^^^^^^^^^^^^^^^^
  File "/home/gavin/Discordbot/.venv/lib/python3.12/site-packages/aiohttp/client.py", line 734, in _connect_and_send_request
    conn = await self._connector.connect(
           ^^^^^^^^^^^^^^^^^^^^^^^^^^^^^^
  File "/home/gavin/Discordbot/.venv/lib/python3.12/site-packages/aiohttp/connector.py", line 672, in connect
    proto = await self._create_connection(req, traces, timeout)
            ^^^^^^^^^^^^^^^^^^^^^^^^^^^^^^^^^^^^^^^^^^^^^^^^^^^
  File "/home/gavin/Discordbot/.venv/lib/python3.12/site-packages/aiohttp/connector.py", line 1239, in _create_connection
    _, proto = await self._create_direct_connection(req, traces, timeout)
               ^^^^^^^^^^^^^^^^^^^^^^^^^^^^^^^^^^^^^^^^^^^^^^^^^^^^^^^^^^
  File "/home/gavin/Discordbot/.venv/lib/python3.12/site-packages/aiohttp/connector.py", line 1568, in _create_direct_connection
    raise ClientConnectorDNSError(req.connection_key, exc) from exc
aiohttp.client_exceptions.ClientConnectorDNSError: Cannot connect to host gateway-us-east1-c.discord.gg:443 ssl:default [Name or service not known]
2026-03-30 06:59:59,635 | ERROR    | discord.client | Attempting a reconnect in 14.25s
Traceback (most recent call last):
  File "/home/gavin/Discordbot/.venv/lib/python3.12/site-packages/aiohttp/connector.py", line 1562, in _create_direct_connection
    hosts = await self._resolve_host(host, port, traces=traces)
            ^^^^^^^^^^^^^^^^^^^^^^^^^^^^^^^^^^^^^^^^^^^^^^^^^^^
  File "/home/gavin/Discordbot/.venv/lib/python3.12/site-packages/aiohttp/connector.py", line 1178, in _resolve_host
    return await asyncio.shield(resolved_host_task)
           ^^^^^^^^^^^^^^^^^^^^^^^^^^^^^^^^^^^^^^^^
  File "/home/gavin/Discordbot/.venv/lib/python3.12/site-packages/aiohttp/connector.py", line 1209, in _resolve_host_with_throttle
    addrs = await self._resolver.resolve(host, port, family=self._family)
            ^^^^^^^^^^^^^^^^^^^^^^^^^^^^^^^^^^^^^^^^^^^^^^^^^^^^^^^^^^^^^
  File "/home/gavin/Discordbot/.venv/lib/python3.12/site-packages/aiohttp/resolver.py", line 40, in resolve
    infos = await self._loop.getaddrinfo(
            ^^^^^^^^^^^^^^^^^^^^^^^^^^^^^
  File "/usr/lib/python3.12/asyncio/base_events.py", line 901, in getaddrinfo
    return await self.run_in_executor(
           ^^^^^^^^^^^^^^^^^^^^^^^^^^^
  File "/usr/lib/python3.12/concurrent/futures/thread.py", line 58, in run
    result = self.fn(*self.args, **self.kwargs)
             ^^^^^^^^^^^^^^^^^^^^^^^^^^^^^^^^^^
  File "/usr/lib/python3.12/socket.py", line 963, in getaddrinfo
    for res in _socket.getaddrinfo(host, port, family, type, proto, flags):
               ^^^^^^^^^^^^^^^^^^^^^^^^^^^^^^^^^^^^^^^^^^^^^^^^^^^^^^^^^^^
socket.gaierror: [Errno -2] Name or service not known

The above exception was the direct cause of the following exception:

Traceback (most recent call last):
  File "/home/gavin/Discordbot/.venv/lib/python3.12/site-packages/discord/client.py", line 728, in connect
    self.ws = await asyncio.wait_for(coro, timeout=60.0)
              ^^^^^^^^^^^^^^^^^^^^^^^^^^^^^^^^^^^^^^^^^^
  File "/usr/lib/python3.12/asyncio/tasks.py", line 520, in wait_for
    return await fut
           ^^^^^^^^^
  File "/home/gavin/Discordbot/.venv/lib/python3.12/site-packages/discord/gateway.py", line 392, in from_client
    socket = await client.http.ws_connect(str(url))
             ^^^^^^^^^^^^^^^^^^^^^^^^^^^^^^^^^^^^^^
  File "/home/gavin/Discordbot/.venv/lib/python3.12/site-packages/discord/http.py", line 571, in ws_connect
    return await self.__session.ws_connect(url, **kwargs)
           ^^^^^^^^^^^^^^^^^^^^^^^^^^^^^^^^^^^^^^^^^^^^^^
  File "/home/gavin/Discordbot/.venv/lib/python3.12/site-packages/aiohttp/client.py", line 1076, in _ws_connect
    resp = await self.request(
           ^^^^^^^^^^^^^^^^^^^
  File "/home/gavin/Discordbot/.venv/lib/python3.12/site-packages/aiohttp/client.py", line 779, in _request
    resp = await handler(req)
           ^^^^^^^^^^^^^^^^^^
  File "/home/gavin/Discordbot/.venv/lib/python3.12/site-packages/aiohttp/client.py", line 734, in _connect_and_send_request
    conn = await self._connector.connect(
           ^^^^^^^^^^^^^^^^^^^^^^^^^^^^^^
  File "/home/gavin/Discordbot/.venv/lib/python3.12/site-packages/aiohttp/connector.py", line 672, in connect
    proto = await self._create_connection(req, traces, timeout)
            ^^^^^^^^^^^^^^^^^^^^^^^^^^^^^^^^^^^^^^^^^^^^^^^^^^^
  File "/home/gavin/Discordbot/.venv/lib/python3.12/site-packages/aiohttp/connector.py", line 1239, in _create_connection
    _, proto = await self._create_direct_connection(req, traces, timeout)
               ^^^^^^^^^^^^^^^^^^^^^^^^^^^^^^^^^^^^^^^^^^^^^^^^^^^^^^^^^^
  File "/home/gavin/Discordbot/.venv/lib/python3.12/site-packages/aiohttp/connector.py", line 1568, in _create_direct_connection
    raise ClientConnectorDNSError(req.connection_key, exc) from exc
aiohttp.client_exceptions.ClientConnectorDNSError: Cannot connect to host gateway-us-east1-c.discord.gg:443 ssl:default [Name or service not known]
2026-03-30 07:00:13,889 | ERROR    | discord.client | Attempting a reconnect in 19.92s
Traceback (most recent call last):
  File "/home/gavin/Discordbot/.venv/lib/python3.12/site-packages/aiohttp/connector.py", line 1562, in _create_direct_connection
    hosts = await self._resolve_host(host, port, traces=traces)
            ^^^^^^^^^^^^^^^^^^^^^^^^^^^^^^^^^^^^^^^^^^^^^^^^^^^
  File "/home/gavin/Discordbot/.venv/lib/python3.12/site-packages/aiohttp/connector.py", line 1178, in _resolve_host
    return await asyncio.shield(resolved_host_task)
           ^^^^^^^^^^^^^^^^^^^^^^^^^^^^^^^^^^^^^^^^
  File "/home/gavin/Discordbot/.venv/lib/python3.12/site-packages/aiohttp/connector.py", line 1209, in _resolve_host_with_throttle
    addrs = await self._resolver.resolve(host, port, family=self._family)
            ^^^^^^^^^^^^^^^^^^^^^^^^^^^^^^^^^^^^^^^^^^^^^^^^^^^^^^^^^^^^^
  File "/home/gavin/Discordbot/.venv/lib/python3.12/site-packages/aiohttp/resolver.py", line 40, in resolve
    infos = await self._loop.getaddrinfo(
            ^^^^^^^^^^^^^^^^^^^^^^^^^^^^^
  File "/usr/lib/python3.12/asyncio/base_events.py", line 901, in getaddrinfo
    return await self.run_in_executor(
           ^^^^^^^^^^^^^^^^^^^^^^^^^^^
  File "/usr/lib/python3.12/concurrent/futures/thread.py", line 58, in run
    result = self.fn(*self.args, **self.kwargs)
             ^^^^^^^^^^^^^^^^^^^^^^^^^^^^^^^^^^
  File "/usr/lib/python3.12/socket.py", line 963, in getaddrinfo
    for res in _socket.getaddrinfo(host, port, family, type, proto, flags):
               ^^^^^^^^^^^^^^^^^^^^^^^^^^^^^^^^^^^^^^^^^^^^^^^^^^^^^^^^^^^
socket.gaierror: [Errno -2] Name or service not known

The above exception was the direct cause of the following exception:

Traceback (most recent call last):
  File "/home/gavin/Discordbot/.venv/lib/python3.12/site-packages/discord/client.py", line 728, in connect
    self.ws = await asyncio.wait_for(coro, timeout=60.0)
              ^^^^^^^^^^^^^^^^^^^^^^^^^^^^^^^^^^^^^^^^^^
  File "/usr/lib/python3.12/asyncio/tasks.py", line 520, in wait_for
    return await fut
           ^^^^^^^^^
  File "/home/gavin/Discordbot/.venv/lib/python3.12/site-packages/discord/gateway.py", line 392, in from_client
    socket = await client.http.ws_connect(str(url))
             ^^^^^^^^^^^^^^^^^^^^^^^^^^^^^^^^^^^^^^
  File "/home/gavin/Discordbot/.venv/lib/python3.12/site-packages/discord/http.py", line 571, in ws_connect
    return await self.__session.ws_connect(url, **kwargs)
           ^^^^^^^^^^^^^^^^^^^^^^^^^^^^^^^^^^^^^^^^^^^^^^
  File "/home/gavin/Discordbot/.venv/lib/python3.12/site-packages/aiohttp/client.py", line 1076, in _ws_connect
    resp = await self.request(
           ^^^^^^^^^^^^^^^^^^^
  File "/home/gavin/Discordbot/.venv/lib/python3.12/site-packages/aiohttp/client.py", line 779, in _request
    resp = await handler(req)
           ^^^^^^^^^^^^^^^^^^
  File "/home/gavin/Discordbot/.venv/lib/python3.12/site-packages/aiohttp/client.py", line 734, in _connect_and_send_request
    conn = await self._connector.connect(
           ^^^^^^^^^^^^^^^^^^^^^^^^^^^^^^
  File "/home/gavin/Discordbot/.venv/lib/python3.12/site-packages/aiohttp/connector.py", line 672, in connect
    proto = await self._create_connection(req, traces, timeout)
            ^^^^^^^^^^^^^^^^^^^^^^^^^^^^^^^^^^^^^^^^^^^^^^^^^^^
  File "/home/gavin/Discordbot/.venv/lib/python3.12/site-packages/aiohttp/connector.py", line 1239, in _create_connection
    _, proto = await self._create_direct_connection(req, traces, timeout)
               ^^^^^^^^^^^^^^^^^^^^^^^^^^^^^^^^^^^^^^^^^^^^^^^^^^^^^^^^^^
  File "/home/gavin/Discordbot/.venv/lib/python3.12/site-packages/aiohttp/connector.py", line 1568, in _create_direct_connection
    raise ClientConnectorDNSError(req.connection_key, exc) from exc
aiohttp.client_exceptions.ClientConnectorDNSError: Cannot connect to host gateway-us-east1-c.discord.gg:443 ssl:default [Name or service not known]
2026-03-30 07:00:53,875 | ERROR    | discord.client | Attempting a reconnect in 1.78s
Traceback (most recent call last):
  File "/home/gavin/Discordbot/.venv/lib/python3.12/site-packages/aiohttp/connector.py", line 1562, in _create_direct_connection
    hosts = await self._resolve_host(host, port, traces=traces)
            ^^^^^^^^^^^^^^^^^^^^^^^^^^^^^^^^^^^^^^^^^^^^^^^^^^^
  File "/home/gavin/Discordbot/.venv/lib/python3.12/site-packages/aiohttp/connector.py", line 1178, in _resolve_host
    return await asyncio.shield(resolved_host_task)
           ^^^^^^^^^^^^^^^^^^^^^^^^^^^^^^^^^^^^^^^^
  File "/home/gavin/Discordbot/.venv/lib/python3.12/site-packages/aiohttp/connector.py", line 1209, in _resolve_host_with_throttle
    addrs = await self._resolver.resolve(host, port, family=self._family)
            ^^^^^^^^^^^^^^^^^^^^^^^^^^^^^^^^^^^^^^^^^^^^^^^^^^^^^^^^^^^^^
  File "/home/gavin/Discordbot/.venv/lib/python3.12/site-packages/aiohttp/resolver.py", line 40, in resolve
    infos = await self._loop.getaddrinfo(
            ^^^^^^^^^^^^^^^^^^^^^^^^^^^^^
  File "/usr/lib/python3.12/asyncio/base_events.py", line 901, in getaddrinfo
    return await self.run_in_executor(
           ^^^^^^^^^^^^^^^^^^^^^^^^^^^
  File "/usr/lib/python3.12/concurrent/futures/thread.py", line 58, in run
    result = self.fn(*self.args, **self.kwargs)
             ^^^^^^^^^^^^^^^^^^^^^^^^^^^^^^^^^^
  File "/usr/lib/python3.12/socket.py", line 963, in getaddrinfo
    for res in _socket.getaddrinfo(host, port, family, type, proto, flags):
               ^^^^^^^^^^^^^^^^^^^^^^^^^^^^^^^^^^^^^^^^^^^^^^^^^^^^^^^^^^^
socket.gaierror: [Errno -2] Name or service not known

The above exception was the direct cause of the following exception:

Traceback (most recent call last):
  File "/home/gavin/Discordbot/.venv/lib/python3.12/site-packages/discord/client.py", line 728, in connect
    self.ws = await asyncio.wait_for(coro, timeout=60.0)
              ^^^^^^^^^^^^^^^^^^^^^^^^^^^^^^^^^^^^^^^^^^
  File "/usr/lib/python3.12/asyncio/tasks.py", line 520, in wait_for
    return await fut
           ^^^^^^^^^
  File "/home/gavin/Discordbot/.venv/lib/python3.12/site-packages/discord/gateway.py", line 392, in from_client
    socket = await client.http.ws_connect(str(url))
             ^^^^^^^^^^^^^^^^^^^^^^^^^^^^^^^^^^^^^^
  File "/home/gavin/Discordbot/.venv/lib/python3.12/site-packages/discord/http.py", line 571, in ws_connect
    return await self.__session.ws_connect(url, **kwargs)
           ^^^^^^^^^^^^^^^^^^^^^^^^^^^^^^^^^^^^^^^^^^^^^^
  File "/home/gavin/Discordbot/.venv/lib/python3.12/site-packages/aiohttp/client.py", line 1076, in _ws_connect
    resp = await self.request(
           ^^^^^^^^^^^^^^^^^^^
  File "/home/gavin/Discordbot/.venv/lib/python3.12/site-packages/aiohttp/client.py", line 779, in _request
    resp = await handler(req)
           ^^^^^^^^^^^^^^^^^^
  File "/home/gavin/Discordbot/.venv/lib/python3.12/site-packages/aiohttp/client.py", line 734, in _connect_and_send_request
    conn = await self._connector.connect(
           ^^^^^^^^^^^^^^^^^^^^^^^^^^^^^^
  File "/home/gavin/Discordbot/.venv/lib/python3.12/site-packages/aiohttp/connector.py", line 672, in connect
    proto = await self._create_connection(req, traces, timeout)
            ^^^^^^^^^^^^^^^^^^^^^^^^^^^^^^^^^^^^^^^^^^^^^^^^^^^
  File "/home/gavin/Discordbot/.venv/lib/python3.12/site-packages/aiohttp/connector.py", line 1239, in _create_connection
    _, proto = await self._create_direct_connection(req, traces, timeout)
               ^^^^^^^^^^^^^^^^^^^^^^^^^^^^^^^^^^^^^^^^^^^^^^^^^^^^^^^^^^
  File "/home/gavin/Discordbot/.venv/lib/python3.12/site-packages/aiohttp/connector.py", line 1568, in _create_direct_connection
    raise ClientConnectorDNSError(req.connection_key, exc) from exc
aiohttp.client_exceptions.ClientConnectorDNSError: Cannot connect to host gateway-us-east1-c.discord.gg:443 ssl:default [Name or service not known]
2026-03-30 07:01:05,679 | ERROR    | discord.client | Attempting a reconnect in 33.70s
Traceback (most recent call last):
  File "/home/gavin/Discordbot/.venv/lib/python3.12/site-packages/aiohttp/connector.py", line 1562, in _create_direct_connection
    hosts = await self._resolve_host(host, port, traces=traces)
            ^^^^^^^^^^^^^^^^^^^^^^^^^^^^^^^^^^^^^^^^^^^^^^^^^^^
  File "/home/gavin/Discordbot/.venv/lib/python3.12/site-packages/aiohttp/connector.py", line 1178, in _resolve_host
    return await asyncio.shield(resolved_host_task)
           ^^^^^^^^^^^^^^^^^^^^^^^^^^^^^^^^^^^^^^^^
  File "/home/gavin/Discordbot/.venv/lib/python3.12/site-packages/aiohttp/connector.py", line 1209, in _resolve_host_with_throttle
    addrs = await self._resolver.resolve(host, port, family=self._family)
            ^^^^^^^^^^^^^^^^^^^^^^^^^^^^^^^^^^^^^^^^^^^^^^^^^^^^^^^^^^^^^
  File "/home/gavin/Discordbot/.venv/lib/python3.12/site-packages/aiohttp/resolver.py", line 40, in resolve
    infos = await self._loop.getaddrinfo(
            ^^^^^^^^^^^^^^^^^^^^^^^^^^^^^
  File "/usr/lib/python3.12/asyncio/base_events.py", line 901, in getaddrinfo
    return await self.run_in_executor(
           ^^^^^^^^^^^^^^^^^^^^^^^^^^^
  File "/usr/lib/python3.12/concurrent/futures/thread.py", line 58, in run
    result = self.fn(*self.args, **self.kwargs)
             ^^^^^^^^^^^^^^^^^^^^^^^^^^^^^^^^^^
  File "/usr/lib/python3.12/socket.py", line 963, in getaddrinfo
    for res in _socket.getaddrinfo(host, port, family, type, proto, flags):
               ^^^^^^^^^^^^^^^^^^^^^^^^^^^^^^^^^^^^^^^^^^^^^^^^^^^^^^^^^^^
socket.gaierror: [Errno -2] Name or service not known

The above exception was the direct cause of the following exception:

Traceback (most recent call last):
  File "/home/gavin/Discordbot/.venv/lib/python3.12/site-packages/discord/client.py", line 728, in connect
    self.ws = await asyncio.wait_for(coro, timeout=60.0)
              ^^^^^^^^^^^^^^^^^^^^^^^^^^^^^^^^^^^^^^^^^^
  File "/usr/lib/python3.12/asyncio/tasks.py", line 520, in wait_for
    return await fut
           ^^^^^^^^^
  File "/home/gavin/Discordbot/.venv/lib/python3.12/site-packages/discord/gateway.py", line 392, in from_client
    socket = await client.http.ws_connect(str(url))
             ^^^^^^^^^^^^^^^^^^^^^^^^^^^^^^^^^^^^^^
  File "/home/gavin/Discordbot/.venv/lib/python3.12/site-packages/discord/http.py", line 571, in ws_connect
    return await self.__session.ws_connect(url, **kwargs)
           ^^^^^^^^^^^^^^^^^^^^^^^^^^^^^^^^^^^^^^^^^^^^^^
  File "/home/gavin/Discordbot/.venv/lib/python3.12/site-packages/aiohttp/client.py", line 1076, in _ws_connect
    resp = await self.request(
           ^^^^^^^^^^^^^^^^^^^
  File "/home/gavin/Discordbot/.venv/lib/python3.12/site-packages/aiohttp/client.py", line 779, in _request
    resp = await handler(req)
           ^^^^^^^^^^^^^^^^^^
  File "/home/gavin/Discordbot/.venv/lib/python3.12/site-packages/aiohttp/client.py", line 734, in _connect_and_send_request
    conn = await self._connector.connect(
           ^^^^^^^^^^^^^^^^^^^^^^^^^^^^^^
  File "/home/gavin/Discordbot/.venv/lib/python3.12/site-packages/aiohttp/connector.py", line 672, in connect
    proto = await self._create_connection(req, traces, timeout)
            ^^^^^^^^^^^^^^^^^^^^^^^^^^^^^^^^^^^^^^^^^^^^^^^^^^^
  File "/home/gavin/Discordbot/.venv/lib/python3.12/site-packages/aiohttp/connector.py", line 1239, in _create_connection
    _, proto = await self._create_direct_connection(req, traces, timeout)
               ^^^^^^^^^^^^^^^^^^^^^^^^^^^^^^^^^^^^^^^^^^^^^^^^^^^^^^^^^^
  File "/home/gavin/Discordbot/.venv/lib/python3.12/site-packages/aiohttp/connector.py", line 1568, in _create_direct_connection
    raise ClientConnectorDNSError(req.connection_key, exc) from exc
aiohttp.client_exceptions.ClientConnectorDNSError: Cannot connect to host gateway-us-east1-c.discord.gg:443 ssl:default [Name or service not known]
2026-03-30 07:01:40,438 | INFO     | discord.gateway | Shard ID None session has been invalidated.
2026-03-30 07:01:47,056 | INFO     | discord.gateway | Shard ID None has connected to Gateway (Session ID: 342644d0636c7f567b9debc64820fc1d).
2026-03-30 07:42:59,450 | INFO     | discord.gateway | Shard ID None has successfully RESUMED session 342644d0636c7f567b9debc64820fc1d.
2026-03-30 15:45:29,352 | INFO     | discord.gateway | Shard ID None session has been invalidated.
2026-03-30 15:45:35,045 | INFO     | discord.gateway | Shard ID None has connected to Gateway (Session ID: 18f78d0d7a736934f131974c96f1e283).
2026-03-30 15:46:22,877 | WARNING  | discord.client | PyNaCl is not installed, voice will NOT be supported
2026-03-30 15:46:22,877 | WARNING  | discord.client | davey is not installed, voice will NOT be supported
2026-03-30 15:46:23,093 | INFO     | discord.client | logging in using static token
2026-03-30 15:46:23,879 | INFO     | discord.gateway | Shard ID None has connected to Gateway (Session ID: 6632d468be362c46da41c1dbae0f59bc).
2026-03-30 17:43:13,873 | INFO     | discord.gateway | Shard ID None has successfully RESUMED session 6632d468be362c46da41c1dbae0f59bc.
2026-03-30 19:47:53,034 | INFO     | discord.gateway | Shard ID None has successfully RESUMED session 6632d468be362c46da41c1dbae0f59bc.
2026-03-30 19:57:27,181 | WARNING  | discord.client | PyNaCl is not installed, voice will NOT be supported
2026-03-30 19:57:27,181 | WARNING  | discord.client | davey is not installed, voice will NOT be supported
2026-03-30 19:57:27,405 | INFO     | discord.client | logging in using static token
2026-03-30 19:57:28,169 | INFO     | discord.gateway | Shard ID None has connected to Gateway (Session ID: aa749ded95a81a463a9c7fe1241684fe).
2026-03-30 20:03:52,507 | INFO     | discord.gateway | Shard ID None session has been invalidated.
2026-03-30 20:03:57,924 | INFO     | discord.gateway | Shard ID None has connected to Gateway (Session ID: fdb4beb079e3592d0b13c9360d8b62ed).
2026-03-30 20:47:11,977 | INFO     | discord.gateway | Shard ID None session has been invalidated.
2026-03-30 20:47:17,776 | INFO     | discord.gateway | Shard ID None has connected to Gateway (Session ID: d772212b040a05ee56c6c7f06a17656f).
2026-03-30 21:19:52,261 | INFO     | discord.gateway | Shard ID None has successfully RESUMED session d772212b040a05ee56c6c7f06a17656f.
2026-03-30 21:41:18,067 | INFO     | discord.gateway | Shard ID None has successfully RESUMED session d772212b040a05ee56c6c7f06a17656f.
2026-03-30 21:43:40,606 | WARNING  | discord.client | PyNaCl is not installed, voice will NOT be supported
2026-03-30 21:43:40,606 | WARNING  | discord.client | davey is not installed, voice will NOT be supported
2026-03-30 21:43:40,846 | INFO     | discord.client | logging in using static token
2026-03-30 21:43:42,145 | INFO     | discord.gateway | Shard ID None has connected to Gateway (Session ID: c1a858e463f1ae3a02da832fdc0dde3d).
2026-03-30 23:23:35,445 | INFO     | discord.gateway | Shard ID None has successfully RESUMED session c1a858e463f1ae3a02da832fdc0dde3d.
2026-03-31 00:31:08,359 | INFO     | discord.gateway | Shard ID None has successfully RESUMED session c1a858e463f1ae3a02da832fdc0dde3d.
2026-03-31 04:04:15,058 | INFO     | discord.gateway | Shard ID None has successfully RESUMED session c1a858e463f1ae3a02da832fdc0dde3d.
2026-03-31 04:56:08,249 | INFO     | discord.gateway | Shard ID None has successfully RESUMED session c1a858e463f1ae3a02da832fdc0dde3d.
2026-03-31 06:55:22,217 | INFO     | discord.gateway | Shard ID None has successfully RESUMED session c1a858e463f1ae3a02da832fdc0dde3d.
2026-03-31 07:23:41,518 | WARNING  | discord.client | PyNaCl is not installed, voice will NOT be supported
2026-03-31 07:23:41,518 | WARNING  | discord.client | davey is not installed, voice will NOT be supported
2026-03-31 07:23:41,707 | INFO     | discord.client | logging in using static token
2026-03-31 07:23:42,695 | INFO     | discord.gateway | Shard ID None has connected to Gateway (Session ID: 96a2fefec8ed5271c77223d36905263f).
2026-03-31 07:51:42,158 | ERROR    | discord.client | Attempting a reconnect in 1.58s
Traceback (most recent call last):
  File "/home/gavin/Discordbot/.venv/lib/python3.12/site-packages/aiohttp/connector.py", line 1562, in _create_direct_connection
    hosts = await self._resolve_host(host, port, traces=traces)
            ^^^^^^^^^^^^^^^^^^^^^^^^^^^^^^^^^^^^^^^^^^^^^^^^^^^
  File "/home/gavin/Discordbot/.venv/lib/python3.12/site-packages/aiohttp/connector.py", line 1178, in _resolve_host
    return await asyncio.shield(resolved_host_task)
           ^^^^^^^^^^^^^^^^^^^^^^^^^^^^^^^^^^^^^^^^
  File "/home/gavin/Discordbot/.venv/lib/python3.12/site-packages/aiohttp/connector.py", line 1209, in _resolve_host_with_throttle
    addrs = await self._resolver.resolve(host, port, family=self._family)
            ^^^^^^^^^^^^^^^^^^^^^^^^^^^^^^^^^^^^^^^^^^^^^^^^^^^^^^^^^^^^^
  File "/home/gavin/Discordbot/.venv/lib/python3.12/site-packages/aiohttp/resolver.py", line 40, in resolve
    infos = await self._loop.getaddrinfo(
            ^^^^^^^^^^^^^^^^^^^^^^^^^^^^^
  File "/usr/lib/python3.12/asyncio/base_events.py", line 901, in getaddrinfo
    return await self.run_in_executor(
           ^^^^^^^^^^^^^^^^^^^^^^^^^^^
  File "/usr/lib/python3.12/concurrent/futures/thread.py", line 58, in run
    result = self.fn(*self.args, **self.kwargs)
             ^^^^^^^^^^^^^^^^^^^^^^^^^^^^^^^^^^
  File "/usr/lib/python3.12/socket.py", line 963, in getaddrinfo
    for res in _socket.getaddrinfo(host, port, family, type, proto, flags):
               ^^^^^^^^^^^^^^^^^^^^^^^^^^^^^^^^^^^^^^^^^^^^^^^^^^^^^^^^^^^
socket.gaierror: [Errno -2] Name or service not known

The above exception was the direct cause of the following exception:

Traceback (most recent call last):
  File "/home/gavin/Discordbot/.venv/lib/python3.12/site-packages/discord/client.py", line 728, in connect
    self.ws = await asyncio.wait_for(coro, timeout=60.0)
              ^^^^^^^^^^^^^^^^^^^^^^^^^^^^^^^^^^^^^^^^^^
  File "/usr/lib/python3.12/asyncio/tasks.py", line 520, in wait_for
    return await fut
           ^^^^^^^^^
  File "/home/gavin/Discordbot/.venv/lib/python3.12/site-packages/discord/gateway.py", line 392, in from_client
    socket = await client.http.ws_connect(str(url))
             ^^^^^^^^^^^^^^^^^^^^^^^^^^^^^^^^^^^^^^
  File "/home/gavin/Discordbot/.venv/lib/python3.12/site-packages/discord/http.py", line 571, in ws_connect
    return await self.__session.ws_connect(url, **kwargs)
           ^^^^^^^^^^^^^^^^^^^^^^^^^^^^^^^^^^^^^^^^^^^^^^
  File "/home/gavin/Discordbot/.venv/lib/python3.12/site-packages/aiohttp/client.py", line 1076, in _ws_connect
    resp = await self.request(
           ^^^^^^^^^^^^^^^^^^^
  File "/home/gavin/Discordbot/.venv/lib/python3.12/site-packages/aiohttp/client.py", line 779, in _request
    resp = await handler(req)
           ^^^^^^^^^^^^^^^^^^
  File "/home/gavin/Discordbot/.venv/lib/python3.12/site-packages/aiohttp/client.py", line 734, in _connect_and_send_request
    conn = await self._connector.connect(
           ^^^^^^^^^^^^^^^^^^^^^^^^^^^^^^
  File "/home/gavin/Discordbot/.venv/lib/python3.12/site-packages/aiohttp/connector.py", line 672, in connect
    proto = await self._create_connection(req, traces, timeout)
            ^^^^^^^^^^^^^^^^^^^^^^^^^^^^^^^^^^^^^^^^^^^^^^^^^^^
  File "/home/gavin/Discordbot/.venv/lib/python3.12/site-packages/aiohttp/connector.py", line 1239, in _create_connection
    _, proto = await self._create_direct_connection(req, traces, timeout)
               ^^^^^^^^^^^^^^^^^^^^^^^^^^^^^^^^^^^^^^^^^^^^^^^^^^^^^^^^^^
  File "/home/gavin/Discordbot/.venv/lib/python3.12/site-packages/aiohttp/connector.py", line 1568, in _create_direct_connection
    raise ClientConnectorDNSError(req.connection_key, exc) from exc
aiohttp.client_exceptions.ClientConnectorDNSError: Cannot connect to host gateway-us-east1-c.discord.gg:443 ssl:default [Name or service not known]
2026-03-31 07:51:43,751 | ERROR    | discord.client | Attempting a reconnect in 3.50s
Traceback (most recent call last):
  File "/home/gavin/Discordbot/.venv/lib/python3.12/site-packages/aiohttp/connector.py", line 1562, in _create_direct_connection
    hosts = await self._resolve_host(host, port, traces=traces)
            ^^^^^^^^^^^^^^^^^^^^^^^^^^^^^^^^^^^^^^^^^^^^^^^^^^^
  File "/home/gavin/Discordbot/.venv/lib/python3.12/site-packages/aiohttp/connector.py", line 1178, in _resolve_host
    return await asyncio.shield(resolved_host_task)
           ^^^^^^^^^^^^^^^^^^^^^^^^^^^^^^^^^^^^^^^^
  File "/home/gavin/Discordbot/.venv/lib/python3.12/site-packages/aiohttp/connector.py", line 1209, in _resolve_host_with_throttle
    addrs = await self._resolver.resolve(host, port, family=self._family)
            ^^^^^^^^^^^^^^^^^^^^^^^^^^^^^^^^^^^^^^^^^^^^^^^^^^^^^^^^^^^^^
  File "/home/gavin/Discordbot/.venv/lib/python3.12/site-packages/aiohttp/resolver.py", line 40, in resolve
    infos = await self._loop.getaddrinfo(
            ^^^^^^^^^^^^^^^^^^^^^^^^^^^^^
  File "/usr/lib/python3.12/asyncio/base_events.py", line 901, in getaddrinfo
    return await self.run_in_executor(
           ^^^^^^^^^^^^^^^^^^^^^^^^^^^
  File "/usr/lib/python3.12/concurrent/futures/thread.py", line 58, in run
    result = self.fn(*self.args, **self.kwargs)
             ^^^^^^^^^^^^^^^^^^^^^^^^^^^^^^^^^^
  File "/usr/lib/python3.12/socket.py", line 963, in getaddrinfo
    for res in _socket.getaddrinfo(host, port, family, type, proto, flags):
               ^^^^^^^^^^^^^^^^^^^^^^^^^^^^^^^^^^^^^^^^^^^^^^^^^^^^^^^^^^^
socket.gaierror: [Errno -2] Name or service not known

The above exception was the direct cause of the following exception:

Traceback (most recent call last):
  File "/home/gavin/Discordbot/.venv/lib/python3.12/site-packages/discord/client.py", line 728, in connect
    self.ws = await asyncio.wait_for(coro, timeout=60.0)
              ^^^^^^^^^^^^^^^^^^^^^^^^^^^^^^^^^^^^^^^^^^
  File "/usr/lib/python3.12/asyncio/tasks.py", line 520, in wait_for
    return await fut
           ^^^^^^^^^
  File "/home/gavin/Discordbot/.venv/lib/python3.12/site-packages/discord/gateway.py", line 392, in from_client
    socket = await client.http.ws_connect(str(url))
             ^^^^^^^^^^^^^^^^^^^^^^^^^^^^^^^^^^^^^^
  File "/home/gavin/Discordbot/.venv/lib/python3.12/site-packages/discord/http.py", line 571, in ws_connect
    return await self.__session.ws_connect(url, **kwargs)
           ^^^^^^^^^^^^^^^^^^^^^^^^^^^^^^^^^^^^^^^^^^^^^^
  File "/home/gavin/Discordbot/.venv/lib/python3.12/site-packages/aiohttp/client.py", line 1076, in _ws_connect
    resp = await self.request(
           ^^^^^^^^^^^^^^^^^^^
  File "/home/gavin/Discordbot/.venv/lib/python3.12/site-packages/aiohttp/client.py", line 779, in _request
    resp = await handler(req)
           ^^^^^^^^^^^^^^^^^^
  File "/home/gavin/Discordbot/.venv/lib/python3.12/site-packages/aiohttp/client.py", line 734, in _connect_and_send_request
    conn = await self._connector.connect(
           ^^^^^^^^^^^^^^^^^^^^^^^^^^^^^^
  File "/home/gavin/Discordbot/.venv/lib/python3.12/site-packages/aiohttp/connector.py", line 672, in connect
    proto = await self._create_connection(req, traces, timeout)
            ^^^^^^^^^^^^^^^^^^^^^^^^^^^^^^^^^^^^^^^^^^^^^^^^^^^
  File "/home/gavin/Discordbot/.venv/lib/python3.12/site-packages/aiohttp/connector.py", line 1239, in _create_connection
    _, proto = await self._create_direct_connection(req, traces, timeout)
               ^^^^^^^^^^^^^^^^^^^^^^^^^^^^^^^^^^^^^^^^^^^^^^^^^^^^^^^^^^
  File "/home/gavin/Discordbot/.venv/lib/python3.12/site-packages/aiohttp/connector.py", line 1568, in _create_direct_connection
    raise ClientConnectorDNSError(req.connection_key, exc) from exc
aiohttp.client_exceptions.ClientConnectorDNSError: Cannot connect to host gateway-us-east1-c.discord.gg:443 ssl:default [Name or service not known]
2026-03-31 07:51:47,258 | ERROR    | discord.client | Attempting a reconnect in 3.54s
Traceback (most recent call last):
  File "/home/gavin/Discordbot/.venv/lib/python3.12/site-packages/aiohttp/connector.py", line 1562, in _create_direct_connection
    hosts = await self._resolve_host(host, port, traces=traces)
            ^^^^^^^^^^^^^^^^^^^^^^^^^^^^^^^^^^^^^^^^^^^^^^^^^^^
  File "/home/gavin/Discordbot/.venv/lib/python3.12/site-packages/aiohttp/connector.py", line 1178, in _resolve_host
    return await asyncio.shield(resolved_host_task)
           ^^^^^^^^^^^^^^^^^^^^^^^^^^^^^^^^^^^^^^^^
  File "/home/gavin/Discordbot/.venv/lib/python3.12/site-packages/aiohttp/connector.py", line 1209, in _resolve_host_with_throttle
    addrs = await self._resolver.resolve(host, port, family=self._family)
            ^^^^^^^^^^^^^^^^^^^^^^^^^^^^^^^^^^^^^^^^^^^^^^^^^^^^^^^^^^^^^
  File "/home/gavin/Discordbot/.venv/lib/python3.12/site-packages/aiohttp/resolver.py", line 40, in resolve
    infos = await self._loop.getaddrinfo(
            ^^^^^^^^^^^^^^^^^^^^^^^^^^^^^
  File "/usr/lib/python3.12/asyncio/base_events.py", line 901, in getaddrinfo
    return await self.run_in_executor(
           ^^^^^^^^^^^^^^^^^^^^^^^^^^^
  File "/usr/lib/python3.12/concurrent/futures/thread.py", line 58, in run
    result = self.fn(*self.args, **self.kwargs)
             ^^^^^^^^^^^^^^^^^^^^^^^^^^^^^^^^^^
  File "/usr/lib/python3.12/socket.py", line 963, in getaddrinfo
    for res in _socket.getaddrinfo(host, port, family, type, proto, flags):
               ^^^^^^^^^^^^^^^^^^^^^^^^^^^^^^^^^^^^^^^^^^^^^^^^^^^^^^^^^^^
socket.gaierror: [Errno -2] Name or service not known

The above exception was the direct cause of the following exception:

Traceback (most recent call last):
  File "/home/gavin/Discordbot/.venv/lib/python3.12/site-packages/discord/client.py", line 728, in connect
    self.ws = await asyncio.wait_for(coro, timeout=60.0)
              ^^^^^^^^^^^^^^^^^^^^^^^^^^^^^^^^^^^^^^^^^^
  File "/usr/lib/python3.12/asyncio/tasks.py", line 520, in wait_for
    return await fut
           ^^^^^^^^^
  File "/home/gavin/Discordbot/.venv/lib/python3.12/site-packages/discord/gateway.py", line 392, in from_client
    socket = await client.http.ws_connect(str(url))
             ^^^^^^^^^^^^^^^^^^^^^^^^^^^^^^^^^^^^^^
  File "/home/gavin/Discordbot/.venv/lib/python3.12/site-packages/discord/http.py", line 571, in ws_connect
    return await self.__session.ws_connect(url, **kwargs)
           ^^^^^^^^^^^^^^^^^^^^^^^^^^^^^^^^^^^^^^^^^^^^^^
  File "/home/gavin/Discordbot/.venv/lib/python3.12/site-packages/aiohttp/client.py", line 1076, in _ws_connect
    resp = await self.request(
           ^^^^^^^^^^^^^^^^^^^
  File "/home/gavin/Discordbot/.venv/lib/python3.12/site-packages/aiohttp/client.py", line 779, in _request
    resp = await handler(req)
           ^^^^^^^^^^^^^^^^^^
  File "/home/gavin/Discordbot/.venv/lib/python3.12/site-packages/aiohttp/client.py", line 734, in _connect_and_send_request
    conn = await self._connector.connect(
           ^^^^^^^^^^^^^^^^^^^^^^^^^^^^^^
  File "/home/gavin/Discordbot/.venv/lib/python3.12/site-packages/aiohttp/connector.py", line 672, in connect
    proto = await self._create_connection(req, traces, timeout)
            ^^^^^^^^^^^^^^^^^^^^^^^^^^^^^^^^^^^^^^^^^^^^^^^^^^^
  File "/home/gavin/Discordbot/.venv/lib/python3.12/site-packages/aiohttp/connector.py", line 1239, in _create_connection
    _, proto = await self._create_direct_connection(req, traces, timeout)
               ^^^^^^^^^^^^^^^^^^^^^^^^^^^^^^^^^^^^^^^^^^^^^^^^^^^^^^^^^^
  File "/home/gavin/Discordbot/.venv/lib/python3.12/site-packages/aiohttp/connector.py", line 1568, in _create_direct_connection
    raise ClientConnectorDNSError(req.connection_key, exc) from exc
aiohttp.client_exceptions.ClientConnectorDNSError: Cannot connect to host gateway-us-east1-c.discord.gg:443 ssl:default [Name or service not known]
2026-03-31 07:51:50,826 | ERROR    | discord.client | Attempting a reconnect in 6.29s
Traceback (most recent call last):
  File "/home/gavin/Discordbot/.venv/lib/python3.12/site-packages/aiohttp/connector.py", line 1562, in _create_direct_connection
    hosts = await self._resolve_host(host, port, traces=traces)
            ^^^^^^^^^^^^^^^^^^^^^^^^^^^^^^^^^^^^^^^^^^^^^^^^^^^
  File "/home/gavin/Discordbot/.venv/lib/python3.12/site-packages/aiohttp/connector.py", line 1178, in _resolve_host
    return await asyncio.shield(resolved_host_task)
           ^^^^^^^^^^^^^^^^^^^^^^^^^^^^^^^^^^^^^^^^
  File "/home/gavin/Discordbot/.venv/lib/python3.12/site-packages/aiohttp/connector.py", line 1209, in _resolve_host_with_throttle
    addrs = await self._resolver.resolve(host, port, family=self._family)
            ^^^^^^^^^^^^^^^^^^^^^^^^^^^^^^^^^^^^^^^^^^^^^^^^^^^^^^^^^^^^^
  File "/home/gavin/Discordbot/.venv/lib/python3.12/site-packages/aiohttp/resolver.py", line 40, in resolve
    infos = await self._loop.getaddrinfo(
            ^^^^^^^^^^^^^^^^^^^^^^^^^^^^^
  File "/usr/lib/python3.12/asyncio/base_events.py", line 901, in getaddrinfo
    return await self.run_in_executor(
           ^^^^^^^^^^^^^^^^^^^^^^^^^^^
  File "/usr/lib/python3.12/concurrent/futures/thread.py", line 58, in run
    result = self.fn(*self.args, **self.kwargs)
             ^^^^^^^^^^^^^^^^^^^^^^^^^^^^^^^^^^
  File "/usr/lib/python3.12/socket.py", line 963, in getaddrinfo
    for res in _socket.getaddrinfo(host, port, family, type, proto, flags):
               ^^^^^^^^^^^^^^^^^^^^^^^^^^^^^^^^^^^^^^^^^^^^^^^^^^^^^^^^^^^
socket.gaierror: [Errno -2] Name or service not known

The above exception was the direct cause of the following exception:

Traceback (most recent call last):
  File "/home/gavin/Discordbot/.venv/lib/python3.12/site-packages/discord/client.py", line 728, in connect
    self.ws = await asyncio.wait_for(coro, timeout=60.0)
              ^^^^^^^^^^^^^^^^^^^^^^^^^^^^^^^^^^^^^^^^^^
  File "/usr/lib/python3.12/asyncio/tasks.py", line 520, in wait_for
    return await fut
           ^^^^^^^^^
  File "/home/gavin/Discordbot/.venv/lib/python3.12/site-packages/discord/gateway.py", line 392, in from_client
    socket = await client.http.ws_connect(str(url))
             ^^^^^^^^^^^^^^^^^^^^^^^^^^^^^^^^^^^^^^
  File "/home/gavin/Discordbot/.venv/lib/python3.12/site-packages/discord/http.py", line 571, in ws_connect
    return await self.__session.ws_connect(url, **kwargs)
           ^^^^^^^^^^^^^^^^^^^^^^^^^^^^^^^^^^^^^^^^^^^^^^
  File "/home/gavin/Discordbot/.venv/lib/python3.12/site-packages/aiohttp/client.py", line 1076, in _ws_connect
    resp = await self.request(
           ^^^^^^^^^^^^^^^^^^^
  File "/home/gavin/Discordbot/.venv/lib/python3.12/site-packages/aiohttp/client.py", line 779, in _request
    resp = await handler(req)
           ^^^^^^^^^^^^^^^^^^
  File "/home/gavin/Discordbot/.venv/lib/python3.12/site-packages/aiohttp/client.py", line 734, in _connect_and_send_request
    conn = await self._connector.connect(
           ^^^^^^^^^^^^^^^^^^^^^^^^^^^^^^
  File "/home/gavin/Discordbot/.venv/lib/python3.12/site-packages/aiohttp/connector.py", line 672, in connect
    proto = await self._create_connection(req, traces, timeout)
            ^^^^^^^^^^^^^^^^^^^^^^^^^^^^^^^^^^^^^^^^^^^^^^^^^^^
  File "/home/gavin/Discordbot/.venv/lib/python3.12/site-packages/aiohttp/connector.py", line 1239, in _create_connection
    _, proto = await self._create_direct_connection(req, traces, timeout)
               ^^^^^^^^^^^^^^^^^^^^^^^^^^^^^^^^^^^^^^^^^^^^^^^^^^^^^^^^^^
  File "/home/gavin/Discordbot/.venv/lib/python3.12/site-packages/aiohttp/connector.py", line 1568, in _create_direct_connection
    raise ClientConnectorDNSError(req.connection_key, exc) from exc
aiohttp.client_exceptions.ClientConnectorDNSError: Cannot connect to host gateway-us-east1-c.discord.gg:443 ssl:default [Name or service not known]
2026-03-31 07:51:57,126 | ERROR    | discord.client | Attempting a reconnect in 9.07s
Traceback (most recent call last):
  File "/home/gavin/Discordbot/.venv/lib/python3.12/site-packages/aiohttp/connector.py", line 1562, in _create_direct_connection
    hosts = await self._resolve_host(host, port, traces=traces)
            ^^^^^^^^^^^^^^^^^^^^^^^^^^^^^^^^^^^^^^^^^^^^^^^^^^^
  File "/home/gavin/Discordbot/.venv/lib/python3.12/site-packages/aiohttp/connector.py", line 1178, in _resolve_host
    return await asyncio.shield(resolved_host_task)
           ^^^^^^^^^^^^^^^^^^^^^^^^^^^^^^^^^^^^^^^^
  File "/home/gavin/Discordbot/.venv/lib/python3.12/site-packages/aiohttp/connector.py", line 1209, in _resolve_host_with_throttle
    addrs = await self._resolver.resolve(host, port, family=self._family)
            ^^^^^^^^^^^^^^^^^^^^^^^^^^^^^^^^^^^^^^^^^^^^^^^^^^^^^^^^^^^^^
  File "/home/gavin/Discordbot/.venv/lib/python3.12/site-packages/aiohttp/resolver.py", line 40, in resolve
    infos = await self._loop.getaddrinfo(
            ^^^^^^^^^^^^^^^^^^^^^^^^^^^^^
  File "/usr/lib/python3.12/asyncio/base_events.py", line 901, in getaddrinfo
    return await self.run_in_executor(
           ^^^^^^^^^^^^^^^^^^^^^^^^^^^
  File "/usr/lib/python3.12/concurrent/futures/thread.py", line 58, in run
    result = self.fn(*self.args, **self.kwargs)
             ^^^^^^^^^^^^^^^^^^^^^^^^^^^^^^^^^^
  File "/usr/lib/python3.12/socket.py", line 963, in getaddrinfo
    for res in _socket.getaddrinfo(host, port, family, type, proto, flags):
               ^^^^^^^^^^^^^^^^^^^^^^^^^^^^^^^^^^^^^^^^^^^^^^^^^^^^^^^^^^^
socket.gaierror: [Errno -2] Name or service not known

The above exception was the direct cause of the following exception:

Traceback (most recent call last):
  File "/home/gavin/Discordbot/.venv/lib/python3.12/site-packages/discord/client.py", line 728, in connect
    self.ws = await asyncio.wait_for(coro, timeout=60.0)
              ^^^^^^^^^^^^^^^^^^^^^^^^^^^^^^^^^^^^^^^^^^
  File "/usr/lib/python3.12/asyncio/tasks.py", line 520, in wait_for
    return await fut
           ^^^^^^^^^
  File "/home/gavin/Discordbot/.venv/lib/python3.12/site-packages/discord/gateway.py", line 392, in from_client
    socket = await client.http.ws_connect(str(url))
             ^^^^^^^^^^^^^^^^^^^^^^^^^^^^^^^^^^^^^^
  File "/home/gavin/Discordbot/.venv/lib/python3.12/site-packages/discord/http.py", line 571, in ws_connect
    return await self.__session.ws_connect(url, **kwargs)
           ^^^^^^^^^^^^^^^^^^^^^^^^^^^^^^^^^^^^^^^^^^^^^^
  File "/home/gavin/Discordbot/.venv/lib/python3.12/site-packages/aiohttp/client.py", line 1076, in _ws_connect
    resp = await self.request(
           ^^^^^^^^^^^^^^^^^^^
  File "/home/gavin/Discordbot/.venv/lib/python3.12/site-packages/aiohttp/client.py", line 779, in _request
    resp = await handler(req)
           ^^^^^^^^^^^^^^^^^^
  File "/home/gavin/Discordbot/.venv/lib/python3.12/site-packages/aiohttp/client.py", line 734, in _connect_and_send_request
    conn = await self._connector.connect(
           ^^^^^^^^^^^^^^^^^^^^^^^^^^^^^^
  File "/home/gavin/Discordbot/.venv/lib/python3.12/site-packages/aiohttp/connector.py", line 672, in connect
    proto = await self._create_connection(req, traces, timeout)
            ^^^^^^^^^^^^^^^^^^^^^^^^^^^^^^^^^^^^^^^^^^^^^^^^^^^
  File "/home/gavin/Discordbot/.venv/lib/python3.12/site-packages/aiohttp/connector.py", line 1239, in _create_connection
    _, proto = await self._create_direct_connection(req, traces, timeout)
               ^^^^^^^^^^^^^^^^^^^^^^^^^^^^^^^^^^^^^^^^^^^^^^^^^^^^^^^^^^
  File "/home/gavin/Discordbot/.venv/lib/python3.12/site-packages/aiohttp/connector.py", line 1568, in _create_direct_connection
    raise ClientConnectorDNSError(req.connection_key, exc) from exc
aiohttp.client_exceptions.ClientConnectorDNSError: Cannot connect to host gateway-us-east1-c.discord.gg:443 ssl:default [Name or service not known]
2026-03-31 07:52:06,214 | ERROR    | discord.client | Attempting a reconnect in 46.66s
Traceback (most recent call last):
  File "/home/gavin/Discordbot/.venv/lib/python3.12/site-packages/aiohttp/connector.py", line 1562, in _create_direct_connection
    hosts = await self._resolve_host(host, port, traces=traces)
            ^^^^^^^^^^^^^^^^^^^^^^^^^^^^^^^^^^^^^^^^^^^^^^^^^^^
  File "/home/gavin/Discordbot/.venv/lib/python3.12/site-packages/aiohttp/connector.py", line 1178, in _resolve_host
    return await asyncio.shield(resolved_host_task)
           ^^^^^^^^^^^^^^^^^^^^^^^^^^^^^^^^^^^^^^^^
  File "/home/gavin/Discordbot/.venv/lib/python3.12/site-packages/aiohttp/connector.py", line 1209, in _resolve_host_with_throttle
    addrs = await self._resolver.resolve(host, port, family=self._family)
            ^^^^^^^^^^^^^^^^^^^^^^^^^^^^^^^^^^^^^^^^^^^^^^^^^^^^^^^^^^^^^
  File "/home/gavin/Discordbot/.venv/lib/python3.12/site-packages/aiohttp/resolver.py", line 40, in resolve
    infos = await self._loop.getaddrinfo(
            ^^^^^^^^^^^^^^^^^^^^^^^^^^^^^
  File "/usr/lib/python3.12/asyncio/base_events.py", line 901, in getaddrinfo
    return await self.run_in_executor(
           ^^^^^^^^^^^^^^^^^^^^^^^^^^^
  File "/usr/lib/python3.12/concurrent/futures/thread.py", line 58, in run
    result = self.fn(*self.args, **self.kwargs)
             ^^^^^^^^^^^^^^^^^^^^^^^^^^^^^^^^^^
  File "/usr/lib/python3.12/socket.py", line 963, in getaddrinfo
    for res in _socket.getaddrinfo(host, port, family, type, proto, flags):
               ^^^^^^^^^^^^^^^^^^^^^^^^^^^^^^^^^^^^^^^^^^^^^^^^^^^^^^^^^^^
socket.gaierror: [Errno -2] Name or service not known

The above exception was the direct cause of the following exception:

Traceback (most recent call last):
  File "/home/gavin/Discordbot/.venv/lib/python3.12/site-packages/discord/client.py", line 728, in connect
    self.ws = await asyncio.wait_for(coro, timeout=60.0)
              ^^^^^^^^^^^^^^^^^^^^^^^^^^^^^^^^^^^^^^^^^^
  File "/usr/lib/python3.12/asyncio/tasks.py", line 520, in wait_for
    return await fut
           ^^^^^^^^^
  File "/home/gavin/Discordbot/.venv/lib/python3.12/site-packages/discord/gateway.py", line 392, in from_client
    socket = await client.http.ws_connect(str(url))
             ^^^^^^^^^^^^^^^^^^^^^^^^^^^^^^^^^^^^^^
  File "/home/gavin/Discordbot/.venv/lib/python3.12/site-packages/discord/http.py", line 571, in ws_connect
    return await self.__session.ws_connect(url, **kwargs)
           ^^^^^^^^^^^^^^^^^^^^^^^^^^^^^^^^^^^^^^^^^^^^^^
  File "/home/gavin/Discordbot/.venv/lib/python3.12/site-packages/aiohttp/client.py", line 1076, in _ws_connect
    resp = await self.request(
           ^^^^^^^^^^^^^^^^^^^
  File "/home/gavin/Discordbot/.venv/lib/python3.12/site-packages/aiohttp/client.py", line 779, in _request
    resp = await handler(req)
           ^^^^^^^^^^^^^^^^^^
  File "/home/gavin/Discordbot/.venv/lib/python3.12/site-packages/aiohttp/client.py", line 734, in _connect_and_send_request
    conn = await self._connector.connect(
           ^^^^^^^^^^^^^^^^^^^^^^^^^^^^^^
  File "/home/gavin/Discordbot/.venv/lib/python3.12/site-packages/aiohttp/connector.py", line 672, in connect
    proto = await self._create_connection(req, traces, timeout)
            ^^^^^^^^^^^^^^^^^^^^^^^^^^^^^^^^^^^^^^^^^^^^^^^^^^^
  File "/home/gavin/Discordbot/.venv/lib/python3.12/site-packages/aiohttp/connector.py", line 1239, in _create_connection
    _, proto = await self._create_direct_connection(req, traces, timeout)
               ^^^^^^^^^^^^^^^^^^^^^^^^^^^^^^^^^^^^^^^^^^^^^^^^^^^^^^^^^^
  File "/home/gavin/Discordbot/.venv/lib/python3.12/site-packages/aiohttp/connector.py", line 1568, in _create_direct_connection
    raise ClientConnectorDNSError(req.connection_key, exc) from exc
aiohttp.client_exceptions.ClientConnectorDNSError: Cannot connect to host gateway-us-east1-c.discord.gg:443 ssl:default [Name or service not known]
2026-03-31 07:52:52,920 | ERROR    | discord.client | Attempting a reconnect in 57.29s
Traceback (most recent call last):
  File "/home/gavin/Discordbot/.venv/lib/python3.12/site-packages/aiohttp/connector.py", line 1562, in _create_direct_connection
    hosts = await self._resolve_host(host, port, traces=traces)
            ^^^^^^^^^^^^^^^^^^^^^^^^^^^^^^^^^^^^^^^^^^^^^^^^^^^
  File "/home/gavin/Discordbot/.venv/lib/python3.12/site-packages/aiohttp/connector.py", line 1178, in _resolve_host
    return await asyncio.shield(resolved_host_task)
           ^^^^^^^^^^^^^^^^^^^^^^^^^^^^^^^^^^^^^^^^
  File "/home/gavin/Discordbot/.venv/lib/python3.12/site-packages/aiohttp/connector.py", line 1209, in _resolve_host_with_throttle
    addrs = await self._resolver.resolve(host, port, family=self._family)
            ^^^^^^^^^^^^^^^^^^^^^^^^^^^^^^^^^^^^^^^^^^^^^^^^^^^^^^^^^^^^^
  File "/home/gavin/Discordbot/.venv/lib/python3.12/site-packages/aiohttp/resolver.py", line 40, in resolve
    infos = await self._loop.getaddrinfo(
            ^^^^^^^^^^^^^^^^^^^^^^^^^^^^^
  File "/usr/lib/python3.12/asyncio/base_events.py", line 901, in getaddrinfo
    return await self.run_in_executor(
           ^^^^^^^^^^^^^^^^^^^^^^^^^^^
  File "/usr/lib/python3.12/concurrent/futures/thread.py", line 58, in run
    result = self.fn(*self.args, **self.kwargs)
             ^^^^^^^^^^^^^^^^^^^^^^^^^^^^^^^^^^
  File "/usr/lib/python3.12/socket.py", line 963, in getaddrinfo
    for res in _socket.getaddrinfo(host, port, family, type, proto, flags):
               ^^^^^^^^^^^^^^^^^^^^^^^^^^^^^^^^^^^^^^^^^^^^^^^^^^^^^^^^^^^
socket.gaierror: [Errno -2] Name or service not known

The above exception was the direct cause of the following exception:

Traceback (most recent call last):
  File "/home/gavin/Discordbot/.venv/lib/python3.12/site-packages/discord/client.py", line 728, in connect
    self.ws = await asyncio.wait_for(coro, timeout=60.0)
              ^^^^^^^^^^^^^^^^^^^^^^^^^^^^^^^^^^^^^^^^^^
  File "/usr/lib/python3.12/asyncio/tasks.py", line 520, in wait_for
    return await fut
           ^^^^^^^^^
  File "/home/gavin/Discordbot/.venv/lib/python3.12/site-packages/discord/gateway.py", line 392, in from_client
    socket = await client.http.ws_connect(str(url))
             ^^^^^^^^^^^^^^^^^^^^^^^^^^^^^^^^^^^^^^
  File "/home/gavin/Discordbot/.venv/lib/python3.12/site-packages/discord/http.py", line 571, in ws_connect
    return await self.__session.ws_connect(url, **kwargs)
           ^^^^^^^^^^^^^^^^^^^^^^^^^^^^^^^^^^^^^^^^^^^^^^
  File "/home/gavin/Discordbot/.venv/lib/python3.12/site-packages/aiohttp/client.py", line 1076, in _ws_connect
    resp = await self.request(
           ^^^^^^^^^^^^^^^^^^^
  File "/home/gavin/Discordbot/.venv/lib/python3.12/site-packages/aiohttp/client.py", line 779, in _request
    resp = await handler(req)
           ^^^^^^^^^^^^^^^^^^
  File "/home/gavin/Discordbot/.venv/lib/python3.12/site-packages/aiohttp/client.py", line 734, in _connect_and_send_request
    conn = await self._connector.connect(
           ^^^^^^^^^^^^^^^^^^^^^^^^^^^^^^
  File "/home/gavin/Discordbot/.venv/lib/python3.12/site-packages/aiohttp/connector.py", line 672, in connect
    proto = await self._create_connection(req, traces, timeout)
            ^^^^^^^^^^^^^^^^^^^^^^^^^^^^^^^^^^^^^^^^^^^^^^^^^^^
  File "/home/gavin/Discordbot/.venv/lib/python3.12/site-packages/aiohttp/connector.py", line 1239, in _create_connection
    _, proto = await self._create_direct_connection(req, traces, timeout)
               ^^^^^^^^^^^^^^^^^^^^^^^^^^^^^^^^^^^^^^^^^^^^^^^^^^^^^^^^^^
  File "/home/gavin/Discordbot/.venv/lib/python3.12/site-packages/aiohttp/connector.py", line 1568, in _create_direct_connection
    raise ClientConnectorDNSError(req.connection_key, exc) from exc
aiohttp.client_exceptions.ClientConnectorDNSError: Cannot connect to host gateway-us-east1-c.discord.gg:443 ssl:default [Name or service not known]
2026-03-31 07:53:50,219 | ERROR    | discord.client | Attempting a reconnect in 234.03s
Traceback (most recent call last):
  File "/home/gavin/Discordbot/.venv/lib/python3.12/site-packages/aiohttp/connector.py", line 1562, in _create_direct_connection
    hosts = await self._resolve_host(host, port, traces=traces)
            ^^^^^^^^^^^^^^^^^^^^^^^^^^^^^^^^^^^^^^^^^^^^^^^^^^^
  File "/home/gavin/Discordbot/.venv/lib/python3.12/site-packages/aiohttp/connector.py", line 1178, in _resolve_host
    return await asyncio.shield(resolved_host_task)
           ^^^^^^^^^^^^^^^^^^^^^^^^^^^^^^^^^^^^^^^^
  File "/home/gavin/Discordbot/.venv/lib/python3.12/site-packages/aiohttp/connector.py", line 1209, in _resolve_host_with_throttle
    addrs = await self._resolver.resolve(host, port, family=self._family)
            ^^^^^^^^^^^^^^^^^^^^^^^^^^^^^^^^^^^^^^^^^^^^^^^^^^^^^^^^^^^^^
  File "/home/gavin/Discordbot/.venv/lib/python3.12/site-packages/aiohttp/resolver.py", line 40, in resolve
    infos = await self._loop.getaddrinfo(
            ^^^^^^^^^^^^^^^^^^^^^^^^^^^^^
  File "/usr/lib/python3.12/asyncio/base_events.py", line 901, in getaddrinfo
    return await self.run_in_executor(
           ^^^^^^^^^^^^^^^^^^^^^^^^^^^
  File "/usr/lib/python3.12/concurrent/futures/thread.py", line 58, in run
    result = self.fn(*self.args, **self.kwargs)
             ^^^^^^^^^^^^^^^^^^^^^^^^^^^^^^^^^^
  File "/usr/lib/python3.12/socket.py", line 963, in getaddrinfo
    for res in _socket.getaddrinfo(host, port, family, type, proto, flags):
               ^^^^^^^^^^^^^^^^^^^^^^^^^^^^^^^^^^^^^^^^^^^^^^^^^^^^^^^^^^^
socket.gaierror: [Errno -2] Name or service not known

The above exception was the direct cause of the following exception:

Traceback (most recent call last):
  File "/home/gavin/Discordbot/.venv/lib/python3.12/site-packages/discord/client.py", line 728, in connect
    self.ws = await asyncio.wait_for(coro, timeout=60.0)
              ^^^^^^^^^^^^^^^^^^^^^^^^^^^^^^^^^^^^^^^^^^
  File "/usr/lib/python3.12/asyncio/tasks.py", line 520, in wait_for
    return await fut
           ^^^^^^^^^
  File "/home/gavin/Discordbot/.venv/lib/python3.12/site-packages/discord/gateway.py", line 392, in from_client
    socket = await client.http.ws_connect(str(url))
             ^^^^^^^^^^^^^^^^^^^^^^^^^^^^^^^^^^^^^^
  File "/home/gavin/Discordbot/.venv/lib/python3.12/site-packages/discord/http.py", line 571, in ws_connect
    return await self.__session.ws_connect(url, **kwargs)
           ^^^^^^^^^^^^^^^^^^^^^^^^^^^^^^^^^^^^^^^^^^^^^^
  File "/home/gavin/Discordbot/.venv/lib/python3.12/site-packages/aiohttp/client.py", line 1076, in _ws_connect
    resp = await self.request(
           ^^^^^^^^^^^^^^^^^^^
  File "/home/gavin/Discordbot/.venv/lib/python3.12/site-packages/aiohttp/client.py", line 779, in _request
    resp = await handler(req)
           ^^^^^^^^^^^^^^^^^^
  File "/home/gavin/Discordbot/.venv/lib/python3.12/site-packages/aiohttp/client.py", line 734, in _connect_and_send_request
    conn = await self._connector.connect(
           ^^^^^^^^^^^^^^^^^^^^^^^^^^^^^^
  File "/home/gavin/Discordbot/.venv/lib/python3.12/site-packages/aiohttp/connector.py", line 672, in connect
    proto = await self._create_connection(req, traces, timeout)
            ^^^^^^^^^^^^^^^^^^^^^^^^^^^^^^^^^^^^^^^^^^^^^^^^^^^
  File "/home/gavin/Discordbot/.venv/lib/python3.12/site-packages/aiohttp/connector.py", line 1239, in _create_connection
    _, proto = await self._create_direct_connection(req, traces, timeout)
               ^^^^^^^^^^^^^^^^^^^^^^^^^^^^^^^^^^^^^^^^^^^^^^^^^^^^^^^^^^
  File "/home/gavin/Discordbot/.venv/lib/python3.12/site-packages/aiohttp/connector.py", line 1568, in _create_direct_connection
    raise ClientConnectorDNSError(req.connection_key, exc) from exc
aiohttp.client_exceptions.ClientConnectorDNSError: Cannot connect to host gateway-us-east1-c.discord.gg:443 ssl:default [Name or service not known]
2026-03-31 07:57:44,333 | ERROR    | discord.client | Attempting a reconnect in 213.76s
Traceback (most recent call last):
  File "/home/gavin/Discordbot/.venv/lib/python3.12/site-packages/aiohttp/connector.py", line 1562, in _create_direct_connection
    hosts = await self._resolve_host(host, port, traces=traces)
            ^^^^^^^^^^^^^^^^^^^^^^^^^^^^^^^^^^^^^^^^^^^^^^^^^^^
  File "/home/gavin/Discordbot/.venv/lib/python3.12/site-packages/aiohttp/connector.py", line 1178, in _resolve_host
    return await asyncio.shield(resolved_host_task)
           ^^^^^^^^^^^^^^^^^^^^^^^^^^^^^^^^^^^^^^^^
  File "/home/gavin/Discordbot/.venv/lib/python3.12/site-packages/aiohttp/connector.py", line 1209, in _resolve_host_with_throttle
    addrs = await self._resolver.resolve(host, port, family=self._family)
            ^^^^^^^^^^^^^^^^^^^^^^^^^^^^^^^^^^^^^^^^^^^^^^^^^^^^^^^^^^^^^
  File "/home/gavin/Discordbot/.venv/lib/python3.12/site-packages/aiohttp/resolver.py", line 40, in resolve
    infos = await self._loop.getaddrinfo(
            ^^^^^^^^^^^^^^^^^^^^^^^^^^^^^
  File "/usr/lib/python3.12/asyncio/base_events.py", line 901, in getaddrinfo
    return await self.run_in_executor(
           ^^^^^^^^^^^^^^^^^^^^^^^^^^^
  File "/usr/lib/python3.12/concurrent/futures/thread.py", line 58, in run
    result = self.fn(*self.args, **self.kwargs)
             ^^^^^^^^^^^^^^^^^^^^^^^^^^^^^^^^^^
  File "/usr/lib/python3.12/socket.py", line 963, in getaddrinfo
    for res in _socket.getaddrinfo(host, port, family, type, proto, flags):
               ^^^^^^^^^^^^^^^^^^^^^^^^^^^^^^^^^^^^^^^^^^^^^^^^^^^^^^^^^^^
socket.gaierror: [Errno -2] Name or service not known

The above exception was the direct cause of the following exception:

Traceback (most recent call last):
  File "/home/gavin/Discordbot/.venv/lib/python3.12/site-packages/discord/client.py", line 728, in connect
    self.ws = await asyncio.wait_for(coro, timeout=60.0)
              ^^^^^^^^^^^^^^^^^^^^^^^^^^^^^^^^^^^^^^^^^^
  File "/usr/lib/python3.12/asyncio/tasks.py", line 520, in wait_for
    return await fut
           ^^^^^^^^^
  File "/home/gavin/Discordbot/.venv/lib/python3.12/site-packages/discord/gateway.py", line 392, in from_client
    socket = await client.http.ws_connect(str(url))
             ^^^^^^^^^^^^^^^^^^^^^^^^^^^^^^^^^^^^^^
  File "/home/gavin/Discordbot/.venv/lib/python3.12/site-packages/discord/http.py", line 571, in ws_connect
    return await self.__session.ws_connect(url, **kwargs)
           ^^^^^^^^^^^^^^^^^^^^^^^^^^^^^^^^^^^^^^^^^^^^^^
  File "/home/gavin/Discordbot/.venv/lib/python3.12/site-packages/aiohttp/client.py", line 1076, in _ws_connect
    resp = await self.request(
           ^^^^^^^^^^^^^^^^^^^
  File "/home/gavin/Discordbot/.venv/lib/python3.12/site-packages/aiohttp/client.py", line 779, in _request
    resp = await handler(req)
           ^^^^^^^^^^^^^^^^^^
  File "/home/gavin/Discordbot/.venv/lib/python3.12/site-packages/aiohttp/client.py", line 734, in _connect_and_send_request
    conn = await self._connector.connect(
           ^^^^^^^^^^^^^^^^^^^^^^^^^^^^^^
  File "/home/gavin/Discordbot/.venv/lib/python3.12/site-packages/aiohttp/connector.py", line 672, in connect
    proto = await self._create_connection(req, traces, timeout)
            ^^^^^^^^^^^^^^^^^^^^^^^^^^^^^^^^^^^^^^^^^^^^^^^^^^^
  File "/home/gavin/Discordbot/.venv/lib/python3.12/site-packages/aiohttp/connector.py", line 1239, in _create_connection
    _, proto = await self._create_direct_connection(req, traces, timeout)
               ^^^^^^^^^^^^^^^^^^^^^^^^^^^^^^^^^^^^^^^^^^^^^^^^^^^^^^^^^^
  File "/home/gavin/Discordbot/.venv/lib/python3.12/site-packages/aiohttp/connector.py", line 1568, in _create_direct_connection
    raise ClientConnectorDNSError(req.connection_key, exc) from exc
aiohttp.client_exceptions.ClientConnectorDNSError: Cannot connect to host gateway-us-east1-c.discord.gg:443 ssl:default [Name or service not known]
2026-03-31 08:01:18,171 | ERROR    | discord.client | Attempting a reconnect in 657.49s
Traceback (most recent call last):
  File "/home/gavin/Discordbot/.venv/lib/python3.12/site-packages/aiohttp/connector.py", line 1562, in _create_direct_connection
    hosts = await self._resolve_host(host, port, traces=traces)
            ^^^^^^^^^^^^^^^^^^^^^^^^^^^^^^^^^^^^^^^^^^^^^^^^^^^
  File "/home/gavin/Discordbot/.venv/lib/python3.12/site-packages/aiohttp/connector.py", line 1178, in _resolve_host
    return await asyncio.shield(resolved_host_task)
           ^^^^^^^^^^^^^^^^^^^^^^^^^^^^^^^^^^^^^^^^
  File "/home/gavin/Discordbot/.venv/lib/python3.12/site-packages/aiohttp/connector.py", line 1209, in _resolve_host_with_throttle
    addrs = await self._resolver.resolve(host, port, family=self._family)
            ^^^^^^^^^^^^^^^^^^^^^^^^^^^^^^^^^^^^^^^^^^^^^^^^^^^^^^^^^^^^^
  File "/home/gavin/Discordbot/.venv/lib/python3.12/site-packages/aiohttp/resolver.py", line 40, in resolve
    infos = await self._loop.getaddrinfo(
            ^^^^^^^^^^^^^^^^^^^^^^^^^^^^^
  File "/usr/lib/python3.12/asyncio/base_events.py", line 901, in getaddrinfo
    return await self.run_in_executor(
           ^^^^^^^^^^^^^^^^^^^^^^^^^^^
  File "/usr/lib/python3.12/concurrent/futures/thread.py", line 58, in run
    result = self.fn(*self.args, **self.kwargs)
             ^^^^^^^^^^^^^^^^^^^^^^^^^^^^^^^^^^
  File "/usr/lib/python3.12/socket.py", line 963, in getaddrinfo
    for res in _socket.getaddrinfo(host, port, family, type, proto, flags):
               ^^^^^^^^^^^^^^^^^^^^^^^^^^^^^^^^^^^^^^^^^^^^^^^^^^^^^^^^^^^
socket.gaierror: [Errno -2] Name or service not known

The above exception was the direct cause of the following exception:

Traceback (most recent call last):
  File "/home/gavin/Discordbot/.venv/lib/python3.12/site-packages/discord/client.py", line 728, in connect
    self.ws = await asyncio.wait_for(coro, timeout=60.0)
              ^^^^^^^^^^^^^^^^^^^^^^^^^^^^^^^^^^^^^^^^^^
  File "/usr/lib/python3.12/asyncio/tasks.py", line 520, in wait_for
    return await fut
           ^^^^^^^^^
  File "/home/gavin/Discordbot/.venv/lib/python3.12/site-packages/discord/gateway.py", line 392, in from_client
    socket = await client.http.ws_connect(str(url))
             ^^^^^^^^^^^^^^^^^^^^^^^^^^^^^^^^^^^^^^
  File "/home/gavin/Discordbot/.venv/lib/python3.12/site-packages/discord/http.py", line 571, in ws_connect
    return await self.__session.ws_connect(url, **kwargs)
           ^^^^^^^^^^^^^^^^^^^^^^^^^^^^^^^^^^^^^^^^^^^^^^
  File "/home/gavin/Discordbot/.venv/lib/python3.12/site-packages/aiohttp/client.py", line 1076, in _ws_connect
    resp = await self.request(
           ^^^^^^^^^^^^^^^^^^^
  File "/home/gavin/Discordbot/.venv/lib/python3.12/site-packages/aiohttp/client.py", line 779, in _request
    resp = await handler(req)
           ^^^^^^^^^^^^^^^^^^
  File "/home/gavin/Discordbot/.venv/lib/python3.12/site-packages/aiohttp/client.py", line 734, in _connect_and_send_request
    conn = await self._connector.connect(
           ^^^^^^^^^^^^^^^^^^^^^^^^^^^^^^
  File "/home/gavin/Discordbot/.venv/lib/python3.12/site-packages/aiohttp/connector.py", line 672, in connect
    proto = await self._create_connection(req, traces, timeout)
            ^^^^^^^^^^^^^^^^^^^^^^^^^^^^^^^^^^^^^^^^^^^^^^^^^^^
  File "/home/gavin/Discordbot/.venv/lib/python3.12/site-packages/aiohttp/connector.py", line 1239, in _create_connection
    _, proto = await self._create_direct_connection(req, traces, timeout)
               ^^^^^^^^^^^^^^^^^^^^^^^^^^^^^^^^^^^^^^^^^^^^^^^^^^^^^^^^^^
  File "/home/gavin/Discordbot/.venv/lib/python3.12/site-packages/aiohttp/connector.py", line 1568, in _create_direct_connection
    raise ClientConnectorDNSError(req.connection_key, exc) from exc
aiohttp.client_exceptions.ClientConnectorDNSError: Cannot connect to host gateway-us-east1-c.discord.gg:443 ssl:default [Name or service not known]
2026-03-31 08:12:15,979 | INFO     | discord.gateway | Shard ID None session has been invalidated.
2026-03-31 08:12:21,421 | INFO     | discord.gateway | Shard ID None has connected to Gateway (Session ID: a7caddeef8fd6586502124a886d61770).
2026-03-31 10:47:49,269 | INFO     | discord.gateway | Shard ID None has successfully RESUMED session a7caddeef8fd6586502124a886d61770.
2026-03-31 12:11:54,074 | INFO     | discord.gateway | Shard ID None has successfully RESUMED session a7caddeef8fd6586502124a886d61770.
2026-03-31 15:52:01,848 | INFO     | discord.gateway | Shard ID None session has been invalidated.
2026-03-31 15:52:07,356 | INFO     | discord.gateway | Shard ID None has connected to Gateway (Session ID: e1cc5525632057921f4b2237d7005c3a).
2026-03-31 16:06:34,916 | INFO     | discord.gateway | Shard ID None session has been invalidated.
2026-03-31 16:06:40,481 | INFO     | discord.gateway | Shard ID None has connected to Gateway (Session ID: 7f395578d144b8e17452624361624e0e).
2026-03-31 18:39:10,365 | INFO     | discord.gateway | Shard ID None session has been invalidated.
2026-03-31 18:39:15,914 | INFO     | discord.gateway | Shard ID None has connected to Gateway (Session ID: 74bb06c07214ab6b34d0635a1ca3ccd2).
2026-03-31 18:55:54,988 | INFO     | discord.gateway | Shard ID None session has been invalidated.
2026-03-31 18:56:00,464 | INFO     | discord.gateway | Shard ID None has connected to Gateway (Session ID: 1eecdbe9e7b729355175d7a910203918).
2026-03-31 19:00:56,361 | INFO     | discord.gateway | Shard ID None has successfully RESUMED session 1eecdbe9e7b729355175d7a910203918.
2026-03-31 19:04:41,156 | INFO     | discord.gateway | Shard ID None has successfully RESUMED session 1eecdbe9e7b729355175d7a910203918.
2026-03-31 21:13:49,198 | WARNING  | discord.client | PyNaCl is not installed, voice will NOT be supported
2026-03-31 21:13:49,198 | WARNING  | discord.client | davey is not installed, voice will NOT be supported
2026-03-31 21:13:49,518 | INFO     | discord.client | logging in using static token
2026-03-31 21:13:50,546 | INFO     | discord.gateway | Shard ID None has connected to Gateway (Session ID: c96aeeeadf7c7455a302242bed98b4bd).
2026-03-31 21:33:20,056 | INFO     | discord.gateway | Shard ID None session has been invalidated.
2026-03-31 21:33:25,795 | INFO     | discord.gateway | Shard ID None has connected to Gateway (Session ID: 4db9b5d598763ef01d6c07e063b52afd).
2026-03-31 21:35:10,420 | INFO     | discord.gateway | Shard ID None has successfully RESUMED session 4db9b5d598763ef01d6c07e063b52afd.
2026-03-31 21:51:40,939 | INFO     | discord.gateway | Shard ID None has successfully RESUMED session 4db9b5d598763ef01d6c07e063b52afd.
2026-04-01 01:51:31,401 | INFO     | discord.gateway | Shard ID None has successfully RESUMED session 4db9b5d598763ef01d6c07e063b52afd.
2026-04-01 05:02:03,483 | INFO     | discord.gateway | Shard ID None has successfully RESUMED session 4db9b5d598763ef01d6c07e063b52afd.
2026-04-01 05:22:54,499 | INFO     | discord.gateway | Shard ID None has successfully RESUMED session 4db9b5d598763ef01d6c07e063b52afd.
2026-04-01 06:27:50,224 | INFO     | discord.gateway | Shard ID None has successfully RESUMED session 4db9b5d598763ef01d6c07e063b52afd.
2026-04-01 15:51:23,887 | WARNING  | discord.client | PyNaCl is not installed, voice will NOT be supported
2026-04-01 15:51:23,888 | WARNING  | discord.client | davey is not installed, voice will NOT be supported
2026-04-01 15:51:24,133 | INFO     | discord.client | logging in using static token
2026-04-01 15:51:24,960 | INFO     | discord.gateway | Shard ID None has connected to Gateway (Session ID: 8c9a2036aa795fa123167eb001135fba).
2026-04-01 16:00:36,997 | INFO     | discord.gateway | Shard ID None session has been invalidated.
2026-04-01 16:00:42,885 | INFO     | discord.gateway | Shard ID None has connected to Gateway (Session ID: 46b38f798ed33fb88ccda4d942de1c19).
2026-04-01 16:10:45,907 | INFO     | discord.gateway | Shard ID None session has been invalidated.
2026-04-01 16:10:51,384 | INFO     | discord.gateway | Shard ID None has connected to Gateway (Session ID: 2c584fabaac9cfade46b0151cc6f15a0).
2026-04-01 16:50:38,727 | INFO     | discord.gateway | Shard ID None session has been invalidated.
2026-04-01 16:50:44,299 | INFO     | discord.gateway | Shard ID None has connected to Gateway (Session ID: f238fdc7bb997d343b63137fb8fecaf9).
2026-04-01 17:11:13,973 | INFO     | discord.gateway | Shard ID None session has been invalidated.
2026-04-01 17:11:20,114 | INFO     | discord.gateway | Shard ID None has connected to Gateway (Session ID: 0b21d1a63be16a341e44b2c58060fa07).
2026-04-01 17:31:41,168 | INFO     | discord.gateway | Shard ID None has successfully RESUMED session 0b21d1a63be16a341e44b2c58060fa07.
2026-04-01 19:27:34,963 | INFO     | discord.gateway | Shard ID None has successfully RESUMED session 0b21d1a63be16a341e44b2c58060fa07.
2026-04-01 20:06:57,578 | INFO     | discord.gateway | Shard ID None session has been invalidated.
2026-04-01 20:07:56,094 | INFO     | discord.gateway | Shard ID None has connected to Gateway (Session ID: d7c3aa3b7e8b4b68fccb5101a72623c7).
2026-04-01 20:22:02,892 | INFO     | discord.gateway | Shard ID None session has been invalidated.
2026-04-01 20:22:12,273 | INFO     | discord.gateway | Shard ID None has connected to Gateway (Session ID: e57b485f7244a4e125fd8f5541dd568b).
2026-04-01 21:05:53,074 | INFO     | discord.gateway | Shard ID None session has been invalidated.
2026-04-01 21:05:59,321 | INFO     | discord.gateway | Shard ID None has connected to Gateway (Session ID: 324bf5afb2bf4df06818520b615093c2).
2026-04-02 00:22:21,273 | INFO     | discord.gateway | Shard ID None has successfully RESUMED session 324bf5afb2bf4df06818520b615093c2.
2026-04-02 03:37:31,696 | INFO     | discord.gateway | Shard ID None has successfully RESUMED session 324bf5afb2bf4df06818520b615093c2.
2026-04-02 04:25:55,983 | INFO     | discord.gateway | Shard ID None has successfully RESUMED session 324bf5afb2bf4df06818520b615093c2.
2026-04-02 06:56:44,764 | INFO     | discord.gateway | Shard ID None has successfully RESUMED session 324bf5afb2bf4df06818520b615093c2.
2026-04-03 08:27:22,968 | WARNING  | discord.client | PyNaCl is not installed, voice will NOT be supported
2026-04-03 08:27:22,968 | WARNING  | discord.client | davey is not installed, voice will NOT be supported
2026-04-03 08:27:23,219 | INFO     | discord.client | logging in using static token
2026-04-03 08:27:24,418 | INFO     | discord.gateway | Shard ID None has connected to Gateway (Session ID: f7116a5a72bc50d618ce5cd5f35ed18f).
2026-04-03 10:09:22,300 | INFO     | discord.gateway | Shard ID None has successfully RESUMED session f7116a5a72bc50d618ce5cd5f35ed18f.
2026-04-03 10:23:54,465 | INFO     | discord.gateway | Shard ID None session has been invalidated.
2026-04-03 10:24:00,575 | INFO     | discord.gateway | Shard ID None has connected to Gateway (Session ID: c28de1bc31aac819fa61aa297d3f4f3b).
2026-04-03 10:38:53,731 | INFO     | discord.gateway | Shard ID None has successfully RESUMED session c28de1bc31aac819fa61aa297d3f4f3b.
2026-04-03 10:42:15,728 | INFO     | discord.gateway | Shard ID None has successfully RESUMED session c28de1bc31aac819fa61aa297d3f4f3b.
2026-04-03 10:48:10,900 | ERROR    | discord.client | Attempting a reconnect in 0.19s
Traceback (most recent call last):
  File "/home/gavin/Discordbot/.venv/lib/python3.12/site-packages/aiohttp/connector.py", line 1562, in _create_direct_connection
    hosts = await self._resolve_host(host, port, traces=traces)
            ^^^^^^^^^^^^^^^^^^^^^^^^^^^^^^^^^^^^^^^^^^^^^^^^^^^
  File "/home/gavin/Discordbot/.venv/lib/python3.12/site-packages/aiohttp/connector.py", line 1178, in _resolve_host
    return await asyncio.shield(resolved_host_task)
           ^^^^^^^^^^^^^^^^^^^^^^^^^^^^^^^^^^^^^^^^
  File "/home/gavin/Discordbot/.venv/lib/python3.12/site-packages/aiohttp/connector.py", line 1209, in _resolve_host_with_throttle
    addrs = await self._resolver.resolve(host, port, family=self._family)
            ^^^^^^^^^^^^^^^^^^^^^^^^^^^^^^^^^^^^^^^^^^^^^^^^^^^^^^^^^^^^^
  File "/home/gavin/Discordbot/.venv/lib/python3.12/site-packages/aiohttp/resolver.py", line 40, in resolve
    infos = await self._loop.getaddrinfo(
            ^^^^^^^^^^^^^^^^^^^^^^^^^^^^^
  File "/usr/lib/python3.12/asyncio/base_events.py", line 901, in getaddrinfo
    return await self.run_in_executor(
           ^^^^^^^^^^^^^^^^^^^^^^^^^^^
  File "/usr/lib/python3.12/concurrent/futures/thread.py", line 58, in run
    result = self.fn(*self.args, **self.kwargs)
             ^^^^^^^^^^^^^^^^^^^^^^^^^^^^^^^^^^
  File "/usr/lib/python3.12/socket.py", line 963, in getaddrinfo
    for res in _socket.getaddrinfo(host, port, family, type, proto, flags):
               ^^^^^^^^^^^^^^^^^^^^^^^^^^^^^^^^^^^^^^^^^^^^^^^^^^^^^^^^^^^
socket.gaierror: [Errno -2] Name or service not known

The above exception was the direct cause of the following exception:

Traceback (most recent call last):
  File "/home/gavin/Discordbot/.venv/lib/python3.12/site-packages/discord/client.py", line 728, in connect
    self.ws = await asyncio.wait_for(coro, timeout=60.0)
              ^^^^^^^^^^^^^^^^^^^^^^^^^^^^^^^^^^^^^^^^^^
  File "/usr/lib/python3.12/asyncio/tasks.py", line 520, in wait_for
    return await fut
           ^^^^^^^^^
  File "/home/gavin/Discordbot/.venv/lib/python3.12/site-packages/discord/gateway.py", line 392, in from_client
    socket = await client.http.ws_connect(str(url))
             ^^^^^^^^^^^^^^^^^^^^^^^^^^^^^^^^^^^^^^
  File "/home/gavin/Discordbot/.venv/lib/python3.12/site-packages/discord/http.py", line 571, in ws_connect
    return await self.__session.ws_connect(url, **kwargs)
           ^^^^^^^^^^^^^^^^^^^^^^^^^^^^^^^^^^^^^^^^^^^^^^
  File "/home/gavin/Discordbot/.venv/lib/python3.12/site-packages/aiohttp/client.py", line 1076, in _ws_connect
    resp = await self.request(
           ^^^^^^^^^^^^^^^^^^^
  File "/home/gavin/Discordbot/.venv/lib/python3.12/site-packages/aiohttp/client.py", line 779, in _request
    resp = await handler(req)
           ^^^^^^^^^^^^^^^^^^
  File "/home/gavin/Discordbot/.venv/lib/python3.12/site-packages/aiohttp/client.py", line 734, in _connect_and_send_request
    conn = await self._connector.connect(
           ^^^^^^^^^^^^^^^^^^^^^^^^^^^^^^
  File "/home/gavin/Discordbot/.venv/lib/python3.12/site-packages/aiohttp/connector.py", line 672, in connect
    proto = await self._create_connection(req, traces, timeout)
            ^^^^^^^^^^^^^^^^^^^^^^^^^^^^^^^^^^^^^^^^^^^^^^^^^^^
  File "/home/gavin/Discordbot/.venv/lib/python3.12/site-packages/aiohttp/connector.py", line 1239, in _create_connection
    _, proto = await self._create_direct_connection(req, traces, timeout)
               ^^^^^^^^^^^^^^^^^^^^^^^^^^^^^^^^^^^^^^^^^^^^^^^^^^^^^^^^^^
  File "/home/gavin/Discordbot/.venv/lib/python3.12/site-packages/aiohttp/connector.py", line 1568, in _create_direct_connection
    raise ClientConnectorDNSError(req.connection_key, exc) from exc
aiohttp.client_exceptions.ClientConnectorDNSError: Cannot connect to host gateway-us-east1-b.discord.gg:443 ssl:default [Name or service not known]
2026-04-03 10:48:11,122 | ERROR    | discord.client | Attempting a reconnect in 0.35s
Traceback (most recent call last):
  File "/home/gavin/Discordbot/.venv/lib/python3.12/site-packages/aiohttp/connector.py", line 1562, in _create_direct_connection
    hosts = await self._resolve_host(host, port, traces=traces)
            ^^^^^^^^^^^^^^^^^^^^^^^^^^^^^^^^^^^^^^^^^^^^^^^^^^^
  File "/home/gavin/Discordbot/.venv/lib/python3.12/site-packages/aiohttp/connector.py", line 1178, in _resolve_host
    return await asyncio.shield(resolved_host_task)
           ^^^^^^^^^^^^^^^^^^^^^^^^^^^^^^^^^^^^^^^^
  File "/home/gavin/Discordbot/.venv/lib/python3.12/site-packages/aiohttp/connector.py", line 1209, in _resolve_host_with_throttle
    addrs = await self._resolver.resolve(host, port, family=self._family)
            ^^^^^^^^^^^^^^^^^^^^^^^^^^^^^^^^^^^^^^^^^^^^^^^^^^^^^^^^^^^^^
  File "/home/gavin/Discordbot/.venv/lib/python3.12/site-packages/aiohttp/resolver.py", line 40, in resolve
    infos = await self._loop.getaddrinfo(
            ^^^^^^^^^^^^^^^^^^^^^^^^^^^^^
  File "/usr/lib/python3.12/asyncio/base_events.py", line 901, in getaddrinfo
    return await self.run_in_executor(
           ^^^^^^^^^^^^^^^^^^^^^^^^^^^
  File "/usr/lib/python3.12/concurrent/futures/thread.py", line 58, in run
    result = self.fn(*self.args, **self.kwargs)
             ^^^^^^^^^^^^^^^^^^^^^^^^^^^^^^^^^^
  File "/usr/lib/python3.12/socket.py", line 963, in getaddrinfo
    for res in _socket.getaddrinfo(host, port, family, type, proto, flags):
               ^^^^^^^^^^^^^^^^^^^^^^^^^^^^^^^^^^^^^^^^^^^^^^^^^^^^^^^^^^^
socket.gaierror: [Errno -2] Name or service not known

The above exception was the direct cause of the following exception:

Traceback (most recent call last):
  File "/home/gavin/Discordbot/.venv/lib/python3.12/site-packages/discord/client.py", line 728, in connect
    self.ws = await asyncio.wait_for(coro, timeout=60.0)
              ^^^^^^^^^^^^^^^^^^^^^^^^^^^^^^^^^^^^^^^^^^
  File "/usr/lib/python3.12/asyncio/tasks.py", line 520, in wait_for
    return await fut
           ^^^^^^^^^
  File "/home/gavin/Discordbot/.venv/lib/python3.12/site-packages/discord/gateway.py", line 392, in from_client
    socket = await client.http.ws_connect(str(url))
             ^^^^^^^^^^^^^^^^^^^^^^^^^^^^^^^^^^^^^^
  File "/home/gavin/Discordbot/.venv/lib/python3.12/site-packages/discord/http.py", line 571, in ws_connect
    return await self.__session.ws_connect(url, **kwargs)
           ^^^^^^^^^^^^^^^^^^^^^^^^^^^^^^^^^^^^^^^^^^^^^^
  File "/home/gavin/Discordbot/.venv/lib/python3.12/site-packages/aiohttp/client.py", line 1076, in _ws_connect
    resp = await self.request(
           ^^^^^^^^^^^^^^^^^^^
  File "/home/gavin/Discordbot/.venv/lib/python3.12/site-packages/aiohttp/client.py", line 779, in _request
    resp = await handler(req)
           ^^^^^^^^^^^^^^^^^^
  File "/home/gavin/Discordbot/.venv/lib/python3.12/site-packages/aiohttp/client.py", line 734, in _connect_and_send_request
    conn = await self._connector.connect(
           ^^^^^^^^^^^^^^^^^^^^^^^^^^^^^^
  File "/home/gavin/Discordbot/.venv/lib/python3.12/site-packages/aiohttp/connector.py", line 672, in connect
    proto = await self._create_connection(req, traces, timeout)
            ^^^^^^^^^^^^^^^^^^^^^^^^^^^^^^^^^^^^^^^^^^^^^^^^^^^
  File "/home/gavin/Discordbot/.venv/lib/python3.12/site-packages/aiohttp/connector.py", line 1239, in _create_connection
    _, proto = await self._create_direct_connection(req, traces, timeout)
               ^^^^^^^^^^^^^^^^^^^^^^^^^^^^^^^^^^^^^^^^^^^^^^^^^^^^^^^^^^
  File "/home/gavin/Discordbot/.venv/lib/python3.12/site-packages/aiohttp/connector.py", line 1568, in _create_direct_connection
    raise ClientConnectorDNSError(req.connection_key, exc) from exc
aiohttp.client_exceptions.ClientConnectorDNSError: Cannot connect to host gateway-us-east1-b.discord.gg:443 ssl:default [Name or service not known]
2026-04-03 10:48:11,476 | ERROR    | discord.client | Attempting a reconnect in 4.92s
Traceback (most recent call last):
  File "/home/gavin/Discordbot/.venv/lib/python3.12/site-packages/aiohttp/connector.py", line 1562, in _create_direct_connection
    hosts = await self._resolve_host(host, port, traces=traces)
            ^^^^^^^^^^^^^^^^^^^^^^^^^^^^^^^^^^^^^^^^^^^^^^^^^^^
  File "/home/gavin/Discordbot/.venv/lib/python3.12/site-packages/aiohttp/connector.py", line 1178, in _resolve_host
    return await asyncio.shield(resolved_host_task)
           ^^^^^^^^^^^^^^^^^^^^^^^^^^^^^^^^^^^^^^^^
  File "/home/gavin/Discordbot/.venv/lib/python3.12/site-packages/aiohttp/connector.py", line 1209, in _resolve_host_with_throttle
    addrs = await self._resolver.resolve(host, port, family=self._family)
            ^^^^^^^^^^^^^^^^^^^^^^^^^^^^^^^^^^^^^^^^^^^^^^^^^^^^^^^^^^^^^
  File "/home/gavin/Discordbot/.venv/lib/python3.12/site-packages/aiohttp/resolver.py", line 40, in resolve
    infos = await self._loop.getaddrinfo(
            ^^^^^^^^^^^^^^^^^^^^^^^^^^^^^
  File "/usr/lib/python3.12/asyncio/base_events.py", line 901, in getaddrinfo
    return await self.run_in_executor(
           ^^^^^^^^^^^^^^^^^^^^^^^^^^^
  File "/usr/lib/python3.12/concurrent/futures/thread.py", line 58, in run
    result = self.fn(*self.args, **self.kwargs)
             ^^^^^^^^^^^^^^^^^^^^^^^^^^^^^^^^^^
  File "/usr/lib/python3.12/socket.py", line 963, in getaddrinfo
    for res in _socket.getaddrinfo(host, port, family, type, proto, flags):
               ^^^^^^^^^^^^^^^^^^^^^^^^^^^^^^^^^^^^^^^^^^^^^^^^^^^^^^^^^^^
socket.gaierror: [Errno -2] Name or service not known

The above exception was the direct cause of the following exception:

Traceback (most recent call last):
  File "/home/gavin/Discordbot/.venv/lib/python3.12/site-packages/discord/client.py", line 728, in connect
    self.ws = await asyncio.wait_for(coro, timeout=60.0)
              ^^^^^^^^^^^^^^^^^^^^^^^^^^^^^^^^^^^^^^^^^^
  File "/usr/lib/python3.12/asyncio/tasks.py", line 520, in wait_for
    return await fut
           ^^^^^^^^^
  File "/home/gavin/Discordbot/.venv/lib/python3.12/site-packages/discord/gateway.py", line 392, in from_client
    socket = await client.http.ws_connect(str(url))
             ^^^^^^^^^^^^^^^^^^^^^^^^^^^^^^^^^^^^^^
  File "/home/gavin/Discordbot/.venv/lib/python3.12/site-packages/discord/http.py", line 571, in ws_connect
    return await self.__session.ws_connect(url, **kwargs)
           ^^^^^^^^^^^^^^^^^^^^^^^^^^^^^^^^^^^^^^^^^^^^^^
  File "/home/gavin/Discordbot/.venv/lib/python3.12/site-packages/aiohttp/client.py", line 1076, in _ws_connect
    resp = await self.request(
           ^^^^^^^^^^^^^^^^^^^
  File "/home/gavin/Discordbot/.venv/lib/python3.12/site-packages/aiohttp/client.py", line 779, in _request
    resp = await handler(req)
           ^^^^^^^^^^^^^^^^^^
  File "/home/gavin/Discordbot/.venv/lib/python3.12/site-packages/aiohttp/client.py", line 734, in _connect_and_send_request
    conn = await self._connector.connect(
           ^^^^^^^^^^^^^^^^^^^^^^^^^^^^^^
  File "/home/gavin/Discordbot/.venv/lib/python3.12/site-packages/aiohttp/connector.py", line 672, in connect
    proto = await self._create_connection(req, traces, timeout)
            ^^^^^^^^^^^^^^^^^^^^^^^^^^^^^^^^^^^^^^^^^^^^^^^^^^^
  File "/home/gavin/Discordbot/.venv/lib/python3.12/site-packages/aiohttp/connector.py", line 1239, in _create_connection
    _, proto = await self._create_direct_connection(req, traces, timeout)
               ^^^^^^^^^^^^^^^^^^^^^^^^^^^^^^^^^^^^^^^^^^^^^^^^^^^^^^^^^^
  File "/home/gavin/Discordbot/.venv/lib/python3.12/site-packages/aiohttp/connector.py", line 1568, in _create_direct_connection
    raise ClientConnectorDNSError(req.connection_key, exc) from exc
aiohttp.client_exceptions.ClientConnectorDNSError: Cannot connect to host gateway-us-east1-b.discord.gg:443 ssl:default [Name or service not known]
2026-04-03 10:48:16,692 | INFO     | discord.gateway | Shard ID None has successfully RESUMED session c28de1bc31aac819fa61aa297d3f4f3b.
2026-04-03 11:31:24,085 | INFO     | discord.gateway | Shard ID None session has been invalidated.
2026-04-03 11:31:29,530 | INFO     | discord.gateway | Shard ID None has connected to Gateway (Session ID: 2511330c1d5d62f880f85f35933a639f).
2026-04-03 11:59:54,797 | INFO     | discord.gateway | Shard ID None session has been invalidated.
2026-04-03 12:00:00,292 | INFO     | discord.gateway | Shard ID None has connected to Gateway (Session ID: cc1b0532cd079dd51858865e7be41dfa).
2026-04-03 15:16:14,622 | INFO     | discord.gateway | Shard ID None has successfully RESUMED session cc1b0532cd079dd51858865e7be41dfa.
2026-04-03 16:04:49,347 | INFO     | discord.gateway | Shard ID None session has been invalidated.
2026-04-03 16:04:55,031 | INFO     | discord.gateway | Shard ID None has connected to Gateway (Session ID: d476468ed3ff12befdaa08d5e73f172c).
2026-04-03 17:10:26,443 | INFO     | discord.gateway | Shard ID None session has been invalidated.
2026-04-03 17:10:31,842 | INFO     | discord.gateway | Shard ID None has connected to Gateway (Session ID: 2374e3ca039049b423085eaf51653064).
2026-04-03 17:23:16,307 | INFO     | discord.gateway | Shard ID None session has been invalidated.
2026-04-03 17:23:21,995 | INFO     | discord.gateway | Shard ID None has connected to Gateway (Session ID: 78612c13c2b0ec82499c42f8e849f507).
2026-04-03 17:23:37,296 | WARNING  | discord.client | PyNaCl is not installed, voice will NOT be supported
2026-04-03 17:23:37,296 | WARNING  | discord.client | davey is not installed, voice will NOT be supported
2026-04-03 17:23:37,522 | INFO     | discord.client | logging in using static token
2026-04-03 17:23:39,300 | INFO     | discord.gateway | Shard ID None has connected to Gateway (Session ID: 754b337963ac3abf9dbb7dffa359a35b).
2026-04-03 17:24:38,957 | ERROR    | discord.client | Attempting a reconnect in 1.86s
Traceback (most recent call last):
  File "/home/gavin/Discordbot/.venv/lib/python3.12/site-packages/discord/client.py", line 731, in connect
    await self.ws.poll_event()
  File "/home/gavin/Discordbot/.venv/lib/python3.12/site-packages/discord/gateway.py", line 644, in poll_event
    await self.received_message(msg.data)
  File "/home/gavin/Discordbot/.venv/lib/python3.12/site-packages/discord/gateway.py", line 549, in received_message
    await self.send_as_json(beat)
  File "/home/gavin/Discordbot/.venv/lib/python3.12/site-packages/discord/gateway.py", line 681, in send_as_json
    await self.send(utils._to_json(data))
  File "/home/gavin/Discordbot/.venv/lib/python3.12/site-packages/discord/gateway.py", line 677, in send
    await self.socket.send_str(data)
  File "/home/gavin/Discordbot/.venv/lib/python3.12/site-packages/aiohttp/client_ws.py", line 245, in send_str
    await self._writer.send_frame(
  File "/home/gavin/Discordbot/.venv/lib/python3.12/site-packages/aiohttp/_websocket/writer.py", line 83, in send_frame
    self._write_websocket_frame(message, opcode, 0)
  File "/home/gavin/Discordbot/.venv/lib/python3.12/site-packages/aiohttp/_websocket/writer.py", line 151, in _write_websocket_frame
    raise ClientConnectionResetError("Cannot write to closing transport")
aiohttp.client_exceptions.ClientConnectionResetError: Cannot write to closing transport
2026-04-03 17:24:41,034 | INFO     | discord.gateway | Shard ID None has successfully RESUMED session 754b337963ac3abf9dbb7dffa359a35b.
2026-04-03 17:25:38,343 | WARNING  | discord.client | PyNaCl is not installed, voice will NOT be supported
2026-04-03 17:25:38,345 | WARNING  | discord.client | davey is not installed, voice will NOT be supported
2026-04-03 17:25:38,499 | INFO     | discord.client | logging in using static token
2026-04-03 17:25:39,669 | INFO     | discord.gateway | Shard ID None has connected to Gateway (Session ID: 00642f6ae5aead7898015f932ab7e11a).
2026-04-03 18:27:37,177 | INFO     | discord.gateway | Shard ID None session has been invalidated.
2026-04-03 18:27:43,025 | INFO     | discord.gateway | Shard ID None has connected to Gateway (Session ID: b47bfe68a16839749da15e86ea38077a).
2026-04-03 20:09:43,521 | WARNING  | discord.client | PyNaCl is not installed, voice will NOT be supported
2026-04-03 20:09:43,521 | WARNING  | discord.client | davey is not installed, voice will NOT be supported
2026-04-03 20:09:43,667 | INFO     | discord.client | logging in using static token
2026-04-03 20:09:44,693 | INFO     | discord.gateway | Shard ID None has connected to Gateway (Session ID: 91628dcc6a23c1a77c493306187e2254).
2026-04-03 21:02:58,923 | INFO     | discord.gateway | Shard ID None session has been invalidated.
2026-04-03 21:03:04,410 | INFO     | discord.gateway | Shard ID None has connected to Gateway (Session ID: 3100ee38e471adc18aacd63d6143756c).
2026-04-03 21:07:57,024 | INFO     | discord.gateway | Shard ID None has successfully RESUMED session 3100ee38e471adc18aacd63d6143756c.
2026-04-03 21:23:08,900 | INFO     | discord.gateway | Shard ID None session has been invalidated.
2026-04-03 21:23:15,951 | INFO     | discord.gateway | Shard ID None has connected to Gateway (Session ID: d6d67a85162f3650e9654b016b48727e).
2026-04-03 21:28:21,637 | INFO     | discord.gateway | Shard ID None has successfully RESUMED session d6d67a85162f3650e9654b016b48727e.
2026-04-03 21:37:32,479 | INFO     | discord.gateway | Shard ID None has successfully RESUMED session d6d67a85162f3650e9654b016b48727e.
2026-04-03 22:32:51,915 | INFO     | discord.gateway | Shard ID None session has been invalidated.
2026-04-03 22:32:57,425 | INFO     | discord.gateway | Shard ID None has connected to Gateway (Session ID: 04934729d17756f110e6a8155b0928e0).
2026-04-04 10:38:51,631 | INFO     | discord.gateway | Shard ID None session has been invalidated.
2026-04-04 10:38:57,439 | INFO     | discord.gateway | Shard ID None has connected to Gateway (Session ID: 0ecce45396e325e1b7bc2ed8b75587c1).
2026-04-04 10:51:52,772 | INFO     | discord.gateway | Shard ID None session has been invalidated.
2026-04-04 10:51:58,162 | INFO     | discord.gateway | Shard ID None has connected to Gateway (Session ID: 1a10950b141961c238ea175f5a081dae).
2026-04-04 11:04:22,598 | INFO     | discord.gateway | Shard ID None session has been invalidated.
2026-04-04 11:04:28,575 | INFO     | discord.gateway | Shard ID None has connected to Gateway (Session ID: a322a6606ab59a9865d9ebe2d0148852).
2026-04-04 11:15:04,933 | INFO     | discord.gateway | Shard ID None session has been invalidated.
2026-04-04 11:15:10,456 | INFO     | discord.gateway | Shard ID None has connected to Gateway (Session ID: 24f1984b38d82dfe17efb28f0fa0a1c6).
2026-04-04 11:25:39,739 | INFO     | discord.gateway | Shard ID None session has been invalidated.
2026-04-04 11:25:45,871 | INFO     | discord.gateway | Shard ID None has connected to Gateway (Session ID: dc7159b5c4f7eb1afc85c4dbefc94895).
2026-04-04 11:29:09,505 | INFO     | discord.gateway | Shard ID None has successfully RESUMED session dc7159b5c4f7eb1afc85c4dbefc94895.
2026-04-04 12:34:35,488 | INFO     | discord.gateway | Shard ID None session has been invalidated.
2026-04-04 12:34:43,158 | INFO     | discord.gateway | Shard ID None has connected to Gateway (Session ID: 04c4233c664b5b8bf93c2ffc2c443ae7).
2026-04-04 12:56:31,243 | INFO     | discord.gateway | Shard ID None session has been invalidated.
2026-04-04 12:56:36,730 | INFO     | discord.gateway | Shard ID None has connected to Gateway (Session ID: 560faf69a3e1ba3347e79fd4e735ab98).
2026-04-04 13:05:01,425 | INFO     | discord.gateway | Shard ID None has successfully RESUMED session 560faf69a3e1ba3347e79fd4e735ab98.
2026-04-04 13:19:12,761 | INFO     | discord.gateway | Shard ID None session has been invalidated.
2026-04-04 13:19:18,194 | INFO     | discord.gateway | Shard ID None has connected to Gateway (Session ID: f1f6268b3aa8d2c7efd84d7d280f6513).
2026-04-04 15:03:35,256 | INFO     | discord.gateway | Shard ID None has successfully RESUMED session f1f6268b3aa8d2c7efd84d7d280f6513.
2026-04-04 18:55:20,960 | INFO     | discord.gateway | Shard ID None has successfully RESUMED session f1f6268b3aa8d2c7efd84d7d280f6513.
2026-04-04 19:43:51,116 | INFO     | discord.gateway | Shard ID None has successfully RESUMED session f1f6268b3aa8d2c7efd84d7d280f6513.
2026-04-04 22:28:11,414 | INFO     | discord.gateway | Shard ID None session has been invalidated.
2026-04-04 22:28:16,909 | INFO     | discord.gateway | Shard ID None has connected to Gateway (Session ID: 29c0e65c4a43c0632fb7fa62a5857c88).
2026-04-04 22:32:37,665 | INFO     | discord.gateway | Shard ID None session has been invalidated.
2026-04-04 22:32:43,119 | INFO     | discord.gateway | Shard ID None has connected to Gateway (Session ID: 788e46d9a811d2ab08c9cef71e8e0662).
2026-04-05 01:07:59,815 | INFO     | discord.gateway | Shard ID None session has been invalidated.
2026-04-10 16:42:54,227 | WARNING  | discord.client | PyNaCl is not installed, voice will NOT be supported
2026-04-10 16:42:54,227 | WARNING  | discord.client | davey is not installed, voice will NOT be supported
2026-04-10 16:42:54,522 | INFO     | discord.client | logging in using static token
2026-04-10 16:42:55,355 | INFO     | discord.gateway | Shard ID None has connected to Gateway (Session ID: 325f2bb47cb186e4d1d678b89736fdb4).
